# WaveFront *.obj file (generated by Autodesk ATF)

mtllib anchor.mtl

g 본체1

v -0.000000 -3.161543 0.000000
v 0.018575 -3.160533 0.000000
v 0.038169 -3.155295 0.000000
v 0.048667 -3.150056 0.000000
v 0.059801 -3.142517 0.000000
v 0.084490 -3.118885 0.000000
v 0.113255 -3.081087 0.000000
v 0.147115 -3.025810 0.000000
v 0.187089 -2.949742 0.000000
v 0.234196 -2.849569 0.000000
v 0.288961 -2.723618 0.000000
v 0.349937 -2.576772 0.000000
v 0.482758 -2.246473 0.000000
v 0.617131 -1.910841 0.000000
v 0.680047 -1.757328 0.000000
v 0.737527 -1.622043 0.000000
v 0.788191 -1.509668 0.000000
v 0.832894 -1.417514 0.000000
v 0.910071 -1.275760 0.000000
v 1.055119 -1.035676 0.000000
v 1.141803 -0.873162 0.000000
v 1.232661 -0.678123 0.000000
v 1.316109 -0.463937 0.000000
v 1.380566 -0.243982 0.000000
v 1.416888 -0.029904 0.000000
v 1.425694 0.173573 0.000000
v 1.410043 0.363453 0.000000
v 1.372994 0.536743 0.000000
v 1.317429 0.691331 0.000000
v 1.245521 0.828641 0.000000
v 1.159266 0.950982 0.000000
v 1.060660 1.060660 0.000000
v 0.951565 1.159466 0.000000
v 0.833302 1.247124 0.000000
v 0.707059 1.322840 0.000000
v 0.574025 1.385819 0.000000
v 0.435422 1.435355 0.000000
v 0.292617 1.471083 0.000000
v 0.147009 1.492724 0.000000
v 0.000000 1.500000 0.000000
v 0.024818 -3.159420 0.002439
v 0.024449 -3.159420 0.004857
v 0.023846 -3.159420 0.007229
v 0.023018 -3.159420 0.009534
v 0.021973 -3.159420 0.011750
v 0.020722 -3.159420 0.013854
v 0.019274 -3.159420 0.015824
v 0.017637 -3.159420 0.017637
v 0.014527 -3.159420 0.020261
v 0.011023 -3.159420 0.022345
v 0.007229 -3.159420 0.023846
v 0.003249 -3.159420 0.024722
v -0.000814 -3.159420 0.024929
v -0.004857 -3.159420 0.024449
v -0.008775 -3.159420 0.023318
v -0.012465 -3.159420 0.021579
v -0.015824 -3.159420 0.019274
v -0.018749 -3.159420 0.016447
v -0.021162 -3.159420 0.013167
v -0.023018 -3.159420 0.009534
v -0.024274 -3.159420 0.005653
v -0.024887 -3.159420 0.001628
v -0.024818 -3.159420 -0.002439
v -0.024073 -3.159420 -0.006445
v -0.022693 -3.159420 -0.010284
v -0.020722 -3.159420 -0.013854
v -0.018203 -3.159420 -0.017052
v -0.015184 -3.159420 -0.019778
v -0.011750 -3.159420 -0.021973
v -0.008006 -3.159420 -0.023595
v -0.004055 -3.159420 -0.024599
v -0.000000 -3.159420 -0.024943
v 0.002439 -3.159420 -0.024818
v 0.004857 -3.159420 -0.024449
v 0.007229 -3.159420 -0.023846
v 0.009534 -3.159420 -0.023018
v 0.011750 -3.159420 -0.021973
v 0.013854 -3.159420 -0.020722
v 0.015824 -3.159420 -0.019274
v 0.017637 -3.159420 -0.017637
v 0.019274 -3.159420 -0.015824
v 0.020722 -3.159420 -0.013854
v 0.021973 -3.159420 -0.011750
v 0.023018 -3.159420 -0.009534
v 0.023846 -3.159420 -0.007229
v 0.024449 -3.159420 -0.004857
v 0.024818 -3.159420 -0.002439
v 0.052039 -3.147819 0.005115
v 0.051266 -3.147819 0.010183
v 0.050001 -3.147819 0.015158
v 0.048264 -3.147819 0.019992
v 0.046075 -3.147819 0.024638
v 0.043451 -3.147819 0.029050
v 0.040414 -3.147819 0.033180
v 0.036983 -3.147819 0.036983
v 0.030460 -3.147819 0.042484
v 0.023113 -3.147819 0.046854
v 0.015158 -3.147819 0.050001
v 0.006812 -3.147819 0.051837
v -0.001707 -3.147819 0.052272
v -0.010183 -3.147819 0.051266
v -0.018399 -3.147819 0.048895
v -0.026137 -3.147819 0.045247
v -0.033180 -3.147819 0.040414
v -0.039313 -3.147819 0.034487
v -0.044373 -3.147819 0.027608
v -0.048264 -3.147819 0.019992
v -0.050898 -3.147819 0.011854
v -0.052184 -3.147819 0.003413
v -0.052039 -3.147819 -0.005115
v -0.050476 -3.147819 -0.013513
v -0.047584 -3.147819 -0.021564
v -0.043451 -3.147819 -0.029050
v -0.038169 -3.147819 -0.035755
v -0.031838 -3.147819 -0.041471
v -0.024638 -3.147819 -0.046075
v -0.016787 -3.147819 -0.049474
v -0.008502 -3.147819 -0.051579
v -0.000000 -3.147819 -0.052301
v 0.005115 -3.147819 -0.052039
v 0.010183 -3.147819 -0.051266
v 0.015158 -3.147819 -0.050001
v 0.019992 -3.147819 -0.048264
v 0.024638 -3.147819 -0.046075
v 0.029050 -3.147819 -0.043451
v 0.033180 -3.147819 -0.040414
v 0.036983 -3.147819 -0.036983
v 0.040414 -3.147819 -0.033180
v 0.043451 -3.147819 -0.029050
v 0.046075 -3.147819 -0.024638
v 0.048264 -3.147819 -0.019992
v 0.050001 -3.147819 -0.015158
v 0.051266 -3.147819 -0.010183
v 0.052039 -3.147819 -0.005115
v 0.037978 -3.155295 -0.003733
v 0.037414 -3.155295 -0.007432
v 0.036491 -3.155295 -0.011062
v 0.035223 -3.155295 -0.014590
v 0.033625 -3.155295 -0.017981
v 0.031711 -3.155295 -0.021200
v 0.029494 -3.155295 -0.024215
v 0.026990 -3.155295 -0.026990
v 0.024215 -3.155295 -0.029494
v 0.021200 -3.155295 -0.031711
v 0.017981 -3.155295 -0.033625
v 0.014590 -3.155295 -0.035223
v 0.011062 -3.155295 -0.036491
v 0.007432 -3.155295 -0.037414
v 0.003733 -3.155295 -0.037978
v -0.000000 -3.155295 -0.038169
v -0.006205 -3.155295 -0.037642
v -0.012251 -3.155295 -0.036106
v -0.017981 -3.155295 -0.033625
v -0.023235 -3.155295 -0.030266
v -0.027856 -3.155295 -0.026093
v -0.031711 -3.155295 -0.021200
v -0.034726 -3.155295 -0.015737
v -0.036837 -3.155295 -0.009862
v -0.037978 -3.155295 -0.003733
v -0.038084 -3.155295 0.002491
v -0.037145 -3.155295 0.008651
v -0.035223 -3.155295 0.014590
v -0.032383 -3.155295 0.020148
v -0.028691 -3.155295 0.025168
v -0.024215 -3.155295 0.029494
v -0.019075 -3.155295 0.033021
v -0.013428 -3.155295 0.035683
v -0.007432 -3.155295 0.037414
v -0.001246 -3.155295 0.038148
v 0.004971 -3.155295 0.037831
v 0.011062 -3.155295 0.036491
v 0.016868 -3.155295 0.034194
v 0.022230 -3.155295 0.031005
v 0.026990 -3.155295 0.026990
v 0.029494 -3.155295 0.024215
v 0.031711 -3.155295 0.021200
v 0.033625 -3.155295 0.017981
v 0.035223 -3.155295 0.014590
v 0.036491 -3.155295 0.011062
v 0.037414 -3.155295 0.007432
v 0.037978 -3.155295 0.003733
v 0.071341 -3.132265 0.007012
v 0.070281 -3.132265 0.013961
v 0.068547 -3.132265 0.020780
v 0.066166 -3.132265 0.027407
v 0.063164 -3.132265 0.033776
v 0.059568 -3.132265 0.039825
v 0.055404 -3.132265 0.045487
v 0.050700 -3.132265 0.050700
v 0.041758 -3.132265 0.058242
v 0.031686 -3.132265 0.064232
v 0.020780 -3.132265 0.068547
v 0.009339 -3.132265 0.071064
v -0.002341 -3.132265 0.071660
v -0.013961 -3.132265 0.070281
v -0.025223 -3.132265 0.067030
v -0.035831 -3.132265 0.062030
v -0.045487 -3.132265 0.055404
v -0.053895 -3.132265 0.047278
v -0.060831 -3.132265 0.037848
v -0.066166 -3.132265 0.027407
v -0.069777 -3.132265 0.016251
v -0.071540 -3.132265 0.004679
v -0.071341 -3.132265 -0.007012
v -0.069198 -3.132265 -0.018525
v -0.065233 -3.132265 -0.029562
v -0.059568 -3.132265 -0.039825
v -0.052326 -3.132265 -0.049016
v -0.043646 -3.132265 -0.056853
v -0.033776 -3.132265 -0.063164
v -0.023014 -3.132265 -0.067824
v -0.011656 -3.132265 -0.070710
v 0.000000 -3.132265 -0.071700
v 0.007012 -3.132265 -0.071341
v 0.013961 -3.132265 -0.070281
v 0.020780 -3.132265 -0.068547
v 0.027407 -3.132265 -0.066166
v 0.033776 -3.132265 -0.063164
v 0.039825 -3.132265 -0.059568
v 0.045487 -3.132265 -0.055404
v 0.050700 -3.132265 -0.050700
v 0.055404 -3.132265 -0.045487
v 0.059568 -3.132265 -0.039825
v 0.063164 -3.132265 -0.033776
v 0.066166 -3.132265 -0.027407
v 0.068547 -3.132265 -0.020780
v 0.070281 -3.132265 -0.013961
v 0.071341 -3.132265 -0.007012
v 0.093107 -3.108023 0.009152
v 0.091723 -3.108023 0.018220
v 0.089461 -3.108023 0.027120
v 0.086353 -3.108023 0.035769
v 0.082435 -3.108023 0.044081
v 0.077742 -3.108023 0.051975
v 0.072308 -3.108023 0.059365
v 0.066168 -3.108023 0.066168
v 0.054498 -3.108023 0.076011
v 0.041353 -3.108023 0.083829
v 0.027120 -3.108023 0.089461
v 0.012188 -3.108023 0.092746
v -0.003055 -3.108023 0.093523
v -0.018220 -3.108023 0.091723
v -0.032919 -3.108023 0.087481
v -0.046763 -3.108023 0.080955
v -0.059365 -3.108023 0.072308
v -0.070338 -3.108023 0.061702
v -0.079390 -3.108023 0.049396
v -0.086353 -3.108023 0.035769
v -0.091065 -3.108023 0.021209
v -0.093366 -3.108023 0.006106
v -0.093107 -3.108023 -0.009152
v -0.090311 -3.108023 -0.024177
v -0.085135 -3.108023 -0.038581
v -0.077742 -3.108023 -0.051975
v -0.068291 -3.108023 -0.063971
v -0.056963 -3.108023 -0.074199
v -0.044081 -3.108023 -0.082435
v -0.030035 -3.108023 -0.088517
v -0.015212 -3.108023 -0.092284
v 0.000000 -3.108023 -0.093575
v 0.009152 -3.108023 -0.093107
v 0.018220 -3.108023 -0.091723
v 0.027120 -3.108023 -0.089461
v 0.035769 -3.108023 -0.086353
v 0.044081 -3.108023 -0.082435
v 0.051975 -3.108023 -0.077742
v 0.059365 -3.108023 -0.072308
v 0.066168 -3.108023 -0.066168
v 0.072308 -3.108023 -0.059365
v 0.077742 -3.108023 -0.051975
v 0.082435 -3.108023 -0.044081
v 0.086353 -3.108023 -0.035769
v 0.089461 -3.108023 -0.027120
v 0.091723 -3.108023 -0.018220
v 0.093107 -3.108023 -0.009152
v 0.117924 -3.073177 0.011591
v 0.116172 -3.073177 0.023076
v 0.113306 -3.073177 0.034349
v 0.109370 -3.073177 0.045302
v 0.104407 -3.073177 0.055831
v 0.098463 -3.073177 0.065828
v 0.091581 -3.073177 0.075188
v 0.083804 -3.073177 0.083804
v 0.069024 -3.073177 0.096271
v 0.052375 -3.073177 0.106173
v 0.034349 -3.073177 0.113306
v 0.015437 -3.073177 0.117466
v -0.003869 -3.073177 0.118451
v -0.023076 -3.073177 0.116172
v -0.041693 -3.073177 0.110798
v -0.059228 -3.073177 0.102533
v -0.075188 -3.073177 0.091581
v -0.089086 -3.073177 0.078148
v -0.100551 -3.073177 0.062562
v -0.109370 -3.073177 0.045302
v -0.115338 -3.073177 0.026863
v -0.118252 -3.073177 0.007734
v -0.117924 -3.073177 -0.011591
v -0.114382 -3.073177 -0.030621
v -0.107827 -3.073177 -0.048864
v -0.098463 -3.073177 -0.065828
v -0.086493 -3.073177 -0.081022
v -0.072146 -3.073177 -0.093976
v -0.055831 -3.073177 -0.104407
v -0.038041 -3.073177 -0.112110
v -0.019266 -3.073177 -0.116882
v 0.000000 -3.073177 -0.118517
v 0.011591 -3.073177 -0.117924
v 0.023076 -3.073177 -0.116172
v 0.034349 -3.073177 -0.113306
v 0.045302 -3.073177 -0.109370
v 0.055831 -3.073177 -0.104407
v 0.065828 -3.073177 -0.098463
v 0.075188 -3.073177 -0.091581
v 0.083804 -3.073177 -0.083804
v 0.091581 -3.073177 -0.075188
v 0.098463 -3.073177 -0.065828
v 0.104407 -3.073177 -0.055831
v 0.109370 -3.073177 -0.045302
v 0.113306 -3.073177 -0.034349
v 0.116172 -3.073177 -0.023076
v 0.117924 -3.073177 -0.011591
v 0.179057 -2.964004 0.017600
v 0.176397 -2.964004 0.035039
v 0.172046 -2.964004 0.052156
v 0.166069 -2.964004 0.068788
v 0.158534 -2.964004 0.084775
v 0.149508 -2.964004 0.099955
v 0.139058 -2.964004 0.114167
v 0.127250 -2.964004 0.127250
v 0.104808 -2.964004 0.146180
v 0.079528 -2.964004 0.161215
v 0.052156 -2.964004 0.172046
v 0.023439 -2.964004 0.178363
v -0.005875 -2.964004 0.179858
v -0.035039 -2.964004 0.176397
v -0.063308 -2.964004 0.168238
v -0.089933 -2.964004 0.155688
v -0.114167 -2.964004 0.139058
v -0.135270 -2.964004 0.118662
v -0.152678 -2.964004 0.094995
v -0.166069 -2.964004 0.068788
v -0.175131 -2.964004 0.040789
v -0.179557 -2.964004 0.011744
v -0.179057 -2.964004 -0.017600
v -0.173680 -2.964004 -0.046496
v -0.163727 -2.964004 -0.074197
v -0.149508 -2.964004 -0.099955
v -0.131333 -2.964004 -0.123025
v -0.109547 -2.964004 -0.142696
v -0.084775 -2.964004 -0.158534
v -0.057762 -2.964004 -0.170231
v -0.029254 -2.964004 -0.177475
v 0.000000 -2.964004 -0.179959
v 0.017600 -2.964004 -0.179057
v 0.035039 -2.964004 -0.176397
v 0.052156 -2.964004 -0.172046
v 0.068788 -2.964004 -0.166069
v 0.084775 -2.964004 -0.158534
v 0.099955 -2.964004 -0.149508
v 0.114167 -2.964004 -0.139058
v 0.127250 -2.964004 -0.127250
v 0.139058 -2.964004 -0.114167
v 0.149508 -2.964004 -0.099955
v 0.158534 -2.964004 -0.084775
v 0.166069 -2.964004 -0.068788
v 0.172046 -2.964004 -0.052156
v 0.176397 -2.964004 -0.035039
v 0.179057 -2.964004 -0.017600
v 0.146378 -3.025810 -0.014388
v 0.144204 -3.025810 -0.028644
v 0.140646 -3.025810 -0.042637
v 0.135760 -3.025810 -0.056234
v 0.129601 -3.025810 -0.069303
v 0.122222 -3.025810 -0.081713
v 0.113679 -3.025810 -0.093331
v 0.104026 -3.025810 -0.104026
v 0.093331 -3.025810 -0.113679
v 0.081713 -3.025810 -0.122222
v 0.069303 -3.025810 -0.129601
v 0.056234 -3.025810 -0.135760
v 0.042637 -3.025810 -0.140646
v 0.028644 -3.025810 -0.144204
v 0.014388 -3.025810 -0.146378
v 0.000000 -3.025810 -0.147115
v -0.023915 -3.025810 -0.145085
v -0.047220 -3.025810 -0.139162
v -0.069303 -3.025810 -0.129601
v -0.089554 -3.025810 -0.116653
v -0.107364 -3.025810 -0.100572
v -0.122222 -3.025810 -0.081713
v -0.133846 -3.025810 -0.060655
v -0.141982 -3.025810 -0.038010
v -0.146378 -3.025810 -0.014388
v -0.146786 -3.025810 0.009600
v -0.143169 -3.025810 0.033344
v -0.135760 -3.025810 0.056234
v -0.124814 -3.025810 0.077658
v -0.110582 -3.025810 0.097005
v -0.093331 -3.025810 0.113679
v -0.073519 -3.025810 0.127274
v -0.051754 -3.025810 0.137533
v -0.028644 -3.025810 0.144204
v -0.004803 -3.025810 0.147033
v 0.019161 -3.025810 0.145810
v 0.042637 -3.025810 0.140646
v 0.065013 -3.025810 0.131792
v 0.085680 -3.025810 0.119501
v 0.104026 -3.025810 0.104026
v 0.113679 -3.025810 0.093331
v 0.122222 -3.025810 0.081713
v 0.129601 -3.025810 0.069303
v 0.135760 -3.025810 0.056234
v 0.140646 -3.025810 0.042637
v 0.144204 -3.025810 0.028644
v 0.146378 -3.025810 0.014388
v 0.216548 -2.885843 0.021285
v 0.213331 -2.885843 0.042376
v 0.208068 -2.885843 0.063076
v 0.200840 -2.885843 0.083191
v 0.191728 -2.885843 0.102525
v 0.180812 -2.885843 0.120883
v 0.168173 -2.885843 0.138071
v 0.153893 -2.885843 0.153893
v 0.126752 -2.885843 0.176786
v 0.096179 -2.885843 0.194969
v 0.063076 -2.885843 0.208068
v 0.028347 -2.885843 0.215708
v -0.007105 -2.885843 0.217516
v -0.042376 -2.885843 0.213331
v -0.076563 -2.885843 0.203462
v -0.108762 -2.885843 0.188285
v -0.138071 -2.885843 0.168173
v -0.163592 -2.885843 0.143507
v -0.184646 -2.885843 0.114884
v -0.200840 -2.885843 0.083191
v -0.211800 -2.885843 0.049329
v -0.217151 -2.885843 0.014202
v -0.216548 -2.885843 -0.021285
v -0.210044 -2.885843 -0.056231
v -0.198008 -2.885843 -0.089732
v -0.180812 -2.885843 -0.120883
v -0.158831 -2.885843 -0.148783
v -0.132484 -2.885843 -0.172573
v -0.102525 -2.885843 -0.191728
v -0.069855 -2.885843 -0.205873
v -0.035379 -2.885843 -0.214634
v 0.000000 -2.885843 -0.217638
v 0.021285 -2.885843 -0.216548
v 0.042376 -2.885843 -0.213331
v 0.063076 -2.885843 -0.208068
v 0.083191 -2.885843 -0.200840
v 0.102525 -2.885843 -0.191728
v 0.120883 -2.885843 -0.180812
v 0.138071 -2.885843 -0.168173
v 0.153893 -2.885843 -0.153893
v 0.168173 -2.885843 -0.138071
v 0.180812 -2.885843 -0.120883
v 0.191728 -2.885843 -0.102525
v 0.200840 -2.885843 -0.083191
v 0.208068 -2.885843 -0.063076
v 0.213331 -2.885843 -0.042376
v 0.216548 -2.885843 -0.021285
v 0.259375 -2.789613 0.025495
v 0.255521 -2.789613 0.050756
v 0.249218 -2.789613 0.075550
v 0.240560 -2.789613 0.099643
v 0.229646 -2.789613 0.122801
v 0.216571 -2.789613 0.144791
v 0.201433 -2.789613 0.165378
v 0.184329 -2.789613 0.184329
v 0.151820 -2.789613 0.211750
v 0.115200 -2.789613 0.233529
v 0.075550 -2.789613 0.249218
v 0.033953 -2.789613 0.258369
v -0.008510 -2.789613 0.260534
v -0.050756 -2.789613 0.255521
v -0.091705 -2.789613 0.243702
v -0.130272 -2.789613 0.225523
v -0.165378 -2.789613 0.201433
v -0.195946 -2.789613 0.171888
v -0.221163 -2.789613 0.137605
v -0.240560 -2.789613 0.099643
v -0.253688 -2.789613 0.059085
v -0.260098 -2.789613 0.017011
v -0.259375 -2.789613 -0.025495
v -0.251585 -2.789613 -0.067352
v -0.237168 -2.789613 -0.107478
v -0.216571 -2.789613 -0.144791
v -0.190243 -2.789613 -0.178208
v -0.158686 -2.789613 -0.206703
v -0.122801 -2.789613 -0.229646
v -0.083671 -2.789613 -0.246589
v -0.042376 -2.789613 -0.257083
v 0.000000 -2.789613 -0.260681
v 0.025495 -2.789613 -0.259375
v 0.050756 -2.789613 -0.255521
v 0.075550 -2.789613 -0.249218
v 0.099643 -2.789613 -0.240560
v 0.122801 -2.789613 -0.229646
v 0.144791 -2.789613 -0.216571
v 0.165378 -2.789613 -0.201433
v 0.184329 -2.789613 -0.184329
v 0.201433 -2.789613 -0.165378
v 0.216571 -2.789613 -0.144791
v 0.229646 -2.789613 -0.122801
v 0.240560 -2.789613 -0.099643
v 0.249218 -2.789613 -0.075550
v 0.255521 -2.789613 -0.050756
v 0.259375 -2.789613 -0.025495
v 0.307146 -2.676669 0.030191
v 0.302583 -2.676669 0.060105
v 0.295118 -2.676669 0.089465
v 0.284866 -2.676669 0.117995
v 0.271941 -2.676669 0.145418
v 0.256459 -2.676669 0.171458
v 0.238533 -2.676669 0.195837
v 0.218278 -2.676669 0.218278
v 0.179782 -2.676669 0.250749
v 0.136418 -2.676669 0.276539
v 0.089465 -2.676669 0.295118
v 0.040206 -2.676669 0.305954
v -0.010077 -2.676669 0.308519
v -0.060105 -2.676669 0.302583
v -0.108595 -2.676669 0.288586
v -0.154266 -2.676669 0.267059
v -0.195837 -2.676669 0.238533
v -0.232034 -2.676669 0.203546
v -0.261897 -2.676669 0.162949
v -0.284866 -2.676669 0.117995
v -0.300411 -2.676669 0.069967
v -0.308002 -2.676669 0.020144
v -0.307146 -2.676669 -0.030191
v -0.297922 -2.676669 -0.079757
v -0.280849 -2.676669 -0.127273
v -0.256459 -2.676669 -0.171458
v -0.225281 -2.676669 -0.211030
v -0.187912 -2.676669 -0.244773
v -0.145418 -2.676669 -0.271941
v -0.099081 -2.676669 -0.292005
v -0.050181 -2.676669 -0.304432
v 0.000000 -2.676669 -0.308692
v 0.030191 -2.676669 -0.307146
v 0.060105 -2.676669 -0.302583
v 0.089465 -2.676669 -0.295118
v 0.117995 -2.676669 -0.284866
v 0.145418 -2.676669 -0.271941
v 0.171458 -2.676669 -0.256459
v 0.195837 -2.676669 -0.238533
v 0.218278 -2.676669 -0.218278
v 0.238533 -2.676669 -0.195837
v 0.256459 -2.676669 -0.171458
v 0.271941 -2.676669 -0.145418
v 0.284866 -2.676669 -0.117995
v 0.295118 -2.676669 -0.089465
v 0.302583 -2.676669 -0.060105
v 0.307146 -2.676669 -0.030191
v 0.413103 -2.415550 0.040606
v 0.406966 -2.415550 0.080839
v 0.396926 -2.415550 0.120328
v 0.383138 -2.415550 0.158701
v 0.365754 -2.415550 0.195584
v 0.344931 -2.415550 0.230607
v 0.320821 -2.415550 0.263396
v 0.293579 -2.415550 0.293579
v 0.241803 -2.415550 0.337251
v 0.183478 -2.415550 0.371939
v 0.120328 -2.415550 0.396926
v 0.054077 -2.415550 0.411501
v -0.013554 -2.415550 0.414950
v -0.080839 -2.415550 0.406966
v -0.146057 -2.415550 0.388141
v -0.207484 -2.415550 0.359188
v -0.263396 -2.415550 0.320821
v -0.312080 -2.415550 0.273765
v -0.352245 -2.415550 0.219162
v -0.383138 -2.415550 0.158701
v -0.404046 -2.415550 0.094103
v -0.414255 -2.415550 0.027093
v -0.413103 -2.415550 -0.040606
v -0.400697 -2.415550 -0.107271
v -0.377735 -2.415550 -0.171179
v -0.344931 -2.415550 -0.230607
v -0.302998 -2.415550 -0.283830
v -0.252737 -2.415550 -0.329213
v -0.195584 -2.415550 -0.365754
v -0.133262 -2.415550 -0.392739
v -0.067492 -2.415550 -0.409453
v 0.000000 -2.415550 -0.415183
v 0.040606 -2.415550 -0.413103
v 0.080839 -2.415550 -0.406966
v 0.120328 -2.415550 -0.396926
v 0.158701 -2.415550 -0.383138
v 0.195584 -2.415550 -0.365754
v 0.230607 -2.415550 -0.344931
v 0.263396 -2.415550 -0.320821
v 0.293579 -2.415550 -0.293579
v 0.320821 -2.415550 -0.263396
v 0.344931 -2.415550 -0.230607
v 0.365754 -2.415550 -0.195584
v 0.383138 -2.415550 -0.158701
v 0.396926 -2.415550 -0.120328
v 0.406966 -2.415550 -0.080839
v 0.413103 -2.415550 -0.040606
v 0.525498 -2.132612 0.051654
v 0.517691 -2.132612 0.102834
v 0.504919 -2.132612 0.153067
v 0.487379 -2.132612 0.201879
v 0.465266 -2.132612 0.248797
v 0.438777 -2.132612 0.293348
v 0.408108 -2.132612 0.335058
v 0.373454 -2.132612 0.373454
v 0.307591 -2.132612 0.429009
v 0.233398 -2.132612 0.473133
v 0.153067 -2.132612 0.504919
v 0.068790 -2.132612 0.523459
v -0.017241 -2.132612 0.527847
v -0.102834 -2.132612 0.517691
v -0.185795 -2.132612 0.493744
v -0.263934 -2.132612 0.456913
v -0.335058 -2.132612 0.408108
v -0.396989 -2.132612 0.348249
v -0.448081 -2.132612 0.278790
v -0.487379 -2.132612 0.201879
v -0.513976 -2.132612 0.119706
v -0.526963 -2.132612 0.034465
v -0.525498 -2.132612 -0.051654
v -0.509716 -2.132612 -0.136457
v -0.480506 -2.132612 -0.217752
v -0.438777 -2.132612 -0.293348
v -0.385436 -2.132612 -0.361053
v -0.321500 -2.132612 -0.418783
v -0.248797 -2.132612 -0.465266
v -0.169519 -2.132612 -0.499593
v -0.085855 -2.132612 -0.520854
v 0.000000 -2.132612 -0.528144
v 0.051654 -2.132612 -0.525498
v 0.102834 -2.132612 -0.517691
v 0.153067 -2.132612 -0.504919
v 0.201879 -2.132612 -0.487379
v 0.248797 -2.132612 -0.465266
v 0.293348 -2.132612 -0.438777
v 0.335058 -2.132612 -0.408108
v 0.373454 -2.132612 -0.373454
v 0.408108 -2.132612 -0.335058
v 0.438777 -2.132612 -0.293348
v 0.465266 -2.132612 -0.248797
v 0.487379 -2.132612 -0.201879
v 0.504919 -2.132612 -0.153067
v 0.517691 -2.132612 -0.102834
v 0.525498 -2.132612 -0.051654
v 0.635388 -1.858047 0.062455
v 0.625949 -1.858047 0.124338
v 0.610506 -1.858047 0.185075
v 0.589298 -1.858047 0.244095
v 0.562561 -1.858047 0.300825
v 0.530532 -1.858047 0.354692
v 0.493449 -1.858047 0.405125
v 0.451549 -1.858047 0.451549
v 0.371913 -1.858047 0.518721
v 0.282205 -1.858047 0.572073
v 0.185075 -1.858047 0.610506
v 0.083175 -1.858047 0.632923
v -0.020847 -1.858047 0.638229
v -0.124338 -1.858047 0.625949
v -0.224648 -1.858047 0.596993
v -0.319127 -1.858047 0.552461
v -0.405125 -1.858047 0.493449
v -0.480006 -1.858047 0.421073
v -0.541782 -1.858047 0.337090
v -0.589298 -1.858047 0.244095
v -0.621456 -1.858047 0.144739
v -0.637159 -1.858047 0.041672
v -0.635388 -1.858047 -0.062455
v -0.616306 -1.858047 -0.164992
v -0.580988 -1.858047 -0.263288
v -0.530532 -1.858047 -0.354692
v -0.466037 -1.858047 -0.436555
v -0.388731 -1.858047 -0.506357
v -0.300825 -1.858047 -0.562561
v -0.204968 -1.858047 -0.604066
v -0.103809 -1.858047 -0.629774
v 0.000000 -1.858047 -0.638587
v 0.062455 -1.858047 -0.635388
v 0.124338 -1.858047 -0.625949
v 0.185075 -1.858047 -0.610506
v 0.244095 -1.858047 -0.589298
v 0.300825 -1.858047 -0.562561
v 0.354692 -1.858047 -0.530532
v 0.405125 -1.858047 -0.493449
v 0.451549 -1.858047 -0.451549
v 0.493449 -1.858047 -0.405125
v 0.530532 -1.858047 -0.354692
v 0.562561 -1.858047 -0.300825
v 0.589298 -1.858047 -0.244095
v 0.610506 -1.858047 -0.185075
v 0.625949 -1.858047 -0.124338
v 0.635388 -1.858047 -0.062455
v 0.686600 -1.733338 0.067489
v 0.676400 -1.733338 0.134359
v 0.659713 -1.733338 0.199992
v 0.636795 -1.733338 0.263769
v 0.607903 -1.733338 0.325071
v 0.573293 -1.733338 0.383280
v 0.533221 -1.733338 0.437777
v 0.487944 -1.733338 0.487944
v 0.401889 -1.733338 0.560530
v 0.304950 -1.733338 0.618182
v 0.199992 -1.733338 0.659713
v 0.089878 -1.733338 0.683936
v -0.022527 -1.733338 0.689669
v -0.134359 -1.733338 0.676400
v -0.242755 -1.733338 0.645111
v -0.344849 -1.733338 0.596989
v -0.437777 -1.733338 0.533221
v -0.518694 -1.733338 0.455011
v -0.585449 -1.733338 0.364259
v -0.636795 -1.733338 0.263769
v -0.671545 -1.733338 0.156405
v -0.688514 -1.733338 0.045031
v -0.686600 -1.733338 -0.067489
v -0.665980 -1.733338 -0.178290
v -0.627816 -1.733338 -0.284509
v -0.573293 -1.733338 -0.383280
v -0.503599 -1.733338 -0.471741
v -0.420062 -1.733338 -0.547170
v -0.325071 -1.733338 -0.607903
v -0.221488 -1.733338 -0.652753
v -0.112176 -1.733338 -0.680533
v 0.000000 -1.733338 -0.690057
v 0.067489 -1.733338 -0.686600
v 0.134359 -1.733338 -0.676400
v 0.199992 -1.733338 -0.659713
v 0.263769 -1.733338 -0.636795
v 0.325071 -1.733338 -0.607903
v 0.383280 -1.733338 -0.573293
v 0.437777 -1.733338 -0.533221
v 0.487944 -1.733338 -0.487944
v 0.533221 -1.733338 -0.437777
v 0.573293 -1.733338 -0.383280
v 0.607903 -1.733338 -0.325071
v 0.636795 -1.733338 -0.263769
v 0.659713 -1.733338 -0.199992
v 0.676400 -1.733338 -0.134359
v 0.686600 -1.733338 -0.067489
v 0.784243 -1.509668 0.077087
v 0.772592 -1.509668 0.153467
v 0.753532 -1.509668 0.228434
v 0.727355 -1.509668 0.301280
v 0.694355 -1.509668 0.371301
v 0.654823 -1.509668 0.437788
v 0.609052 -1.509668 0.500035
v 0.557336 -1.509668 0.557336
v 0.459043 -1.509668 0.640244
v 0.348318 -1.509668 0.706095
v 0.228434 -1.509668 0.753532
v 0.102660 -1.509668 0.781201
v -0.025730 -1.509668 0.787749
v -0.153467 -1.509668 0.772592
v -0.277277 -1.509668 0.736854
v -0.393891 -1.509668 0.681888
v -0.500035 -1.509668 0.609052
v -0.592459 -1.509668 0.519720
v -0.668708 -1.509668 0.416062
v -0.727355 -1.509668 0.301280
v -0.767048 -1.509668 0.178648
v -0.786429 -1.509668 0.051435
v -0.784243 -1.509668 -0.077087
v -0.760691 -1.509668 -0.203645
v -0.717099 -1.509668 -0.324969
v -0.654823 -1.509668 -0.437788
v -0.575217 -1.509668 -0.538829
v -0.479801 -1.509668 -0.624984
v -0.371301 -1.509668 -0.694355
v -0.252986 -1.509668 -0.745583
v -0.128129 -1.509668 -0.777313
v 0.000000 -1.509668 -0.788191
v 0.077087 -1.509668 -0.784243
v 0.153467 -1.509668 -0.772592
v 0.228434 -1.509668 -0.753532
v 0.301280 -1.509668 -0.727355
v 0.371301 -1.509668 -0.694355
v 0.437788 -1.509668 -0.654823
v 0.500035 -1.509668 -0.609052
v 0.557336 -1.509668 -0.557336
v 0.609052 -1.509668 -0.500035
v 0.654823 -1.509668 -0.437788
v 0.694355 -1.509668 -0.371301
v 0.727355 -1.509668 -0.301280
v 0.753532 -1.509668 -0.228434
v 0.772592 -1.509668 -0.153467
v 0.784243 -1.509668 -0.077087
v 0.733833 -1.622043 -0.072132
v 0.722931 -1.622043 -0.143602
v 0.705096 -1.622043 -0.213750
v 0.680602 -1.622043 -0.281915
v 0.649722 -1.622043 -0.347434
v 0.612731 -1.622043 -0.409647
v 0.569903 -1.622043 -0.467893
v 0.521511 -1.622043 -0.521511
v 0.467893 -1.622043 -0.569903
v 0.409647 -1.622043 -0.612731
v 0.347434 -1.622043 -0.649722
v 0.281915 -1.622043 -0.680602
v 0.213750 -1.622043 -0.705096
v 0.143602 -1.622043 -0.722931
v 0.072132 -1.622043 -0.733833
v 0.000000 -1.622043 -0.737527
v -0.119893 -1.622043 -0.727349
v -0.236725 -1.622043 -0.697658
v -0.347434 -1.622043 -0.649722
v -0.448960 -1.622043 -0.584811
v -0.538243 -1.622043 -0.504193
v -0.612731 -1.622043 -0.409647
v -0.671005 -1.622043 -0.304081
v -0.711794 -1.622043 -0.190555
v -0.733833 -1.622043 -0.072132
v -0.735879 -1.622043 0.048129
v -0.717743 -1.622043 0.167164
v -0.680602 -1.622043 0.281915
v -0.625724 -1.622043 0.389318
v -0.554377 -1.622043 0.486313
v -0.467893 -1.622043 0.569903
v -0.368572 -1.622043 0.638058
v -0.259454 -1.622043 0.689490
v -0.143602 -1.622043 0.722931
v -0.024077 -1.622043 0.737114
v 0.096061 -1.622043 0.730986
v 0.213750 -1.622043 0.705096
v 0.325929 -1.622043 0.660708
v 0.429536 -1.622043 0.599090
v 0.521511 -1.622043 0.521511
v 0.569903 -1.622043 0.467893
v 0.612731 -1.622043 0.409647
v 0.649722 -1.622043 0.347434
v 0.680602 -1.622043 0.281915
v 0.705096 -1.622043 0.213750
v 0.722931 -1.622043 0.143602
v 0.733833 -1.622043 0.072132
v 0.828721 -1.417514 0.081459
v 0.816410 -1.417514 0.162171
v 0.796269 -1.417514 0.241389
v 0.768607 -1.417514 0.318368
v 0.733735 -1.417514 0.392359
v 0.691961 -1.417514 0.462617
v 0.643594 -1.417514 0.528394
v 0.588945 -1.417514 0.588945
v 0.485077 -1.417514 0.676556
v 0.368073 -1.417514 0.746141
v 0.241389 -1.417514 0.796269
v 0.108483 -1.417514 0.825506
v -0.027190 -1.417514 0.832426
v -0.162171 -1.417514 0.816410
v -0.293003 -1.417514 0.778644
v -0.416230 -1.417514 0.720562
v -0.528394 -1.417514 0.643594
v -0.626061 -1.417514 0.549196
v -0.706633 -1.417514 0.439659
v -0.768607 -1.417514 0.318368
v -0.810551 -1.417514 0.188780
v -0.831032 -1.417514 0.054352
v -0.828721 -1.417514 -0.081459
v -0.803833 -1.417514 -0.215195
v -0.757769 -1.417514 -0.343400
v -0.691961 -1.417514 -0.462617
v -0.607840 -1.417514 -0.569388
v -0.507012 -1.417514 -0.660430
v -0.392359 -1.417514 -0.733735
v -0.267334 -1.417514 -0.787869
v -0.135396 -1.417514 -0.821399
v 0.000000 -1.417514 -0.832894
v 0.081459 -1.417514 -0.828721
v 0.162171 -1.417514 -0.816410
v 0.241389 -1.417514 -0.796269
v 0.318368 -1.417514 -0.768607
v 0.392359 -1.417514 -0.733735
v 0.462617 -1.417514 -0.691961
v 0.528394 -1.417514 -0.643594
v 0.588945 -1.417514 -0.588945
v 0.643594 -1.417514 -0.528394
v 0.691961 -1.417514 -0.462617
v 0.733735 -1.417514 -0.392359
v 0.768607 -1.417514 -0.318368
v 0.796269 -1.417514 -0.241389
v 0.816410 -1.417514 -0.162171
v 0.828721 -1.417514 -0.081459
v 0.905512 -1.275760 0.089007
v 0.892060 -1.275760 0.177198
v 0.870052 -1.275760 0.263757
v 0.839828 -1.275760 0.347868
v 0.801724 -1.275760 0.428716
v 0.756079 -1.275760 0.505484
v 0.703231 -1.275760 0.577356
v 0.643517 -1.275760 0.643517
v 0.530025 -1.275760 0.739247
v 0.402179 -1.275760 0.815280
v 0.263757 -1.275760 0.870052
v 0.118535 -1.275760 0.901999
v -0.029709 -1.275760 0.909560
v -0.177198 -1.275760 0.892060
v -0.320153 -1.275760 0.850795
v -0.454799 -1.275760 0.787330
v -0.577356 -1.275760 0.703231
v -0.684072 -1.275760 0.600085
v -0.772111 -1.275760 0.480398
v -0.839828 -1.275760 0.347868
v -0.885658 -1.275760 0.206272
v -0.908036 -1.275760 0.059388
v -0.905512 -1.275760 -0.089007
v -0.878318 -1.275760 -0.235135
v -0.827985 -1.275760 -0.375220
v -0.756079 -1.275760 -0.505484
v -0.664164 -1.275760 -0.622149
v -0.553993 -1.275760 -0.721626
v -0.428716 -1.275760 -0.801724
v -0.292106 -1.275760 -0.860874
v -0.147942 -1.275760 -0.897511
v 0.000000 -1.275760 -0.910071
v 0.089007 -1.275760 -0.905512
v 0.177198 -1.275760 -0.892060
v 0.263757 -1.275760 -0.870052
v 0.347868 -1.275760 -0.839828
v 0.428716 -1.275760 -0.801724
v 0.505484 -1.275760 -0.756079
v 0.577356 -1.275760 -0.703231
v 0.643517 -1.275760 -0.643517
v 0.703231 -1.275760 -0.577356
v 0.756079 -1.275760 -0.505484
v 0.801724 -1.275760 -0.428716
v 0.839828 -1.275760 -0.347868
v 0.870052 -1.275760 -0.263757
v 0.892060 -1.275760 -0.177198
v 0.905512 -1.275760 -0.089007
v 1.049833 -1.035676 0.103193
v 1.034237 -1.035676 0.205440
v 1.008722 -1.035676 0.305794
v 0.973680 -1.035676 0.403311
v 0.929503 -1.035676 0.497045
v 0.876583 -1.035676 0.586048
v 0.815312 -1.035676 0.669376
v 0.746082 -1.035676 0.746082
v 0.614501 -1.035676 0.857068
v 0.466279 -1.035676 0.945220
v 0.305794 -1.035676 1.008722
v 0.137427 -1.035676 1.045760
v -0.034444 -1.035676 1.054527
v -0.205440 -1.035676 1.034237
v -0.371179 -1.035676 0.986395
v -0.527285 -1.035676 0.912815
v -0.669376 -1.035676 0.815312
v -0.793100 -1.035676 0.695727
v -0.895171 -1.035676 0.556964
v -0.973680 -1.035676 0.403311
v -1.026814 -1.035676 0.239148
v -1.052760 -1.035676 0.068854
v -1.049833 -1.035676 -0.103193
v -1.018305 -1.035676 -0.272611
v -0.959950 -1.035676 -0.435023
v -0.876583 -1.035676 -0.586048
v -0.770019 -1.035676 -0.721307
v -0.642289 -1.035676 -0.836640
v -0.497045 -1.035676 -0.929503
v -0.338662 -1.035676 -0.998080
v -0.171521 -1.035676 -1.040557
v 0.000000 -1.035676 -1.055119
v 0.103193 -1.035676 -1.049833
v 0.205440 -1.035676 -1.034237
v 0.305794 -1.035676 -1.008722
v 0.403311 -1.035676 -0.973680
v 0.497045 -1.035676 -0.929503
v 0.586048 -1.035676 -0.876583
v 0.669376 -1.035676 -0.815312
v 0.746082 -1.035676 -0.746082
v 0.815312 -1.035676 -0.669376
v 0.876583 -1.035676 -0.586048
v 0.929503 -1.035676 -0.497045
v 0.973680 -1.035676 -0.403311
v 1.008722 -1.035676 -0.305794
v 1.034237 -1.035676 -0.205440
v 1.049833 -1.035676 -0.103193
v 1.136083 -0.873162 0.111671
v 1.119205 -0.873162 0.222318
v 1.091594 -0.873162 0.330917
v 1.053674 -0.873162 0.436446
v 1.005868 -0.873162 0.537880
v 0.948600 -0.873162 0.634195
v 0.882295 -0.873162 0.724369
v 0.807377 -0.873162 0.807377
v 0.664986 -0.873162 0.927482
v 0.504587 -0.873162 1.022875
v 0.330917 -0.873162 1.091594
v 0.148717 -0.873162 1.131676
v -0.037274 -0.873162 1.141162
v -0.222318 -0.873162 1.119205
v -0.401674 -0.873162 1.067433
v -0.570604 -0.873162 0.987809
v -0.724369 -0.873162 0.882295
v -0.858258 -0.873162 0.752885
v -0.968714 -0.873162 0.602722
v -1.053674 -0.873162 0.436446
v -1.111173 -0.873162 0.258796
v -1.139250 -0.873162 0.074510
v -1.136083 -0.873162 -0.111671
v -1.101964 -0.873162 -0.295008
v -1.038816 -0.873162 -0.470763
v -0.948600 -0.873162 -0.634195
v -0.833280 -0.873162 -0.780567
v -0.695057 -0.873162 -0.905375
v -0.537880 -0.873162 -1.005868
v -0.366485 -0.873162 -1.080079
v -0.185612 -0.873162 -1.126045
v 0.000000 -0.873162 -1.141803
v 0.111671 -0.873162 -1.136083
v 0.222318 -0.873162 -1.119205
v 0.330917 -0.873162 -1.091594
v 0.436446 -0.873162 -1.053674
v 0.537880 -0.873162 -1.005868
v 0.634195 -0.873162 -0.948600
v 0.724369 -0.873162 -0.882295
v 0.807377 -0.873162 -0.807377
v 0.882295 -0.873162 -0.724369
v 0.948600 -0.873162 -0.634195
v 1.005868 -0.873162 -0.537880
v 1.053674 -0.873162 -0.436446
v 1.091594 -0.873162 -0.330917
v 1.119205 -0.873162 -0.222318
v 1.136083 -0.873162 -0.111671
v 1.226486 -0.678123 0.120557
v 1.208265 -0.678123 0.240008
v 1.178457 -0.678123 0.357250
v 1.137519 -0.678123 0.471176
v 1.085908 -0.678123 0.580681
v 1.024084 -0.678123 0.684661
v 0.952503 -0.678123 0.782010
v 0.871623 -0.678123 0.871623
v 0.717902 -0.678123 1.001285
v 0.544739 -0.678123 1.104269
v 0.357250 -0.678123 1.178457
v 0.160551 -0.678123 1.221728
v -0.040240 -0.678123 1.231969
v -0.240008 -0.678123 1.208265
v -0.433637 -0.678123 1.152373
v -0.616009 -0.678123 1.066413
v -0.782010 -0.678123 0.952503
v -0.926553 -0.678123 0.812795
v -1.045799 -0.678123 0.650683
v -1.137519 -0.678123 0.471176
v -1.199594 -0.678123 0.279389
v -1.229905 -0.678123 0.080439
v -1.226486 -0.678123 -0.120557
v -1.189652 -0.678123 -0.318483
v -1.121478 -0.678123 -0.508223
v -1.024084 -0.678123 -0.684661
v -0.899588 -0.678123 -0.842680
v -0.750365 -0.678123 -0.977419
v -0.580681 -0.678123 -1.085908
v -0.395648 -0.678123 -1.166025
v -0.200382 -0.678123 -1.215649
v 0.000000 -0.678123 -1.232661
v 0.120557 -0.678123 -1.226486
v 0.240008 -0.678123 -1.208265
v 0.357250 -0.678123 -1.178457
v 0.471176 -0.678123 -1.137519
v 0.580681 -0.678123 -1.085908
v 0.684661 -0.678123 -1.024084
v 0.782010 -0.678123 -0.952503
v 0.871623 -0.678123 -0.871623
v 0.952503 -0.678123 -0.782010
v 1.024084 -0.678123 -0.684661
v 1.085908 -0.678123 -0.580681
v 1.137519 -0.678123 -0.471176
v 1.178457 -0.678123 -0.357250
v 1.208265 -0.678123 -0.240008
v 1.226486 -0.678123 -0.120557
v 1.309516 -0.463937 0.128718
v 1.290062 -0.463937 0.256256
v 1.258236 -0.463937 0.381435
v 1.214526 -0.463937 0.503073
v 1.159422 -0.463937 0.619992
v 1.093412 -0.463937 0.731011
v 1.016985 -0.463937 0.834950
v 0.930630 -0.463937 0.930630
v 0.766502 -0.463937 1.069070
v 0.581616 -0.463937 1.179026
v 0.381435 -0.463937 1.258236
v 0.171420 -0.463937 1.304436
v -0.042964 -0.463937 1.315371
v -0.256256 -0.463937 1.290062
v -0.462993 -0.463937 1.230386
v -0.657712 -0.463937 1.138606
v -0.834950 -0.463937 1.016985
v -0.989279 -0.463937 0.867819
v -1.116597 -0.463937 0.694733
v -1.214526 -0.463937 0.503073
v -1.280804 -0.463937 0.298303
v -1.313167 -0.463937 0.085885
v -1.309516 -0.463937 -0.128718
v -1.270189 -0.463937 -0.340044
v -1.197400 -0.463937 -0.542629
v -1.093412 -0.463937 -0.731011
v -0.960488 -0.463937 -0.899727
v -0.801163 -0.463937 -1.043588
v -0.619992 -0.463937 -1.159422
v -0.422432 -0.463937 -1.244962
v -0.213948 -0.463937 -1.297945
v 0.000000 -0.463937 -1.316109
v 0.128718 -0.463937 -1.309516
v 0.256256 -0.463937 -1.290062
v 0.381435 -0.463937 -1.258236
v 0.503073 -0.463937 -1.214526
v 0.619992 -0.463937 -1.159422
v 0.731011 -0.463937 -1.093412
v 0.834950 -0.463937 -1.016985
v 0.930630 -0.463937 -0.930630
v 1.016985 -0.463937 -0.834950
v 1.093412 -0.463937 -0.731011
v 1.159422 -0.463937 -0.619992
v 1.214526 -0.463937 -0.503073
v 1.258236 -0.463937 -0.381435
v 1.290062 -0.463937 -0.256256
v 1.309516 -0.463937 -0.128718
v 1.373649 -0.243982 0.135022
v 1.353243 -0.243982 0.268807
v 1.319858 -0.243982 0.400115
v 1.274007 -0.243982 0.527711
v 1.216205 -0.243982 0.650356
v 1.146962 -0.243982 0.766812
v 1.066792 -0.243982 0.875842
v 0.976207 -0.243982 0.976207
v 0.804042 -0.243982 1.121427
v 0.610101 -0.243982 1.236769
v 0.400115 -0.243982 1.319858
v 0.179816 -0.243982 1.368321
v -0.045068 -0.243982 1.379791
v -0.268807 -0.243982 1.353243
v -0.485668 -0.243982 1.290644
v -0.689923 -0.243982 1.194370
v -0.875842 -0.243982 1.066792
v -1.037729 -0.243982 0.910321
v -1.171282 -0.243982 0.728757
v -1.274007 -0.243982 0.527711
v -1.343531 -0.243982 0.312912
v -1.377479 -0.243982 0.090091
v -1.373649 -0.243982 -0.135022
v -1.332396 -0.243982 -0.356697
v -1.256043 -0.243982 -0.569204
v -1.146962 -0.243982 -0.766812
v -1.007528 -0.243982 -0.943791
v -0.840400 -0.243982 -1.094698
v -0.650356 -0.243982 -1.216205
v -0.443121 -0.243982 -1.305934
v -0.224426 -0.243982 -1.361512
v 0.000000 -0.243982 -1.380566
v 0.135022 -0.243982 -1.373649
v 0.268807 -0.243982 -1.353243
v 0.400115 -0.243982 -1.319858
v 0.527711 -0.243982 -1.274007
v 0.650356 -0.243982 -1.216205
v 0.766812 -0.243982 -1.146962
v 0.875842 -0.243982 -1.066792
v 0.976207 -0.243982 -0.976207
v 1.066792 -0.243982 -0.875842
v 1.146962 -0.243982 -0.766812
v 1.216205 -0.243982 -0.650356
v 1.274007 -0.243982 -0.527711
v 1.319858 -0.243982 -0.400115
v 1.353243 -0.243982 -0.268807
v 1.373649 -0.243982 -0.135022
v 1.409789 -0.029904 0.138574
v 1.388846 -0.029904 0.275879
v 1.354582 -0.029904 0.410642
v 1.307526 -0.029904 0.541595
v 1.248202 -0.029904 0.667466
v 1.177138 -0.029904 0.786986
v 1.094859 -0.029904 0.898885
v 1.001891 -0.029904 1.001891
v 0.825195 -0.029904 1.150931
v 0.626152 -0.029904 1.269307
v 0.410642 -0.029904 1.354582
v 0.184546 -0.029904 1.404321
v -0.046254 -0.029904 1.416092
v -0.275879 -0.029904 1.388846
v -0.498446 -0.029904 1.324600
v -0.708075 -0.029904 1.225793
v -0.898885 -0.029904 1.094859
v -1.065031 -0.029904 0.934271
v -1.202098 -0.029904 0.747931
v -1.307526 -0.029904 0.541595
v -1.378878 -0.029904 0.321145
v -1.413720 -0.029904 0.092461
v -1.409789 -0.029904 -0.138574
v -1.367451 -0.029904 -0.366082
v -1.289088 -0.029904 -0.584179
v -1.177138 -0.029904 -0.786986
v -1.034035 -0.029904 -0.968622
v -0.862511 -0.029904 -1.123499
v -0.667466 -0.029904 -1.248202
v -0.454779 -0.029904 -1.340292
v -0.230330 -0.029904 -1.397333
v 0.000000 -0.029904 -1.416888
v 0.138574 -0.029904 -1.409789
v 0.275879 -0.029904 -1.388846
v 0.410642 -0.029904 -1.354582
v 0.541595 -0.029904 -1.307526
v 0.667466 -0.029904 -1.248202
v 0.786986 -0.029904 -1.177138
v 0.898885 -0.029904 -1.094859
v 1.001891 -0.029904 -1.001891
v 1.094859 -0.029904 -0.898885
v 1.177138 -0.029904 -0.786986
v 1.248202 -0.029904 -0.667466
v 1.307526 -0.029904 -0.541595
v 1.354582 -0.029904 -0.410642
v 1.388846 -0.029904 -0.275879
v 1.409789 -0.029904 -0.138574
v 1.418551 0.173573 0.139436
v 1.397477 0.173573 0.277593
v 1.363001 0.173573 0.413194
v 1.315652 0.173573 0.544961
v 1.255960 0.173573 0.671615
v 1.184454 0.173573 0.791878
v 1.101663 0.173573 0.904471
v 1.008118 0.173573 1.008118
v 0.830324 0.173573 1.158085
v 0.630044 0.173573 1.277196
v 0.413194 0.173573 1.363001
v 0.185693 0.173573 1.413048
v -0.046542 0.173573 1.424893
v -0.277593 0.173573 1.397477
v -0.501544 0.173573 1.332833
v -0.712476 0.173573 1.233411
v -0.904471 0.173573 1.101663
v -1.071650 0.173573 0.940077
v -1.209569 0.173573 0.752579
v -1.315652 0.173573 0.544961
v -1.387448 0.173573 0.323141
v -1.422506 0.173573 0.093036
v -1.418551 0.173573 -0.139436
v -1.375950 0.173573 -0.368357
v -1.297100 0.173573 -0.587810
v -1.184454 0.173573 -0.791878
v -1.040462 0.173573 -0.974642
v -0.867871 0.173573 -1.130481
v -0.671615 0.173573 -1.255960
v -0.457606 0.173573 -1.348622
v -0.231762 0.173573 -1.406017
v 0.000000 0.173573 -1.425694
v 0.139436 0.173573 -1.418551
v 0.277593 0.173573 -1.397477
v 0.413194 0.173573 -1.363001
v 0.544961 0.173573 -1.315652
v 0.671615 0.173573 -1.255960
v 0.791878 0.173573 -1.184454
v 0.904471 0.173573 -1.101663
v 1.008118 0.173573 -1.008118
v 1.101663 0.173573 -0.904471
v 1.184454 0.173573 -0.791878
v 1.255960 0.173573 -0.671615
v 1.315652 0.173573 -0.544961
v 1.363001 0.173573 -0.413194
v 1.397477 0.173573 -0.277593
v 1.418551 0.173573 -0.139436
v 1.402979 0.363453 0.137905
v 1.382136 0.363453 0.274546
v 1.348038 0.363453 0.408658
v 1.301209 0.363453 0.538979
v 1.242172 0.363453 0.664242
v 1.171451 0.363453 0.783185
v 1.089569 0.363453 0.894542
v 0.997051 0.363453 0.997051
v 0.821209 0.363453 1.145371
v 0.623127 0.363453 1.263175
v 0.408658 0.363453 1.348038
v 0.183655 0.363453 1.397536
v -0.046031 0.363453 1.409251
v -0.274546 0.363453 1.382136
v -0.496038 0.363453 1.318201
v -0.704654 0.363453 1.219871
v -0.894542 0.363453 1.089569
v -1.059886 0.363453 0.929757
v -1.196291 0.363453 0.744317
v -1.301209 0.363453 0.538979
v -1.372217 0.363453 0.319593
v -1.406890 0.363453 0.092015
v -1.402979 0.363453 -0.137905
v -1.360845 0.363453 -0.364313
v -1.282861 0.363453 -0.581357
v -1.171451 0.363453 -0.783185
v -1.029040 0.363453 -0.963943
v -0.858344 0.363453 -1.118071
v -0.664242 0.363453 -1.242172
v -0.452582 0.363453 -1.333817
v -0.229217 0.363453 -1.390582
v 0.000000 0.363453 -1.410043
v 0.137905 0.363453 -1.402979
v 0.274546 0.363453 -1.382136
v 0.408658 0.363453 -1.348038
v 0.538979 0.363453 -1.301209
v 0.664242 0.363453 -1.242172
v 0.783185 0.363453 -1.171451
v 0.894542 0.363453 -1.089569
v 0.997051 0.363453 -0.997051
v 1.089569 0.363453 -0.894542
v 1.171451 0.363453 -0.783185
v 1.242172 0.363453 -0.664242
v 1.301209 0.363453 -0.538979
v 1.348038 0.363453 -0.408658
v 1.382136 0.363453 -0.274546
v 1.402979 0.363453 -0.137905
v 1.366116 0.536743 0.134282
v 1.345821 0.536743 0.267332
v 1.312619 0.536743 0.397921
v 1.267020 0.536743 0.524817
v 1.209534 0.536743 0.646789
v 1.140671 0.536743 0.762606
v 1.060941 0.536743 0.871038
v 0.970853 0.536743 0.970853
v 0.799632 0.536743 1.115277
v 0.606755 0.536743 1.229986
v 0.397921 0.536743 1.312619
v 0.178829 0.536743 1.360816
v -0.044821 0.536743 1.372223
v -0.267332 0.536743 1.345821
v -0.483005 0.536743 1.283566
v -0.686139 0.536743 1.187819
v -0.871038 0.536743 1.060941
v -1.032037 0.536743 0.905328
v -1.164858 0.536743 0.724760
v -1.267020 0.536743 0.524817
v -1.336162 0.536743 0.311196
v -1.369924 0.536743 0.089597
v -1.366116 0.536743 -0.134282
v -1.325089 0.536743 -0.354741
v -1.249154 0.536743 -0.566082
v -1.140671 0.536743 -0.762606
v -1.002002 0.536743 -0.938615
v -0.835791 0.536743 -1.088694
v -0.646789 0.536743 -1.209534
v -0.440691 0.536743 -1.298771
v -0.223195 0.536743 -1.354045
v 0.000000 0.536743 -1.372994
v 0.134282 0.536743 -1.366116
v 0.267332 0.536743 -1.345821
v 0.397921 0.536743 -1.312619
v 0.524817 0.536743 -1.267020
v 0.646789 0.536743 -1.209534
v 0.762606 0.536743 -1.140671
v 0.871038 0.536743 -1.060941
v 0.970853 0.536743 -0.970853
v 1.060941 0.536743 -0.871038
v 1.140671 0.536743 -0.762606
v 1.209534 0.536743 -0.646789
v 1.267020 0.536743 -0.524817
v 1.312619 0.536743 -0.397921
v 1.345821 0.536743 -0.267332
v 1.366116 0.536743 -0.134282
v 1.310829 0.691331 0.128847
v 1.291355 0.691331 0.256513
v 1.259497 0.691331 0.381817
v 1.215744 0.691331 0.503578
v 1.160585 0.691331 0.620614
v 1.094508 0.691331 0.731744
v 1.018005 0.691331 0.835787
v 0.931563 0.691331 0.931563
v 0.767271 0.691331 1.070142
v 0.582199 0.691331 1.180208
v 0.381817 0.691331 1.259497
v 0.171592 0.691331 1.305744
v -0.043007 0.691331 1.316690
v -0.256513 0.691331 1.291355
v -0.463457 0.691331 1.231620
v -0.658371 0.691331 1.139748
v -0.835787 0.691331 1.018005
v -0.990271 0.691331 0.868690
v -1.117717 0.691331 0.695429
v -1.215744 0.691331 0.503578
v -1.282088 0.691331 0.298602
v -1.314484 0.691331 0.085971
v -1.310829 0.691331 -0.128847
v -1.271462 0.691331 -0.340385
v -1.198601 0.691331 -0.543173
v -1.094508 0.691331 -0.731744
v -0.961451 0.691331 -0.900629
v -0.801966 0.691331 -1.044634
v -0.620614 0.691331 -1.160585
v -0.422856 0.691331 -1.246210
v -0.214162 0.691331 -1.299247
v 0.000000 0.691331 -1.317429
v 0.128847 0.691331 -1.310829
v 0.256513 0.691331 -1.291355
v 0.381817 0.691331 -1.259497
v 0.503578 0.691331 -1.215744
v 0.620614 0.691331 -1.160585
v 0.731744 0.691331 -1.094508
v 0.835787 0.691331 -1.018005
v 0.931563 0.691331 -0.931563
v 1.018005 0.691331 -0.835787
v 1.094508 0.691331 -0.731744
v 1.160585 0.691331 -0.620614
v 1.215744 0.691331 -0.503578
v 1.259497 0.691331 -0.381817
v 1.291355 0.691331 -0.256513
v 1.310829 0.691331 -0.128847
v 1.239281 0.828641 0.121814
v 1.220871 0.828641 0.242512
v 1.190751 0.828641 0.360977
v 1.149386 0.828641 0.476091
v 1.097237 0.828641 0.586739
v 1.034768 0.828641 0.691804
v 0.962440 0.828641 0.790168
v 0.880716 0.828641 0.880716
v 0.725392 0.828641 1.011731
v 0.550422 0.828641 1.115790
v 0.360977 0.828641 1.190751
v 0.162226 0.828641 1.234474
v -0.040660 0.828641 1.244822
v -0.242512 0.828641 1.220871
v -0.438161 0.828641 1.164396
v -0.622436 0.828641 1.077538
v -0.790168 0.828641 0.962440
v -0.936220 0.828641 0.821275
v -1.056709 0.828641 0.657472
v -1.149386 0.828641 0.476091
v -1.212109 0.828641 0.282304
v -1.242736 0.828641 0.081279
v -1.239281 0.828641 -0.121814
v -1.202063 0.828641 -0.321806
v -1.133179 0.828641 -0.513525
v -1.034768 0.828641 -0.691804
v -0.908973 0.828641 -0.851471
v -0.758194 0.828641 -0.987616
v -0.586739 0.828641 -1.097237
v -0.399776 0.828641 -1.178190
v -0.202473 0.828641 -1.228331
v 0.000000 0.828641 -1.245521
v 0.121814 0.828641 -1.239281
v 0.242512 0.828641 -1.220871
v 0.360977 0.828641 -1.190751
v 0.476091 0.828641 -1.149386
v 0.586739 0.828641 -1.097237
v 0.691804 0.828641 -1.034768
v 0.790168 0.828641 -0.962440
v 0.880716 0.828641 -0.880716
v 0.962440 0.828641 -0.790168
v 1.034768 0.828641 -0.691804
v 1.097237 0.828641 -0.586739
v 1.149386 0.828641 -0.476091
v 1.190751 0.828641 -0.360977
v 1.220871 0.828641 -0.242512
v 1.239281 0.828641 -0.121814
v 1.153458 0.950982 0.113379
v 1.136323 0.950982 0.225718
v 1.108289 0.950982 0.335978
v 1.069789 0.950982 0.443121
v 1.021251 0.950982 0.546106
v 0.963108 0.950982 0.643895
v 0.895789 0.950982 0.735448
v 0.819725 0.950982 0.819725
v 0.675157 0.950982 0.941667
v 0.512304 0.950982 1.038519
v 0.335978 0.950982 1.108289
v 0.150992 0.950982 1.148984
v -0.037844 0.950982 1.158615
v -0.225718 0.950982 1.136323
v -0.407817 0.950982 1.083759
v -0.579331 0.950982 1.002916
v -0.735448 0.950982 0.895789
v -0.871385 0.950982 0.764400
v -0.983530 0.950982 0.611940
v -1.069789 0.950982 0.443121
v -1.128168 0.950982 0.262754
v -1.156674 0.950982 0.075650
v -1.153458 0.950982 -0.113379
v -1.118818 0.950982 -0.299520
v -1.054704 0.950982 -0.477963
v -0.963108 0.950982 -0.643895
v -0.846025 0.950982 -0.792505
v -0.705687 0.950982 -0.919222
v -0.546106 0.950982 -1.021251
v -0.372090 0.950982 -1.096598
v -0.188451 0.950982 -1.143267
v 0.000000 0.950982 -1.159266
v 0.113379 0.950982 -1.153458
v 0.225718 0.950982 -1.136323
v 0.335978 0.950982 -1.108289
v 0.443121 0.950982 -1.069789
v 0.546106 0.950982 -1.021251
v 0.643895 0.950982 -0.963108
v 0.735448 0.950982 -0.895789
v 0.819725 0.950982 -0.819725
v 0.895789 0.950982 -0.735448
v 0.963108 0.950982 -0.643895
v 1.021251 0.950982 -0.546106
v 1.069789 0.950982 -0.443121
v 1.108289 0.950982 -0.335978
v 1.136323 0.950982 -0.225718
v 1.153458 0.950982 -0.113379
v 1.055347 1.060660 0.103735
v 1.039668 1.060660 0.206519
v 1.014019 1.060660 0.307400
v 0.978794 1.060660 0.405430
v 0.934385 1.060660 0.499655
v 0.881187 1.060660 0.589126
v 0.819594 1.060660 0.672891
v 0.750000 1.060660 0.750000
v 0.617729 1.060660 0.861570
v 0.468728 1.060660 0.950184
v 0.307400 1.060660 1.014019
v 0.138149 1.060660 1.051253
v -0.034625 1.060660 1.060065
v -0.206519 1.060660 1.039668
v -0.373129 1.060660 0.991575
v -0.530054 1.060660 0.917609
v -0.672891 1.060660 0.819594
v -0.797266 1.060660 0.699381
v -0.899872 1.060660 0.559889
v -0.978794 1.060660 0.405430
v -1.032207 1.060660 0.240404
v -1.058289 1.060660 0.069215
v -1.055347 1.060660 -0.103735
v -1.023653 1.060660 -0.274043
v -0.964992 1.060660 -0.437308
v -0.881187 1.060660 -0.589126
v -0.774063 1.060660 -0.725095
v -0.645662 1.060660 -0.841034
v -0.499655 1.060660 -0.934385
v -0.340441 1.060660 -1.003322
v -0.172422 1.060660 -1.046022
v 0.000000 1.060660 -1.060660
v 0.103735 1.060660 -1.055347
v 0.206519 1.060660 -1.039668
v 0.307400 1.060660 -1.014019
v 0.405430 1.060660 -0.978794
v 0.499655 1.060660 -0.934385
v 0.589126 1.060660 -0.881187
v 0.672891 1.060660 -0.819594
v 0.750000 1.060660 -0.750000
v 0.819594 1.060660 -0.672891
v 0.881187 1.060660 -0.589126
v 0.934385 1.060660 -0.499655
v 0.978794 1.060660 -0.405430
v 1.014019 1.060660 -0.307400
v 1.039668 1.060660 -0.206519
v 1.055347 1.060660 -0.103735
v 0.946798 1.159466 0.093065
v 0.932732 1.159466 0.185277
v 0.909721 1.159466 0.275782
v 0.878119 1.159466 0.363729
v 0.838278 1.159466 0.448262
v 0.790552 1.159466 0.528531
v 0.735294 1.159466 0.603680
v 0.672858 1.159466 0.672858
v 0.554191 1.159466 0.772952
v 0.420516 1.159466 0.852451
v 0.275782 1.159466 0.909721
v 0.123939 1.159466 0.943125
v -0.031064 1.159466 0.951031
v -0.185277 1.159466 0.932732
v -0.334750 1.159466 0.889586
v -0.475535 1.159466 0.823228
v -0.603680 1.159466 0.735294
v -0.715262 1.159466 0.627445
v -0.807315 1.159466 0.502301
v -0.878119 1.159466 0.363729
v -0.926038 1.159466 0.215677
v -0.949437 1.159466 0.062096
v -0.946798 1.159466 -0.093065
v -0.918363 1.159466 -0.245856
v -0.865736 1.159466 -0.392328
v -0.790552 1.159466 -0.528531
v -0.694446 1.159466 -0.650515
v -0.579252 1.159466 -0.754528
v -0.448262 1.159466 -0.838278
v -0.305424 1.159466 -0.900124
v -0.154687 1.159466 -0.938432
v 0.000000 1.159466 -0.951565
v 0.093065 1.159466 -0.946798
v 0.185277 1.159466 -0.932732
v 0.275782 1.159466 -0.909721
v 0.363729 1.159466 -0.878119
v 0.448262 1.159466 -0.838278
v 0.528531 1.159466 -0.790552
v 0.603680 1.159466 -0.735294
v 0.672858 1.159466 -0.672858
v 0.735294 1.159466 -0.603680
v 0.790552 1.159466 -0.528531
v 0.838278 1.159466 -0.448262
v 0.878119 1.159466 -0.363729
v 0.909721 1.159466 -0.275782
v 0.932732 1.159466 -0.185277
v 0.946798 1.159466 -0.093065
v 0.829127 1.247124 0.081499
v 0.816810 1.247124 0.162250
v 0.796659 1.247124 0.241507
v 0.768984 1.247124 0.318524
v 0.734094 1.247124 0.392551
v 0.692300 1.247124 0.462843
v 0.643910 1.247124 0.528653
v 0.589233 1.247124 0.589233
v 0.485315 1.247124 0.676887
v 0.368253 1.247124 0.746507
v 0.241507 1.247124 0.796659
v 0.108536 1.247124 0.825911
v -0.027203 1.247124 0.832834
v -0.162250 1.247124 0.816810
v -0.293147 1.247124 0.779026
v -0.416434 1.247124 0.720915
v -0.528653 1.247124 0.643910
v -0.626367 1.247124 0.549465
v -0.706979 1.247124 0.439874
v -0.768984 1.247124 0.318524
v -0.810948 1.247124 0.188872
v -0.831439 1.247124 0.054379
v -0.829127 1.247124 -0.081499
v -0.804227 1.247124 -0.215300
v -0.758140 1.247124 -0.343568
v -0.692300 1.247124 -0.462843
v -0.608138 1.247124 -0.569667
v -0.507261 1.247124 -0.660753
v -0.392551 1.247124 -0.734094
v -0.267465 1.247124 -0.788254
v -0.135462 1.247124 -0.821801
v 0.000000 1.247124 -0.833302
v 0.081499 1.247124 -0.829127
v 0.162250 1.247124 -0.816810
v 0.241507 1.247124 -0.796659
v 0.318524 1.247124 -0.768984
v 0.392551 1.247124 -0.734094
v 0.462843 1.247124 -0.692300
v 0.528653 1.247124 -0.643910
v 0.589233 1.247124 -0.589233
v 0.643910 1.247124 -0.528653
v 0.692300 1.247124 -0.462843
v 0.734094 1.247124 -0.392551
v 0.768984 1.247124 -0.318524
v 0.796659 1.247124 -0.241507
v 0.816810 1.247124 -0.162250
v 0.829127 1.247124 -0.081499
v 0.703517 1.322840 0.069152
v 0.693066 1.322840 0.137670
v 0.675968 1.322840 0.204920
v 0.652485 1.322840 0.270268
v 0.622882 1.322840 0.333081
v 0.587419 1.322840 0.392724
v 0.546360 1.322840 0.448564
v 0.499966 1.322840 0.499966
v 0.411791 1.322840 0.574341
v 0.312464 1.322840 0.633413
v 0.204920 1.322840 0.675968
v 0.092093 1.322840 0.700788
v -0.023082 1.322840 0.706663
v -0.137670 1.322840 0.693066
v -0.248736 1.322840 0.661006
v -0.353346 1.322840 0.611699
v -0.448564 1.322840 0.546360
v -0.531475 1.322840 0.466223
v -0.599874 1.322840 0.373234
v -0.652485 1.322840 0.270268
v -0.688092 1.322840 0.160259
v -0.705479 1.322840 0.046140
v -0.703517 1.322840 -0.069152
v -0.682389 1.322840 -0.182683
v -0.643285 1.322840 -0.291519
v -0.587419 1.322840 -0.392724
v -0.516007 1.322840 -0.483364
v -0.430413 1.322840 -0.560652
v -0.333081 1.322840 -0.622882
v -0.226945 1.322840 -0.668837
v -0.114940 1.322840 -0.697301
v 0.000000 1.322840 -0.707059
v 0.069152 1.322840 -0.703517
v 0.137670 1.322840 -0.693066
v 0.204920 1.322840 -0.675968
v 0.270268 1.322840 -0.652485
v 0.333081 1.322840 -0.622882
v 0.392724 1.322840 -0.587419
v 0.448564 1.322840 -0.546360
v 0.499966 1.322840 -0.499966
v 0.546360 1.322840 -0.448564
v 0.587419 1.322840 -0.392724
v 0.622882 1.322840 -0.333081
v 0.652485 1.322840 -0.270268
v 0.675968 1.322840 -0.204920
v 0.693066 1.322840 -0.137670
v 0.703517 1.322840 -0.069152
v 0.571149 1.385819 0.056141
v 0.562664 1.385819 0.111767
v 0.548783 1.385819 0.166364
v 0.529719 1.385819 0.219417
v 0.505685 1.385819 0.270411
v 0.476895 1.385819 0.318833
v 0.443561 1.385819 0.364166
v 0.405897 1.385819 0.405897
v 0.334312 1.385819 0.466278
v 0.253674 1.385819 0.514236
v 0.166364 1.385819 0.548783
v 0.074765 1.385819 0.568934
v -0.018739 1.385819 0.573703
v -0.111767 1.385819 0.562664
v -0.201936 1.385819 0.536637
v -0.286863 1.385819 0.496607
v -0.364166 1.385819 0.443561
v -0.431477 1.385819 0.378502
v -0.487007 1.385819 0.303010
v -0.529719 1.385819 0.219417
v -0.558626 1.385819 0.130106
v -0.572742 1.385819 0.037459
v -0.571149 1.385819 -0.056141
v -0.553997 1.385819 -0.148311
v -0.522250 1.385819 -0.236669
v -0.476895 1.385819 -0.318833
v -0.418920 1.385819 -0.392419
v -0.349430 1.385819 -0.455164
v -0.270411 1.385819 -0.505685
v -0.184245 1.385819 -0.542994
v -0.093314 1.385819 -0.566103
v 0.000000 1.385819 -0.574025
v 0.056141 1.385819 -0.571149
v 0.111767 1.385819 -0.562664
v 0.166364 1.385819 -0.548783
v 0.219417 1.385819 -0.529719
v 0.270411 1.385819 -0.505685
v 0.318833 1.385819 -0.476895
v 0.364166 1.385819 -0.443561
v 0.405897 1.385819 -0.405897
v 0.443561 1.385819 -0.364166
v 0.476895 1.385819 -0.318833
v 0.505685 1.385819 -0.270411
v 0.529719 1.385819 -0.219417
v 0.548783 1.385819 -0.166364
v 0.562664 1.385819 -0.111767
v 0.571149 1.385819 -0.056141
v 0.433241 1.435355 0.042585
v 0.426805 1.435355 0.084780
v 0.416275 1.435355 0.126194
v 0.401815 1.435355 0.166437
v 0.383584 1.435355 0.205119
v 0.361745 1.435355 0.241848
v 0.336460 1.435355 0.276235
v 0.307890 1.435355 0.307890
v 0.253590 1.435355 0.353692
v 0.192422 1.435355 0.390070
v 0.126194 1.435355 0.416275
v 0.056713 1.435355 0.431560
v -0.014214 1.435355 0.435178
v -0.084780 1.435355 0.426805
v -0.153177 1.435355 0.407062
v -0.217598 1.435355 0.376697
v -0.276235 1.435355 0.336460
v -0.327294 1.435355 0.287110
v -0.369416 1.435355 0.229846
v -0.401815 1.435355 0.166437
v -0.423742 1.435355 0.098691
v -0.434449 1.435355 0.028414
v -0.433241 1.435355 -0.042585
v -0.420230 1.435355 -0.112500
v -0.396149 1.435355 -0.179524
v -0.361745 1.435355 -0.241848
v -0.317768 1.435355 -0.297666
v -0.265057 1.435355 -0.345261
v -0.205119 1.435355 -0.383584
v -0.139758 1.435355 -0.411884
v -0.070783 1.435355 -0.429413
v 0.000000 1.435355 -0.435422
v 0.042585 1.435355 -0.433241
v 0.084780 1.435355 -0.426805
v 0.126194 1.435355 -0.416275
v 0.166437 1.435355 -0.401815
v 0.205119 1.435355 -0.383584
v 0.241848 1.435355 -0.361745
v 0.276235 1.435355 -0.336460
v 0.307890 1.435355 -0.307890
v 0.336460 1.435355 -0.276235
v 0.361745 1.435355 -0.241848
v 0.383584 1.435355 -0.205119
v 0.401815 1.435355 -0.166437
v 0.416275 1.435355 -0.126194
v 0.426805 1.435355 -0.084780
v 0.433241 1.435355 -0.042585
v 0.291151 1.471083 0.028619
v 0.286825 1.471083 0.056975
v 0.279749 1.471083 0.084806
v 0.270031 1.471083 0.111851
v 0.257780 1.471083 0.137846
v 0.243103 1.471083 0.162529
v 0.226111 1.471083 0.185638
v 0.206911 1.471083 0.206911
v 0.170420 1.471083 0.237691
v 0.129313 1.471083 0.262138
v 0.084806 1.471083 0.279749
v 0.038113 1.471083 0.290021
v -0.009552 1.471083 0.292452
v -0.056975 1.471083 0.286825
v -0.102939 1.471083 0.273557
v -0.146232 1.471083 0.253152
v -0.185638 1.471083 0.226111
v -0.219951 1.471083 0.192946
v -0.248258 1.471083 0.154463
v -0.270031 1.471083 0.111851
v -0.284767 1.471083 0.066323
v -0.291962 1.471083 0.019095
v -0.291151 1.471083 -0.028619
v -0.282407 1.471083 -0.075603
v -0.266223 1.471083 -0.120645
v -0.243103 1.471083 -0.162529
v -0.213550 1.471083 -0.200040
v -0.178126 1.471083 -0.232026
v -0.137846 1.471083 -0.257780
v -0.093921 1.471083 -0.276798
v -0.047568 1.471083 -0.288578
v 0.000000 1.471083 -0.292617
v 0.028619 1.471083 -0.291151
v 0.056975 1.471083 -0.286825
v 0.084806 1.471083 -0.279749
v 0.111851 1.471083 -0.270031
v 0.137846 1.471083 -0.257780
v 0.162529 1.471083 -0.243103
v 0.185638 1.471083 -0.226111
v 0.206911 1.471083 -0.206911
v 0.226111 1.471083 -0.185638
v 0.243103 1.471083 -0.162529
v 0.257780 1.471083 -0.137846
v 0.270031 1.471083 -0.111851
v 0.279749 1.471083 -0.084806
v 0.286825 1.471083 -0.056975
v 0.291151 1.471083 -0.028619
v 0.146272 1.492724 0.014378
v 0.144099 1.492724 0.028624
v 0.140544 1.492724 0.042606
v 0.135662 1.492724 0.056193
v 0.129507 1.492724 0.069253
v 0.122134 1.492724 0.081654
v 0.113597 1.492724 0.093264
v 0.103951 1.492724 0.103951
v 0.085618 1.492724 0.119415
v 0.064966 1.492724 0.131697
v 0.042606 1.492724 0.140544
v 0.019148 1.492724 0.145705
v -0.004799 1.492724 0.146926
v -0.028624 1.492724 0.144099
v -0.051716 1.492724 0.137434
v -0.073466 1.492724 0.127182
v -0.093264 1.492724 0.113597
v -0.110502 1.492724 0.096935
v -0.124723 1.492724 0.077601
v -0.135662 1.492724 0.056193
v -0.143065 1.492724 0.033320
v -0.146680 1.492724 0.009593
v -0.146272 1.492724 -0.014378
v -0.141880 1.492724 -0.037983
v -0.133749 1.492724 -0.060611
v -0.122134 1.492724 -0.081654
v -0.107286 1.492724 -0.100499
v -0.089490 1.492724 -0.116568
v -0.069253 1.492724 -0.129507
v -0.047186 1.492724 -0.139062
v -0.023898 1.492724 -0.144980
v 0.000000 1.492724 -0.147009
v 0.014378 1.492724 -0.146272
v 0.028624 1.492724 -0.144099
v 0.042606 1.492724 -0.140544
v 0.056193 1.492724 -0.135662
v 0.069253 1.492724 -0.129507
v 0.081654 1.492724 -0.122134
v 0.093264 1.492724 -0.113597
v 0.103951 1.492724 -0.103951
v 0.113597 1.492724 -0.093264
v 0.122134 1.492724 -0.081654
v 0.129507 1.492724 -0.069253
v 0.135662 1.492724 -0.056193
v 0.140544 1.492724 -0.042606
v 0.144099 1.492724 -0.028624
v 0.146272 1.492724 -0.014378
vt 8.519390 0.000000 0.000000
vt 8.654619 0.112139 0.000000
vt 8.519390 0.149518 0.000000
vt 8.654619 0.224277 0.000000
vt 8.519390 0.224277 0.000000
vt 8.654619 0.280346 0.000000
vt 8.519390 0.299036 0.000000
vt 8.654619 0.336416 0.000000
vt 8.519390 0.392485 0.000000
vt 8.654619 0.448554 0.000000
vt 8.519390 0.485934 0.000000
vt 8.654619 0.560693 0.000000
vt 8.519390 0.579382 0.000000
vt 8.654619 0.672831 0.000000
vt 8.519390 0.672831 0.000000
vt 8.519390 0.766280 0.000000
vt 8.384162 0.766280 0.000000
vt 8.384162 0.859729 0.000000
vt 8.248933 0.859729 0.000000
vt 8.248933 0.953177 0.000000
vt 8.113705 0.953177 0.000000
vt 8.113705 1.046626 0.000000
vt 7.978477 1.046626 0.000000
vt 7.978477 1.233524 0.000000
vt 7.843248 1.233524 0.000000
vt 7.843248 1.420421 0.000000
vt 7.708020 1.420421 0.000000
vt 7.708020 1.607319 0.000000
vt 7.572791 1.607319 0.000000
vt 7.572791 1.700768 0.000000
vt 7.347411 1.700768 0.000000
vt 7.347411 1.794216 0.000000
vt 7.122030 1.794216 0.000000
vt 7.122030 1.906355 0.000000
vt 6.896649 1.906355 0.000000
vt 6.896649 2.018493 0.000000
vt 6.671269 2.018493 0.000000
vt 6.671269 2.242770 0.000000
vt 6.445888 2.242770 0.000000
vt 6.445888 2.691325 0.000000
vt 6.220507 2.691325 0.000000
vt 6.220507 2.915602 0.000000
vt 5.995126 2.915602 0.000000
vt 5.995126 3.139879 0.000000
vt 5.769746 3.139879 0.000000
vt 5.769746 3.364156 0.000000
vt 5.544365 3.364156 0.000000
vt 5.544365 3.588433 0.000000
vt 5.318984 3.588433 0.000000
vt 5.318984 3.812710 0.000000
vt 5.093604 3.812710 0.000000
vt 5.093604 4.036987 0.000000
vt 4.868223 4.036987 0.000000
vt 4.868223 4.261264 0.000000
vt 4.642842 4.261264 0.000000
vt 4.642842 4.485541 0.000000
vt 4.417462 4.485541 0.000000
vt 4.417462 4.709818 0.000000
vt 4.192081 4.709818 0.000000
vt 4.192081 4.934095 0.000000
vt 3.966700 4.934095 0.000000
vt 3.966700 5.158372 0.000000
vt 3.741320 5.158372 0.000000
vt 3.741320 5.382649 0.000000
vt 3.515939 5.382649 0.000000
vt 3.515939 5.606926 0.000000
vt 3.290558 5.606926 0.000000
vt 3.290558 5.831203 0.000000
vt 3.065177 5.831203 0.000000
vt 3.065177 6.055480 0.000000
vt 2.839797 6.055480 0.000000
vt 2.839797 6.279757 0.000000
vt 2.614416 6.279757 0.000000
vt 2.614416 6.504034 0.000000
vt 2.389035 6.504034 0.000000
vt 2.389035 6.728311 0.000000
vt 2.163655 6.728311 0.000000
vt 2.163655 6.952588 0.000000
vt 2.028426 6.952588 0.000000
vt 2.028426 7.176866 0.000000
vt 8.654619 0.784970 0.000000
vt 8.519390 0.859729 0.000000
vt 8.384162 0.953177 0.000000
vt 8.248933 1.046626 0.000000
vt 8.113705 1.233524 0.000000
vt 7.978477 1.420421 0.000000
vt 7.843248 1.607319 0.000000
vt 7.708020 1.700768 0.000000
vt 7.572791 1.794216 0.000000
vt 7.347411 1.906355 0.000000
vt 7.122030 2.018493 0.000000
vt 6.896649 2.242770 0.000000
vt 6.671269 2.691325 0.000000
vt 6.445888 2.915602 0.000000
vt 6.220507 3.139879 0.000000
vt 5.995126 3.364156 0.000000
vt 5.769746 3.588433 0.000000
vt 5.544365 3.812710 0.000000
vt 5.318984 4.036987 0.000000
vt 5.093604 4.261264 0.000000
vt 4.868223 4.485541 0.000000
vt 4.642842 4.709818 0.000000
vt 4.417462 4.934095 0.000000
vt 4.192081 5.158372 0.000000
vt 3.966700 5.382649 0.000000
vt 3.741320 5.606926 0.000000
vt 3.515939 5.831203 0.000000
vt 3.290558 6.055480 0.000000
vt 3.065177 6.279757 0.000000
vt 2.839797 6.504034 0.000000
vt 2.614416 6.728311 0.000000
vt 2.389035 6.952588 0.000000
vt 2.163655 7.176866 0.000000
vt 8.654619 0.897108 0.000000
vt 8.519390 0.953177 0.000000
vt 8.384162 1.046626 0.000000
vt 8.248933 1.233524 0.000000
vt 8.113705 1.420421 0.000000
vt 7.978477 1.607319 0.000000
vt 7.843248 1.700768 0.000000
vt 7.708020 1.794216 0.000000
vt 7.572791 1.906355 0.000000
vt 7.347411 2.018493 0.000000
vt 7.122030 2.242770 0.000000
vt 6.896649 2.691325 0.000000
vt 6.671269 2.915602 0.000000
vt 6.445888 3.139879 0.000000
vt 6.220507 3.364156 0.000000
vt 5.995126 3.588433 0.000000
vt 5.769746 3.812710 0.000000
vt 5.544365 4.036987 0.000000
vt 5.318984 4.261264 0.000000
vt 5.093604 4.485541 0.000000
vt 4.868223 4.709818 0.000000
vt 4.642842 4.934095 0.000000
vt 4.417462 5.158372 0.000000
vt 4.192081 5.382649 0.000000
vt 3.966700 5.606926 0.000000
vt 3.741320 5.831203 0.000000
vt 3.515939 6.055480 0.000000
vt 3.290558 6.279757 0.000000
vt 3.065177 6.504034 0.000000
vt 2.839797 6.728311 0.000000
vt 2.614416 6.952588 0.000000
vt 2.389035 7.176866 0.000000
vt 8.654619 1.009247 0.000000
vt 8.519390 1.046626 0.000000
vt 8.384162 1.233524 0.000000
vt 8.248933 1.420421 0.000000
vt 8.113705 1.607319 0.000000
vt 7.978477 1.700768 0.000000
vt 7.843248 1.794216 0.000000
vt 7.708020 1.906355 0.000000
vt 7.572791 2.018493 0.000000
vt 7.347411 2.242770 0.000000
vt 7.122030 2.691325 0.000000
vt 6.896649 2.915602 0.000000
vt 6.671269 3.139879 0.000000
vt 6.445888 3.364156 0.000000
vt 6.220507 3.588433 0.000000
vt 5.995126 3.812710 0.000000
vt 5.769746 4.036987 0.000000
vt 5.544365 4.261264 0.000000
vt 5.318984 4.485541 0.000000
vt 5.093604 4.709818 0.000000
vt 4.868223 4.934095 0.000000
vt 4.642842 5.158372 0.000000
vt 4.417462 5.382649 0.000000
vt 4.192081 5.606926 0.000000
vt 3.966700 5.831203 0.000000
vt 3.741320 6.055480 0.000000
vt 3.515939 6.279757 0.000000
vt 3.290558 6.504034 0.000000
vt 3.065177 6.728311 0.000000
vt 2.839797 6.952588 0.000000
vt 2.614416 7.176866 0.000000
vt 8.654619 1.121385 0.000000
vt 8.519390 1.233524 0.000000
vt 8.384162 1.420421 0.000000
vt 8.248933 1.607319 0.000000
vt 8.113705 1.700768 0.000000
vt 7.978477 1.794216 0.000000
vt 7.843248 1.906355 0.000000
vt 7.708020 2.018493 0.000000
vt 7.572791 2.242770 0.000000
vt 7.347411 2.691325 0.000000
vt 7.122030 2.915602 0.000000
vt 6.896649 3.139879 0.000000
vt 6.671269 3.364156 0.000000
vt 6.445888 3.588433 0.000000
vt 6.220507 3.812710 0.000000
vt 5.995126 4.036987 0.000000
vt 5.769746 4.261264 0.000000
vt 5.544365 4.485541 0.000000
vt 5.318984 4.709818 0.000000
vt 5.093604 4.934095 0.000000
vt 4.868223 5.158372 0.000000
vt 4.642842 5.382649 0.000000
vt 4.417462 5.606926 0.000000
vt 4.192081 5.831203 0.000000
vt 3.966700 6.055480 0.000000
vt 3.741320 6.279757 0.000000
vt 3.515939 6.504034 0.000000
vt 3.290558 6.728311 0.000000
vt 3.065177 6.952588 0.000000
vt 2.839797 7.176866 0.000000
vt 8.654619 1.345662 0.000000
vt 8.519390 1.420421 0.000000
vt 8.384162 1.607319 0.000000
vt 8.248933 1.700768 0.000000
vt 8.113705 1.794216 0.000000
vt 7.978477 1.906355 0.000000
vt 7.843248 2.018493 0.000000
vt 7.708020 2.242770 0.000000
vt 7.572791 2.691325 0.000000
vt 7.347411 2.915602 0.000000
vt 7.122030 3.139879 0.000000
vt 6.896649 3.364156 0.000000
vt 6.671269 3.588433 0.000000
vt 6.445888 3.812710 0.000000
vt 6.220507 4.036987 0.000000
vt 5.995126 4.261264 0.000000
vt 5.769746 4.485541 0.000000
vt 5.544365 4.709818 0.000000
vt 5.318984 4.934095 0.000000
vt 5.093604 5.158372 0.000000
vt 4.868223 5.382649 0.000000
vt 4.642842 5.606926 0.000000
vt 4.417462 5.831203 0.000000
vt 4.192081 6.055480 0.000000
vt 3.966700 6.279757 0.000000
vt 3.741320 6.504034 0.000000
vt 3.515939 6.728311 0.000000
vt 3.290558 6.952588 0.000000
vt 3.065177 7.176866 0.000000
vt 8.654619 1.569939 0.000000
vt 8.519390 1.607319 0.000000
vt 8.384162 1.700768 0.000000
vt 8.248933 1.794216 0.000000
vt 8.113705 1.906355 0.000000
vt 7.978477 2.018493 0.000000
vt 7.843248 2.242770 0.000000
vt 7.708020 2.691325 0.000000
vt 7.572791 2.915602 0.000000
vt 7.347411 3.139879 0.000000
vt 7.122030 3.364156 0.000000
vt 6.896649 3.588433 0.000000
vt 6.671269 3.812710 0.000000
vt 6.445888 4.036987 0.000000
vt 6.220507 4.261264 0.000000
vt 5.995126 4.485541 0.000000
vt 5.769746 4.709818 0.000000
vt 5.544365 4.934095 0.000000
vt 5.318984 5.158372 0.000000
vt 5.093604 5.382649 0.000000
vt 4.868223 5.606926 0.000000
vt 4.642842 5.831203 0.000000
vt 4.417462 6.055480 0.000000
vt 4.192081 6.279757 0.000000
vt 3.966700 6.504034 0.000000
vt 3.741320 6.728311 0.000000
vt 3.515939 6.952588 0.000000
vt 3.290558 7.176866 0.000000
vt 8.654619 1.682078 0.000000
vt 8.519390 1.700768 0.000000
vt 8.384162 1.794216 0.000000
vt 8.248933 1.906355 0.000000
vt 8.113705 2.018493 0.000000
vt 7.978477 2.242770 0.000000
vt 7.843248 2.691325 0.000000
vt 7.708020 2.915602 0.000000
vt 7.572791 3.139879 0.000000
vt 7.347411 3.364156 0.000000
vt 7.122030 3.588433 0.000000
vt 6.896649 3.812710 0.000000
vt 6.671269 4.036987 0.000000
vt 6.445888 4.261264 0.000000
vt 6.220507 4.485541 0.000000
vt 5.995126 4.709818 0.000000
vt 5.769746 4.934095 0.000000
vt 5.544365 5.158372 0.000000
vt 5.318984 5.382649 0.000000
vt 5.093604 5.606926 0.000000
vt 4.868223 5.831203 0.000000
vt 4.642842 6.055480 0.000000
vt 4.417462 6.279757 0.000000
vt 4.192081 6.504034 0.000000
vt 3.966700 6.728311 0.000000
vt 3.741320 6.952588 0.000000
vt 3.515939 7.176866 0.000000
vt 8.654619 1.794216 0.000000
vt 8.519390 1.794216 0.000000
vt 8.384162 1.906355 0.000000
vt 8.248933 2.018493 0.000000
vt 8.113705 2.242770 0.000000
vt 7.978477 2.691325 0.000000
vt 7.843248 2.915602 0.000000
vt 7.708020 3.139879 0.000000
vt 7.572791 3.364156 0.000000
vt 7.347411 3.588433 0.000000
vt 7.122030 3.812710 0.000000
vt 6.896649 4.036987 0.000000
vt 6.671269 4.261264 0.000000
vt 6.445888 4.485541 0.000000
vt 6.220507 4.709818 0.000000
vt 5.995126 4.934095 0.000000
vt 5.769746 5.158372 0.000000
vt 5.544365 5.382649 0.000000
vt 5.318984 5.606926 0.000000
vt 5.093604 5.831203 0.000000
vt 4.868223 6.055480 0.000000
vt 4.642842 6.279757 0.000000
vt 4.417462 6.504034 0.000000
vt 4.192081 6.728311 0.000000
vt 3.966700 6.952588 0.000000
vt 3.741320 7.176866 0.000000
vt 8.519390 1.906355 0.000000
vt 8.654619 1.906355 0.000000
vt 8.519390 2.018493 0.000000
vt 8.654619 2.018493 0.000000
vt 8.519390 2.242770 0.000000
vt 8.654619 2.242770 0.000000
vt 8.519390 2.691325 0.000000
vt 8.654619 2.691325 0.000000
vt 8.519390 2.915602 0.000000
vt 8.654619 2.915602 0.000000
vt 8.519390 3.139879 0.000000
vt 8.654619 3.139879 0.000000
vt 8.519390 3.364156 0.000000
vt 8.654619 3.364156 0.000000
vt 8.519390 3.588433 0.000000
vt 8.654619 3.588433 0.000000
vt 8.519390 3.812710 0.000000
vt 8.654619 3.812710 0.000000
vt 8.519390 4.036987 0.000000
vt 8.654619 4.036987 0.000000
vt 8.519390 4.261264 0.000000
vt 8.654619 4.261264 0.000000
vt 8.519390 4.485541 0.000000
vt 8.654619 4.485541 0.000000
vt 8.519390 4.709818 0.000000
vt 8.654619 4.709818 0.000000
vt 8.519390 4.934095 0.000000
vt 8.654619 4.934095 0.000000
vt 8.519390 5.158372 0.000000
vt 8.654619 5.158372 0.000000
vt 8.519390 5.382649 0.000000
vt 8.654619 5.382649 0.000000
vt 8.519390 5.606926 0.000000
vt 8.654619 5.606926 0.000000
vt 8.519390 5.831203 0.000000
vt 8.654619 5.831203 0.000000
vt 8.519390 6.055480 0.000000
vt 8.654619 6.055480 0.000000
vt 8.519390 6.279757 0.000000
vt 8.654619 6.279757 0.000000
vt 8.519390 6.504034 0.000000
vt 8.654619 6.504034 0.000000
vt 8.519390 6.728311 0.000000
vt 8.654619 6.728311 0.000000
vt 8.519390 6.952588 0.000000
vt 8.654619 6.952588 0.000000
vt 8.519390 7.176866 0.000000
vt 0.000000 6.728311 0.000000
vt 0.135228 6.728311 0.000000
vt 0.000000 6.952588 0.000000
vt 0.135228 6.952588 0.000000
vt 0.000000 7.176866 0.000000
vt 0.135228 6.504034 0.000000
vt 0.000000 6.504034 0.000000
vt 0.135228 6.279757 0.000000
vt 0.000000 6.279757 0.000000
vt 0.135228 6.055480 0.000000
vt 0.000000 6.055480 0.000000
vt 0.135228 5.831203 0.000000
vt 0.000000 5.831203 0.000000
vt 0.135228 5.606926 0.000000
vt 0.000000 5.606926 0.000000
vt 0.135228 5.382649 0.000000
vt 0.000000 5.382649 0.000000
vt 0.135228 5.158372 0.000000
vt 0.000000 5.158372 0.000000
vt 0.135228 4.934095 0.000000
vt 0.000000 4.934095 0.000000
vt 0.135228 4.709818 0.000000
vt 0.000000 4.709818 0.000000
vt 0.135228 4.485541 0.000000
vt 0.000000 4.485541 0.000000
vt 0.135228 4.261264 0.000000
vt 0.000000 4.261264 0.000000
vt 0.135228 4.036987 0.000000
vt 0.000000 4.036987 0.000000
vt 0.135228 3.812710 0.000000
vt 0.000000 3.812710 0.000000
vt 0.135228 3.588433 0.000000
vt 0.000000 3.588433 0.000000
vt 0.135228 3.364156 0.000000
vt 0.000000 3.364156 0.000000
vt 0.135228 3.139879 0.000000
vt 0.000000 3.139879 0.000000
vt 0.135228 2.915602 0.000000
vt 0.000000 2.915602 0.000000
vt 0.135228 2.691325 0.000000
vt 0.000000 2.691325 0.000000
vt 0.135228 2.242770 0.000000
vt 0.000000 2.242770 0.000000
vt 0.135228 2.018493 0.000000
vt 0.000000 2.018493 0.000000
vt 0.135228 1.906355 0.000000
vt 0.000000 1.906355 0.000000
vt 0.135228 1.794216 0.000000
vt 0.000000 1.794216 0.000000
vt 0.135228 1.700768 0.000000
vt 0.000000 1.682078 0.000000
vt 0.135228 1.607319 0.000000
vt 0.000000 1.569939 0.000000
vt 0.135228 1.420421 0.000000
vt 0.000000 1.345662 0.000000
vt 0.135228 1.233524 0.000000
vt 0.000000 1.121385 0.000000
vt 0.135228 1.046626 0.000000
vt 0.000000 1.009247 0.000000
vt 0.135228 0.953177 0.000000
vt 0.000000 0.897108 0.000000
vt 0.135228 0.859729 0.000000
vt 0.000000 0.784970 0.000000
vt 0.135228 0.766280 0.000000
vt 0.000000 0.672831 0.000000
vt 0.135228 0.672831 0.000000
vt 0.135228 0.579382 0.000000
vt 0.270457 0.579382 0.000000
vt 0.270457 0.485934 0.000000
vt 0.405685 0.485934 0.000000
vt 0.405685 0.392485 0.000000
vt 0.540914 0.392485 0.000000
vt 0.540914 0.299036 0.000000
vt 0.676142 0.299036 0.000000
vt 0.676142 0.224277 0.000000
vt 0.811370 0.224277 0.000000
vt 0.811370 0.149518 0.000000
vt 0.946599 0.149518 0.000000
vt 0.946599 0.000000 0.000000
vt 0.000000 0.560693 0.000000
vt 0.135228 0.485934 0.000000
vt 0.270457 0.392485 0.000000
vt 0.405685 0.299036 0.000000
vt 0.540914 0.224277 0.000000
vt 0.676142 0.149518 0.000000
vt 0.811370 0.000000 0.000000
vt 0.000000 0.448554 0.000000
vt 0.135228 0.392485 0.000000
vt 0.270457 0.299036 0.000000
vt 0.405685 0.224277 0.000000
vt 0.540914 0.149518 0.000000
vt 0.676142 0.000000 0.000000
vt 0.000000 0.336416 0.000000
vt 0.135228 0.299036 0.000000
vt 0.270457 0.224277 0.000000
vt 0.405685 0.149518 0.000000
vt 0.540914 0.000000 0.000000
vt 0.000000 0.280346 0.000000
vt 0.135228 0.224277 0.000000
vt 0.270457 0.149518 0.000000
vt 0.405685 0.000000 0.000000
vt 0.000000 0.224277 0.000000
vt 0.135228 0.149518 0.000000
vt 0.270457 0.000000 0.000000
vt 0.000000 0.112139 0.000000
vt 0.135228 0.000000 0.000000
vt 8.384162 7.176866 0.000000
vt 8.384162 6.952588 0.000000
vt 8.248933 7.176866 0.000000
vt 8.248933 6.952588 0.000000
vt 8.113705 7.176866 0.000000
vt 8.113705 6.952588 0.000000
vt 7.978477 7.176866 0.000000
vt 7.978477 6.952588 0.000000
vt 7.843248 7.176866 0.000000
vt 7.843248 6.952588 0.000000
vt 7.708020 7.176866 0.000000
vt 7.708020 6.952588 0.000000
vt 7.572791 7.176866 0.000000
vt 7.572791 6.952588 0.000000
vt 7.347411 7.176866 0.000000
vt 7.347411 6.952588 0.000000
vt 7.122030 7.176866 0.000000
vt 7.122030 6.952588 0.000000
vt 6.896649 7.176866 0.000000
vt 6.896649 6.952588 0.000000
vt 6.671269 7.176866 0.000000
vt 6.671269 6.952588 0.000000
vt 6.445888 7.176866 0.000000
vt 6.445888 6.952588 0.000000
vt 6.220507 7.176866 0.000000
vt 6.220507 6.952588 0.000000
vt 5.995126 7.176866 0.000000
vt 5.995126 6.952588 0.000000
vt 5.769746 6.952588 0.000000
vt 5.544365 7.176866 0.000000
vt 5.544365 6.952588 0.000000
vt 5.318984 7.176866 0.000000
vt 5.318984 6.952588 0.000000
vt 5.093604 7.176866 0.000000
vt 5.093604 6.952588 0.000000
vt 4.868223 7.176866 0.000000
vt 4.868223 6.952588 0.000000
vt 4.642842 7.176866 0.000000
vt 4.642842 6.952588 0.000000
vt 4.417462 7.176866 0.000000
vt 4.417462 6.952588 0.000000
vt 4.192081 7.176866 0.000000
vt 4.192081 6.952588 0.000000
vt 3.966700 7.176866 0.000000
vt 1.893198 7.176866 0.000000
vt 1.893198 6.952588 0.000000
vt 1.757969 7.176866 0.000000
vt 1.757969 6.952588 0.000000
vt 1.622741 7.176866 0.000000
vt 1.622741 6.952588 0.000000
vt 1.487513 7.176866 0.000000
vt 1.487513 6.952588 0.000000
vt 1.352284 7.176866 0.000000
vt 1.352284 6.952588 0.000000
vt 1.217056 7.176866 0.000000
vt 1.217056 6.952588 0.000000
vt 1.081827 7.176866 0.000000
vt 1.081827 6.952588 0.000000
vt 0.946599 7.176866 0.000000
vt 0.946599 6.952588 0.000000
vt 0.811370 7.176866 0.000000
vt 0.811370 6.952588 0.000000
vt 0.676142 7.176866 0.000000
vt 0.676142 6.952588 0.000000
vt 0.540914 7.176866 0.000000
vt 0.540914 6.952588 0.000000
vt 0.405685 7.176866 0.000000
vt 0.405685 6.952588 0.000000
vt 0.270457 7.176866 0.000000
vt 0.270457 6.952588 0.000000
vt 0.135228 7.176866 0.000000
vt 1.081827 0.000000 0.000000
vt 1.081827 0.149518 0.000000
vt 1.217056 0.000000 0.000000
vt 1.217056 0.149518 0.000000
vt 1.352284 0.000000 0.000000
vt 1.352284 0.149518 0.000000
vt 1.487513 0.000000 0.000000
vt 1.487513 0.149518 0.000000
vt 1.622741 0.000000 0.000000
vt 1.622741 0.149518 0.000000
vt 1.757969 0.000000 0.000000
vt 1.757969 0.149518 0.000000
vt 1.893198 0.000000 0.000000
vt 1.893198 0.149518 0.000000
vt 2.028426 0.000000 0.000000
vt 2.028426 0.149518 0.000000
vt 2.163655 0.000000 0.000000
vt 2.163655 0.149518 0.000000
vt 2.389035 0.000000 0.000000
vt 2.389035 0.149518 0.000000
vt 2.614416 0.000000 0.000000
vt 2.614416 0.149518 0.000000
vt 2.839797 0.000000 0.000000
vt 2.839797 0.149518 0.000000
vt 3.065177 0.149518 0.000000
vt 3.290558 0.000000 0.000000
vt 3.290558 0.149518 0.000000
vt 3.515939 0.000000 0.000000
vt 3.515939 0.149518 0.000000
vt 3.741320 0.000000 0.000000
vt 3.741320 0.149518 0.000000
vt 3.966700 0.000000 0.000000
vt 3.966700 0.149518 0.000000
vt 4.192081 0.000000 0.000000
vt 4.192081 0.149518 0.000000
vt 4.417462 0.000000 0.000000
vt 4.417462 0.149518 0.000000
vt 4.642842 0.000000 0.000000
vt 4.642842 0.149518 0.000000
vt 4.868223 0.000000 0.000000
vt 4.868223 0.149518 0.000000
vt 5.093604 0.000000 0.000000
vt 5.093604 0.149518 0.000000
vt 5.318984 0.000000 0.000000
vt 5.318984 0.149518 0.000000
vt 5.544365 0.000000 0.000000
vt 5.544365 0.149518 0.000000
vt 5.769746 0.149518 0.000000
vt 5.995126 0.000000 0.000000
vt 5.995126 0.149518 0.000000
vt 6.220507 0.000000 0.000000
vt 6.220507 0.149518 0.000000
vt 6.445888 0.000000 0.000000
vt 6.445888 0.149518 0.000000
vt 6.671269 0.000000 0.000000
vt 6.671269 0.149518 0.000000
vt 6.896649 0.000000 0.000000
vt 6.896649 0.149518 0.000000
vt 7.122030 0.000000 0.000000
vt 7.122030 0.149518 0.000000
vt 7.347411 0.000000 0.000000
vt 7.347411 0.149518 0.000000
vt 7.572791 0.000000 0.000000
vt 7.572791 0.149518 0.000000
vt 7.708020 0.000000 0.000000
vt 7.708020 0.149518 0.000000
vt 7.843248 0.000000 0.000000
vt 7.843248 0.149518 0.000000
vt 7.978477 0.000000 0.000000
vt 7.978477 0.149518 0.000000
vt 8.113705 0.000000 0.000000
vt 8.113705 0.149518 0.000000
vt 8.248933 0.000000 0.000000
vt 8.248933 0.149518 0.000000
vt 8.384162 0.000000 0.000000
vt 8.384162 0.149518 0.000000
vt 8.384162 0.224277 0.000000
vt 8.248933 0.224277 0.000000
vt 8.248933 0.299036 0.000000
vt 8.113705 0.299036 0.000000
vt 8.113705 0.392485 0.000000
vt 7.978477 0.392485 0.000000
vt 7.978477 0.485934 0.000000
vt 7.843248 0.485934 0.000000
vt 7.843248 0.579382 0.000000
vt 7.708020 0.579382 0.000000
vt 7.708020 0.672831 0.000000
vt 7.572791 0.672831 0.000000
vt 7.572791 0.766280 0.000000
vt 7.347411 0.766280 0.000000
vt 7.347411 0.859729 0.000000
vt 7.122030 0.859729 0.000000
vt 7.122030 0.953177 0.000000
vt 6.896649 0.953177 0.000000
vt 6.896649 1.046626 0.000000
vt 6.671269 1.046626 0.000000
vt 6.671269 1.233524 0.000000
vt 6.445888 1.233524 0.000000
vt 6.445888 1.420421 0.000000
vt 6.220507 1.420421 0.000000
vt 6.220507 1.607319 0.000000
vt 5.995126 1.607319 0.000000
vt 5.995126 1.700768 0.000000
vt 5.769746 1.700768 0.000000
vt 5.769746 1.794216 0.000000
vt 5.544365 1.794216 0.000000
vt 5.544365 1.906355 0.000000
vt 5.318984 1.906355 0.000000
vt 5.318984 2.018493 0.000000
vt 5.093604 2.018493 0.000000
vt 5.093604 2.242770 0.000000
vt 4.868223 2.242770 0.000000
vt 4.868223 2.691325 0.000000
vt 4.642842 2.691325 0.000000
vt 4.642842 2.915602 0.000000
vt 4.417462 2.915602 0.000000
vt 4.417462 3.139879 0.000000
vt 4.192081 3.139879 0.000000
vt 4.192081 3.364156 0.000000
vt 3.966700 3.364156 0.000000
vt 3.966700 3.588433 0.000000
vt 3.741320 3.588433 0.000000
vt 3.741320 3.812710 0.000000
vt 3.515939 3.812710 0.000000
vt 3.515939 4.036987 0.000000
vt 3.290558 4.036987 0.000000
vt 3.290558 4.261264 0.000000
vt 3.065177 4.261264 0.000000
vt 3.065177 4.485541 0.000000
vt 2.839797 4.485541 0.000000
vt 2.839797 4.709818 0.000000
vt 2.614416 4.709818 0.000000
vt 2.614416 4.934095 0.000000
vt 2.389035 4.934095 0.000000
vt 2.389035 5.158372 0.000000
vt 2.163655 5.158372 0.000000
vt 2.163655 5.382649 0.000000
vt 2.028426 5.382649 0.000000
vt 2.028426 5.606926 0.000000
vt 1.893198 5.606926 0.000000
vt 1.893198 5.831203 0.000000
vt 1.757969 5.831203 0.000000
vt 1.757969 6.055480 0.000000
vt 1.622741 6.055480 0.000000
vt 1.622741 6.279757 0.000000
vt 1.487513 6.279757 0.000000
vt 1.487513 6.504034 0.000000
vt 1.352284 6.504034 0.000000
vt 1.352284 6.728311 0.000000
vt 1.217056 6.728311 0.000000
vt 8.113705 0.224277 0.000000
vt 7.978477 0.224277 0.000000
vt 7.843248 0.224277 0.000000
vt 7.708020 0.224277 0.000000
vt 7.572791 0.224277 0.000000
vt 7.347411 0.224277 0.000000
vt 7.122030 0.224277 0.000000
vt 6.896649 0.224277 0.000000
vt 6.671269 0.224277 0.000000
vt 6.445888 0.224277 0.000000
vt 6.220507 0.224277 0.000000
vt 5.995126 0.224277 0.000000
vt 5.769746 0.224277 0.000000
vt 5.544365 0.224277 0.000000
vt 5.318984 0.224277 0.000000
vt 5.093604 0.224277 0.000000
vt 4.868223 0.224277 0.000000
vt 4.642842 0.224277 0.000000
vt 4.417462 0.224277 0.000000
vt 4.192081 0.224277 0.000000
vt 3.966700 0.224277 0.000000
vt 3.741320 0.224277 0.000000
vt 3.515939 0.224277 0.000000
vt 3.290558 0.224277 0.000000
vt 3.065177 0.224277 0.000000
vt 2.839797 0.224277 0.000000
vt 2.614416 0.224277 0.000000
vt 2.389035 0.224277 0.000000
vt 2.163655 0.224277 0.000000
vt 2.028426 0.224277 0.000000
vt 1.893198 0.224277 0.000000
vt 1.757969 0.224277 0.000000
vt 1.622741 0.224277 0.000000
vt 1.487513 0.224277 0.000000
vt 1.352284 0.224277 0.000000
vt 1.217056 0.224277 0.000000
vt 1.081827 0.224277 0.000000
vt 0.946599 0.224277 0.000000
vt 5.769746 0.000000 0.000000
vt 3.065177 0.000000 0.000000
vt 8.384162 0.299036 0.000000
vt 8.248933 0.392485 0.000000
vt 8.113705 0.485934 0.000000
vt 7.978477 0.579382 0.000000
vt 7.843248 0.672831 0.000000
vt 7.708020 0.766280 0.000000
vt 7.572791 0.859729 0.000000
vt 7.347411 0.953177 0.000000
vt 7.122030 1.046626 0.000000
vt 6.896649 1.233524 0.000000
vt 6.671269 1.420421 0.000000
vt 6.445888 1.607319 0.000000
vt 6.220507 1.700768 0.000000
vt 5.995126 1.794216 0.000000
vt 5.769746 1.906355 0.000000
vt 5.544365 2.018493 0.000000
vt 5.318984 2.242770 0.000000
vt 5.093604 2.691325 0.000000
vt 4.868223 2.915602 0.000000
vt 4.642842 3.139879 0.000000
vt 4.417462 3.364156 0.000000
vt 4.192081 3.588433 0.000000
vt 3.966700 3.812710 0.000000
vt 3.741320 4.036987 0.000000
vt 3.515939 4.261264 0.000000
vt 3.290558 4.485541 0.000000
vt 3.065177 4.709818 0.000000
vt 2.839797 4.934095 0.000000
vt 2.614416 5.158372 0.000000
vt 2.389035 5.382649 0.000000
vt 2.163655 5.606926 0.000000
vt 2.028426 5.831203 0.000000
vt 1.893198 6.055480 0.000000
vt 1.757969 6.279757 0.000000
vt 1.622741 6.504034 0.000000
vt 1.487513 6.728311 0.000000
vt 8.384162 0.392485 0.000000
vt 8.384162 0.485934 0.000000
vt 8.384162 0.579382 0.000000
vt 8.384162 0.672831 0.000000
vt 7.978477 0.299036 0.000000
vt 7.843248 0.299036 0.000000
vt 7.843248 0.392485 0.000000
vt 7.708020 0.299036 0.000000
vt 7.708020 0.392485 0.000000
vt 7.708020 0.485934 0.000000
vt 7.572791 0.299036 0.000000
vt 7.572791 0.392485 0.000000
vt 7.572791 0.485934 0.000000
vt 7.572791 0.579382 0.000000
vt 7.347411 0.299036 0.000000
vt 7.347411 0.392485 0.000000
vt 7.347411 0.485934 0.000000
vt 7.347411 0.579382 0.000000
vt 7.347411 0.672831 0.000000
vt 7.122030 0.299036 0.000000
vt 7.122030 0.392485 0.000000
vt 7.122030 0.485934 0.000000
vt 7.122030 0.579382 0.000000
vt 7.122030 0.672831 0.000000
vt 7.122030 0.766280 0.000000
vt 6.896649 0.299036 0.000000
vt 6.896649 0.392485 0.000000
vt 6.896649 0.485934 0.000000
vt 6.896649 0.579382 0.000000
vt 6.896649 0.672831 0.000000
vt 6.896649 0.766280 0.000000
vt 6.896649 0.859729 0.000000
vt 6.671269 0.299036 0.000000
vt 6.671269 0.392485 0.000000
vt 6.671269 0.485934 0.000000
vt 6.671269 0.579382 0.000000
vt 6.671269 0.672831 0.000000
vt 6.671269 0.766280 0.000000
vt 6.671269 0.859729 0.000000
vt 6.671269 0.953177 0.000000
vt 6.445888 0.299036 0.000000
vt 6.445888 0.392485 0.000000
vt 6.445888 0.485934 0.000000
vt 6.445888 0.579382 0.000000
vt 6.445888 0.672831 0.000000
vt 6.445888 0.766280 0.000000
vt 6.445888 0.859729 0.000000
vt 6.445888 0.953177 0.000000
vt 6.445888 1.046626 0.000000
vt 6.220507 0.299036 0.000000
vt 6.220507 0.392485 0.000000
vt 6.220507 0.485934 0.000000
vt 6.220507 0.579382 0.000000
vt 6.220507 0.672831 0.000000
vt 6.220507 0.766280 0.000000
vt 6.220507 0.859729 0.000000
vt 6.220507 0.953177 0.000000
vt 6.220507 1.046626 0.000000
vt 6.220507 1.233524 0.000000
vt 5.995126 0.299036 0.000000
vt 5.995126 0.392485 0.000000
vt 5.995126 0.485934 0.000000
vt 5.995126 0.579382 0.000000
vt 5.995126 0.672831 0.000000
vt 5.995126 0.766280 0.000000
vt 5.995126 0.859729 0.000000
vt 5.995126 0.953177 0.000000
vt 5.995126 1.046626 0.000000
vt 5.995126 1.233524 0.000000
vt 5.995126 1.420421 0.000000
vt 5.769746 0.299036 0.000000
vt 5.769746 0.392485 0.000000
vt 5.769746 0.485934 0.000000
vt 5.769746 0.579382 0.000000
vt 5.769746 0.672831 0.000000
vt 5.769746 0.766280 0.000000
vt 5.769746 0.859729 0.000000
vt 5.769746 0.953177 0.000000
vt 5.769746 1.046626 0.000000
vt 5.769746 1.233524 0.000000
vt 5.769746 1.420421 0.000000
vt 5.769746 1.607319 0.000000
vt 5.544365 0.299036 0.000000
vt 5.544365 0.392485 0.000000
vt 5.544365 0.485934 0.000000
vt 5.544365 0.579382 0.000000
vt 5.544365 0.672831 0.000000
vt 5.544365 0.766280 0.000000
vt 5.544365 0.859729 0.000000
vt 5.544365 0.953177 0.000000
vt 5.544365 1.046626 0.000000
vt 5.544365 1.233524 0.000000
vt 5.544365 1.420421 0.000000
vt 5.544365 1.607319 0.000000
vt 5.544365 1.700768 0.000000
vt 5.318984 0.299036 0.000000
vt 5.318984 0.392485 0.000000
vt 5.318984 0.485934 0.000000
vt 5.318984 0.579382 0.000000
vt 5.318984 0.672831 0.000000
vt 5.318984 0.766280 0.000000
vt 5.318984 0.859729 0.000000
vt 5.318984 0.953177 0.000000
vt 5.318984 1.046626 0.000000
vt 5.318984 1.233524 0.000000
vt 5.318984 1.420421 0.000000
vt 5.318984 1.607319 0.000000
vt 5.318984 1.700768 0.000000
vt 5.318984 1.794216 0.000000
vt 5.093604 0.299036 0.000000
vt 5.093604 0.392485 0.000000
vt 5.093604 0.485934 0.000000
vt 5.093604 0.579382 0.000000
vt 5.093604 0.672831 0.000000
vt 5.093604 0.766280 0.000000
vt 5.093604 0.859729 0.000000
vt 5.093604 0.953177 0.000000
vt 5.093604 1.046626 0.000000
vt 5.093604 1.233524 0.000000
vt 5.093604 1.420421 0.000000
vt 5.093604 1.607319 0.000000
vt 5.093604 1.700768 0.000000
vt 5.093604 1.794216 0.000000
vt 5.093604 1.906355 0.000000
vt 4.868223 0.299036 0.000000
vt 4.868223 0.392485 0.000000
vt 4.868223 0.485934 0.000000
vt 4.868223 0.579382 0.000000
vt 4.868223 0.672831 0.000000
vt 4.868223 0.766280 0.000000
vt 4.868223 0.859729 0.000000
vt 4.868223 0.953177 0.000000
vt 4.868223 1.046626 0.000000
vt 4.868223 1.233524 0.000000
vt 4.868223 1.420421 0.000000
vt 4.868223 1.607319 0.000000
vt 4.868223 1.700768 0.000000
vt 4.868223 1.794216 0.000000
vt 4.868223 1.906355 0.000000
vt 4.868223 2.018493 0.000000
vt 4.642842 0.299036 0.000000
vt 4.642842 0.392485 0.000000
vt 4.642842 0.485934 0.000000
vt 4.642842 0.579382 0.000000
vt 4.642842 0.672831 0.000000
vt 4.642842 0.766280 0.000000
vt 4.642842 0.859729 0.000000
vt 4.642842 0.953177 0.000000
vt 4.642842 1.046626 0.000000
vt 4.642842 1.233524 0.000000
vt 4.642842 1.420421 0.000000
vt 4.642842 1.607319 0.000000
vt 4.642842 1.700768 0.000000
vt 4.642842 1.794216 0.000000
vt 4.642842 1.906355 0.000000
vt 4.642842 2.018493 0.000000
vt 4.642842 2.242770 0.000000
vt 4.417462 0.299036 0.000000
vt 4.417462 0.392485 0.000000
vt 4.417462 0.485934 0.000000
vt 4.417462 0.579382 0.000000
vt 4.417462 0.672831 0.000000
vt 4.417462 0.766280 0.000000
vt 4.417462 0.859729 0.000000
vt 4.417462 0.953177 0.000000
vt 4.417462 1.046626 0.000000
vt 4.417462 1.233524 0.000000
vt 4.417462 1.420421 0.000000
vt 4.417462 1.607319 0.000000
vt 4.417462 1.700768 0.000000
vt 4.417462 1.794216 0.000000
vt 4.417462 1.906355 0.000000
vt 4.417462 2.018493 0.000000
vt 4.417462 2.242770 0.000000
vt 4.417462 2.691325 0.000000
vt 4.192081 0.299036 0.000000
vt 4.192081 0.392485 0.000000
vt 4.192081 0.485934 0.000000
vt 4.192081 0.579382 0.000000
vt 4.192081 0.672831 0.000000
vt 4.192081 0.766280 0.000000
vt 4.192081 0.859729 0.000000
vt 4.192081 0.953177 0.000000
vt 4.192081 1.046626 0.000000
vt 4.192081 1.233524 0.000000
vt 4.192081 1.420421 0.000000
vt 4.192081 1.607319 0.000000
vt 4.192081 1.700768 0.000000
vt 4.192081 1.794216 0.000000
vt 4.192081 1.906355 0.000000
vt 4.192081 2.018493 0.000000
vt 4.192081 2.242770 0.000000
vt 4.192081 2.691325 0.000000
vt 4.192081 2.915602 0.000000
vt 3.966700 0.299036 0.000000
vt 3.966700 0.392485 0.000000
vt 3.966700 0.485934 0.000000
vt 3.966700 0.579382 0.000000
vt 3.966700 0.672831 0.000000
vt 3.966700 0.766280 0.000000
vt 3.966700 0.859729 0.000000
vt 3.966700 0.953177 0.000000
vt 3.966700 1.046626 0.000000
vt 3.966700 1.233524 0.000000
vt 3.966700 1.420421 0.000000
vt 3.966700 1.607319 0.000000
vt 3.966700 1.700768 0.000000
vt 3.966700 1.794216 0.000000
vt 3.966700 1.906355 0.000000
vt 3.966700 2.018493 0.000000
vt 3.966700 2.242770 0.000000
vt 3.966700 2.691325 0.000000
vt 3.966700 2.915602 0.000000
vt 3.966700 3.139879 0.000000
vt 3.741320 0.299036 0.000000
vt 3.741320 0.392485 0.000000
vt 3.741320 0.485934 0.000000
vt 3.741320 0.579382 0.000000
vt 3.741320 0.672831 0.000000
vt 3.741320 0.766280 0.000000
vt 3.741320 0.859729 0.000000
vt 3.741320 0.953177 0.000000
vt 3.741320 1.046626 0.000000
vt 3.741320 1.233524 0.000000
vt 3.741320 1.420421 0.000000
vt 3.741320 1.607319 0.000000
vt 3.741320 1.700768 0.000000
vt 3.741320 1.794216 0.000000
vt 3.741320 1.906355 0.000000
vt 3.741320 2.018493 0.000000
vt 3.741320 2.242770 0.000000
vt 3.741320 2.691325 0.000000
vt 3.741320 2.915602 0.000000
vt 3.741320 3.139879 0.000000
vt 3.741320 3.364156 0.000000
vt 3.515939 0.299036 0.000000
vt 3.515939 0.392485 0.000000
vt 3.515939 0.485934 0.000000
vt 3.515939 0.579382 0.000000
vt 3.515939 0.672831 0.000000
vt 3.515939 0.766280 0.000000
vt 3.515939 0.859729 0.000000
vt 3.515939 0.953177 0.000000
vt 3.515939 1.046626 0.000000
vt 3.515939 1.233524 0.000000
vt 3.515939 1.420421 0.000000
vt 3.515939 1.607319 0.000000
vt 3.515939 1.700768 0.000000
vt 3.515939 1.794216 0.000000
vt 3.515939 1.906355 0.000000
vt 3.515939 2.018493 0.000000
vt 3.515939 2.242770 0.000000
vt 3.515939 2.691325 0.000000
vt 3.515939 2.915602 0.000000
vt 3.515939 3.139879 0.000000
vt 3.515939 3.364156 0.000000
vt 3.515939 3.588433 0.000000
vt 3.290558 0.299036 0.000000
vt 3.290558 0.392485 0.000000
vt 3.290558 0.485934 0.000000
vt 3.290558 0.579382 0.000000
vt 3.290558 0.672831 0.000000
vt 3.290558 0.766280 0.000000
vt 3.290558 0.859729 0.000000
vt 3.290558 0.953177 0.000000
vt 3.290558 1.046626 0.000000
vt 3.290558 1.233524 0.000000
vt 3.290558 1.420421 0.000000
vt 3.290558 1.607319 0.000000
vt 3.290558 1.700768 0.000000
vt 3.290558 1.794216 0.000000
vt 3.290558 1.906355 0.000000
vt 3.290558 2.018493 0.000000
vt 3.290558 2.242770 0.000000
vt 3.290558 2.691325 0.000000
vt 3.290558 2.915602 0.000000
vt 3.290558 3.139879 0.000000
vt 3.290558 3.364156 0.000000
vt 3.290558 3.588433 0.000000
vt 3.290558 3.812710 0.000000
vt 3.065177 0.299036 0.000000
vt 3.065177 0.392485 0.000000
vt 3.065177 0.485934 0.000000
vt 3.065177 0.579382 0.000000
vt 3.065177 0.672831 0.000000
vt 3.065177 0.766280 0.000000
vt 3.065177 0.859729 0.000000
vt 3.065177 0.953177 0.000000
vt 3.065177 1.046626 0.000000
vt 3.065177 1.233524 0.000000
vt 3.065177 1.420421 0.000000
vt 3.065177 1.607319 0.000000
vt 3.065177 1.700768 0.000000
vt 3.065177 1.794216 0.000000
vt 3.065177 1.906355 0.000000
vt 3.065177 2.018493 0.000000
vt 3.065177 2.242770 0.000000
vt 3.065177 2.691325 0.000000
vt 3.065177 2.915602 0.000000
vt 3.065177 3.139879 0.000000
vt 3.065177 3.364156 0.000000
vt 3.065177 3.588433 0.000000
vt 3.065177 3.812710 0.000000
vt 3.065177 4.036987 0.000000
vt 2.839797 0.299036 0.000000
vt 2.839797 0.392485 0.000000
vt 2.839797 0.485934 0.000000
vt 2.839797 0.579382 0.000000
vt 2.839797 0.672831 0.000000
vt 2.839797 0.766280 0.000000
vt 2.839797 0.859729 0.000000
vt 2.839797 0.953177 0.000000
vt 2.839797 1.046626 0.000000
vt 2.839797 1.233524 0.000000
vt 2.839797 1.420421 0.000000
vt 2.839797 1.607319 0.000000
vt 2.839797 1.700768 0.000000
vt 2.839797 1.794216 0.000000
vt 2.839797 1.906355 0.000000
vt 2.839797 2.018493 0.000000
vt 2.839797 2.242770 0.000000
vt 2.839797 2.691325 0.000000
vt 2.839797 2.915602 0.000000
vt 2.839797 3.139879 0.000000
vt 2.839797 3.364156 0.000000
vt 2.839797 3.588433 0.000000
vt 2.839797 3.812710 0.000000
vt 2.839797 4.036987 0.000000
vt 2.839797 4.261264 0.000000
vt 2.614416 0.299036 0.000000
vt 2.614416 0.392485 0.000000
vt 2.614416 0.485934 0.000000
vt 2.614416 0.579382 0.000000
vt 2.614416 0.672831 0.000000
vt 2.614416 0.766280 0.000000
vt 2.614416 0.859729 0.000000
vt 2.614416 0.953177 0.000000
vt 2.614416 1.046626 0.000000
vt 2.614416 1.233524 0.000000
vt 2.614416 1.420421 0.000000
vt 2.614416 1.607319 0.000000
vt 2.614416 1.700768 0.000000
vt 2.614416 1.794216 0.000000
vt 2.614416 1.906355 0.000000
vt 2.614416 2.018493 0.000000
vt 2.614416 2.242770 0.000000
vt 2.614416 2.691325 0.000000
vt 2.614416 2.915602 0.000000
vt 2.614416 3.139879 0.000000
vt 2.614416 3.364156 0.000000
vt 2.614416 3.588433 0.000000
vt 2.614416 3.812710 0.000000
vt 2.614416 4.036987 0.000000
vt 2.614416 4.261264 0.000000
vt 2.614416 4.485541 0.000000
vt 2.389035 0.299036 0.000000
vt 2.389035 0.392485 0.000000
vt 2.389035 0.485934 0.000000
vt 2.389035 0.579382 0.000000
vt 2.389035 0.672831 0.000000
vt 2.389035 0.766280 0.000000
vt 2.389035 0.859729 0.000000
vt 2.389035 0.953177 0.000000
vt 2.389035 1.046626 0.000000
vt 2.389035 1.233524 0.000000
vt 2.389035 1.420421 0.000000
vt 2.389035 1.607319 0.000000
vt 2.389035 1.700768 0.000000
vt 2.389035 1.794216 0.000000
vt 2.389035 1.906355 0.000000
vt 2.389035 2.018493 0.000000
vt 2.389035 2.242770 0.000000
vt 2.389035 2.691325 0.000000
vt 2.389035 2.915602 0.000000
vt 2.389035 3.139879 0.000000
vt 2.389035 3.364156 0.000000
vt 2.389035 3.588433 0.000000
vt 2.389035 3.812710 0.000000
vt 2.389035 4.036987 0.000000
vt 2.389035 4.261264 0.000000
vt 2.389035 4.485541 0.000000
vt 2.389035 4.709818 0.000000
vt 2.163655 0.299036 0.000000
vt 2.163655 0.392485 0.000000
vt 2.163655 0.485934 0.000000
vt 2.163655 0.579382 0.000000
vt 2.163655 0.672831 0.000000
vt 2.163655 0.766280 0.000000
vt 2.163655 0.859729 0.000000
vt 2.163655 0.953177 0.000000
vt 2.163655 1.046626 0.000000
vt 2.163655 1.233524 0.000000
vt 2.163655 1.420421 0.000000
vt 2.163655 1.607319 0.000000
vt 2.163655 1.700768 0.000000
vt 2.163655 1.794216 0.000000
vt 2.163655 1.906355 0.000000
vt 2.163655 2.018493 0.000000
vt 2.163655 2.242770 0.000000
vt 2.163655 2.691325 0.000000
vt 2.163655 2.915602 0.000000
vt 2.163655 3.139879 0.000000
vt 2.163655 3.364156 0.000000
vt 2.163655 3.588433 0.000000
vt 2.163655 3.812710 0.000000
vt 2.163655 4.036987 0.000000
vt 2.163655 4.261264 0.000000
vt 2.163655 4.485541 0.000000
vt 2.163655 4.709818 0.000000
vt 2.163655 4.934095 0.000000
vt 2.028426 0.299036 0.000000
vt 2.028426 0.392485 0.000000
vt 2.028426 0.485934 0.000000
vt 2.028426 0.579382 0.000000
vt 2.028426 0.672831 0.000000
vt 2.028426 0.766280 0.000000
vt 2.028426 0.859729 0.000000
vt 2.028426 0.953177 0.000000
vt 2.028426 1.046626 0.000000
vt 2.028426 1.233524 0.000000
vt 2.028426 1.420421 0.000000
vt 2.028426 1.607319 0.000000
vt 2.028426 1.700768 0.000000
vt 2.028426 1.794216 0.000000
vt 2.028426 1.906355 0.000000
vt 2.028426 2.018493 0.000000
vt 2.028426 2.242770 0.000000
vt 2.028426 2.691325 0.000000
vt 2.028426 2.915602 0.000000
vt 2.028426 3.139879 0.000000
vt 2.028426 3.364156 0.000000
vt 2.028426 3.588433 0.000000
vt 2.028426 3.812710 0.000000
vt 2.028426 4.036987 0.000000
vt 2.028426 4.261264 0.000000
vt 2.028426 4.485541 0.000000
vt 2.028426 4.709818 0.000000
vt 2.028426 4.934095 0.000000
vt 2.028426 5.158372 0.000000
vt 1.893198 0.299036 0.000000
vt 1.893198 0.392485 0.000000
vt 1.893198 0.485934 0.000000
vt 1.893198 0.579382 0.000000
vt 1.893198 0.672831 0.000000
vt 1.893198 0.766280 0.000000
vt 1.893198 0.859729 0.000000
vt 1.893198 0.953177 0.000000
vt 1.893198 1.046626 0.000000
vt 1.893198 1.233524 0.000000
vt 1.893198 1.420421 0.000000
vt 1.893198 1.607319 0.000000
vt 1.893198 1.700768 0.000000
vt 1.893198 1.794216 0.000000
vt 1.893198 1.906355 0.000000
vt 1.893198 2.018493 0.000000
vt 1.893198 2.242770 0.000000
vt 1.893198 2.691325 0.000000
vt 1.893198 2.915602 0.000000
vt 1.893198 3.139879 0.000000
vt 1.893198 3.364156 0.000000
vt 1.893198 3.588433 0.000000
vt 1.893198 3.812710 0.000000
vt 1.893198 4.036987 0.000000
vt 1.893198 4.261264 0.000000
vt 1.893198 4.485541 0.000000
vt 1.893198 4.709818 0.000000
vt 1.893198 4.934095 0.000000
vt 1.893198 5.158372 0.000000
vt 1.893198 5.382649 0.000000
vt 1.757969 0.299036 0.000000
vt 1.757969 0.392485 0.000000
vt 1.757969 0.485934 0.000000
vt 1.757969 0.579382 0.000000
vt 1.757969 0.672831 0.000000
vt 1.757969 0.766280 0.000000
vt 1.757969 0.859729 0.000000
vt 1.757969 0.953177 0.000000
vt 1.757969 1.046626 0.000000
vt 1.757969 1.233524 0.000000
vt 1.757969 1.420421 0.000000
vt 1.757969 1.607319 0.000000
vt 1.757969 1.700768 0.000000
vt 1.757969 1.794216 0.000000
vt 1.757969 1.906355 0.000000
vt 1.757969 2.018493 0.000000
vt 1.757969 2.242770 0.000000
vt 1.757969 2.691325 0.000000
vt 1.757969 2.915602 0.000000
vt 1.757969 3.139879 0.000000
vt 1.757969 3.364156 0.000000
vt 1.757969 3.588433 0.000000
vt 1.757969 3.812710 0.000000
vt 1.757969 4.036987 0.000000
vt 1.757969 4.261264 0.000000
vt 1.757969 4.485541 0.000000
vt 1.757969 4.709818 0.000000
vt 1.757969 4.934095 0.000000
vt 1.757969 5.158372 0.000000
vt 1.757969 5.382649 0.000000
vt 1.757969 5.606926 0.000000
vt 1.622741 0.299036 0.000000
vt 1.622741 0.392485 0.000000
vt 1.622741 0.485934 0.000000
vt 1.622741 0.579382 0.000000
vt 1.622741 0.672831 0.000000
vt 1.622741 0.766280 0.000000
vt 1.622741 0.859729 0.000000
vt 1.622741 0.953177 0.000000
vt 1.622741 1.046626 0.000000
vt 1.622741 1.233524 0.000000
vt 1.622741 1.420421 0.000000
vt 1.622741 1.607319 0.000000
vt 1.622741 1.700768 0.000000
vt 1.622741 1.794216 0.000000
vt 1.622741 1.906355 0.000000
vt 1.622741 2.018493 0.000000
vt 1.622741 2.242770 0.000000
vt 1.622741 2.691325 0.000000
vt 1.622741 2.915602 0.000000
vt 1.622741 3.139879 0.000000
vt 1.622741 3.364156 0.000000
vt 1.622741 3.588433 0.000000
vt 1.622741 3.812710 0.000000
vt 1.622741 4.036987 0.000000
vt 1.622741 4.261264 0.000000
vt 1.622741 4.485541 0.000000
vt 1.622741 4.709818 0.000000
vt 1.622741 4.934095 0.000000
vt 1.622741 5.158372 0.000000
vt 1.622741 5.382649 0.000000
vt 1.622741 5.606926 0.000000
vt 1.622741 5.831203 0.000000
vt 1.487513 0.299036 0.000000
vt 1.487513 0.392485 0.000000
vt 1.487513 0.485934 0.000000
vt 1.487513 0.579382 0.000000
vt 1.487513 0.672831 0.000000
vt 1.487513 0.766280 0.000000
vt 1.487513 0.859729 0.000000
vt 1.487513 0.953177 0.000000
vt 1.487513 1.046626 0.000000
vt 1.487513 1.233524 0.000000
vt 1.487513 1.420421 0.000000
vt 1.487513 1.607319 0.000000
vt 1.487513 1.700768 0.000000
vt 1.487513 1.794216 0.000000
vt 1.487513 1.906355 0.000000
vt 1.487513 2.018493 0.000000
vt 1.487513 2.242770 0.000000
vt 1.487513 2.691325 0.000000
vt 1.487513 2.915602 0.000000
vt 1.487513 3.139879 0.000000
vt 1.487513 3.364156 0.000000
vt 1.487513 3.588433 0.000000
vt 1.487513 3.812710 0.000000
vt 1.487513 4.036987 0.000000
vt 1.487513 4.261264 0.000000
vt 1.487513 4.485541 0.000000
vt 1.487513 4.709818 0.000000
vt 1.487513 4.934095 0.000000
vt 1.487513 5.158372 0.000000
vt 1.487513 5.382649 0.000000
vt 1.487513 5.606926 0.000000
vt 1.487513 5.831203 0.000000
vt 1.487513 6.055480 0.000000
vt 1.352284 0.299036 0.000000
vt 1.352284 0.392485 0.000000
vt 1.352284 0.485934 0.000000
vt 1.352284 0.579382 0.000000
vt 1.352284 0.672831 0.000000
vt 1.352284 0.766280 0.000000
vt 1.352284 0.859729 0.000000
vt 1.352284 0.953177 0.000000
vt 1.352284 1.046626 0.000000
vt 1.352284 1.233524 0.000000
vt 1.352284 1.420421 0.000000
vt 1.352284 1.607319 0.000000
vt 1.352284 1.700768 0.000000
vt 1.352284 1.794216 0.000000
vt 1.352284 1.906355 0.000000
vt 1.352284 2.018493 0.000000
vt 1.352284 2.242770 0.000000
vt 1.352284 2.691325 0.000000
vt 1.352284 2.915602 0.000000
vt 1.352284 3.139879 0.000000
vt 1.352284 3.364156 0.000000
vt 1.352284 3.588433 0.000000
vt 1.352284 3.812710 0.000000
vt 1.352284 4.036987 0.000000
vt 1.352284 4.261264 0.000000
vt 1.352284 4.485541 0.000000
vt 1.352284 4.709818 0.000000
vt 1.352284 4.934095 0.000000
vt 1.352284 5.158372 0.000000
vt 1.352284 5.382649 0.000000
vt 1.352284 5.606926 0.000000
vt 1.352284 5.831203 0.000000
vt 1.352284 6.055480 0.000000
vt 1.352284 6.279757 0.000000
vt 1.217056 0.299036 0.000000
vt 1.217056 0.392485 0.000000
vt 1.217056 0.485934 0.000000
vt 1.217056 0.579382 0.000000
vt 1.217056 0.672831 0.000000
vt 1.217056 0.766280 0.000000
vt 1.217056 0.859729 0.000000
vt 1.217056 0.953177 0.000000
vt 1.217056 1.046626 0.000000
vt 1.217056 1.233524 0.000000
vt 1.217056 1.420421 0.000000
vt 1.217056 1.607319 0.000000
vt 1.217056 1.700768 0.000000
vt 1.217056 1.794216 0.000000
vt 1.217056 1.906355 0.000000
vt 1.217056 2.018493 0.000000
vt 1.217056 2.242770 0.000000
vt 1.217056 2.691325 0.000000
vt 1.217056 2.915602 0.000000
vt 1.217056 3.139879 0.000000
vt 1.217056 3.364156 0.000000
vt 1.217056 3.588433 0.000000
vt 1.217056 3.812710 0.000000
vt 1.217056 4.036987 0.000000
vt 1.217056 4.261264 0.000000
vt 1.217056 4.485541 0.000000
vt 1.217056 4.709818 0.000000
vt 1.217056 4.934095 0.000000
vt 1.217056 5.158372 0.000000
vt 1.217056 5.382649 0.000000
vt 1.217056 5.606926 0.000000
vt 1.217056 5.831203 0.000000
vt 1.217056 6.055480 0.000000
vt 1.217056 6.279757 0.000000
vt 1.217056 6.504034 0.000000
vt 1.081827 0.299036 0.000000
vt 1.081827 0.392485 0.000000
vt 1.081827 0.485934 0.000000
vt 1.081827 0.579382 0.000000
vt 1.081827 0.672831 0.000000
vt 1.081827 0.766280 0.000000
vt 1.081827 0.859729 0.000000
vt 1.081827 0.953177 0.000000
vt 1.081827 1.046626 0.000000
vt 1.081827 1.233524 0.000000
vt 1.081827 1.420421 0.000000
vt 1.081827 1.607319 0.000000
vt 1.081827 1.700768 0.000000
vt 1.081827 1.794216 0.000000
vt 1.081827 1.906355 0.000000
vt 1.081827 2.018493 0.000000
vt 1.081827 2.242770 0.000000
vt 1.081827 2.691325 0.000000
vt 1.081827 2.915602 0.000000
vt 1.081827 3.139879 0.000000
vt 1.081827 3.364156 0.000000
vt 1.081827 3.588433 0.000000
vt 1.081827 3.812710 0.000000
vt 1.081827 4.036987 0.000000
vt 1.081827 4.261264 0.000000
vt 1.081827 4.485541 0.000000
vt 1.081827 4.709818 0.000000
vt 1.081827 4.934095 0.000000
vt 1.081827 5.158372 0.000000
vt 1.081827 5.382649 0.000000
vt 1.081827 5.606926 0.000000
vt 1.081827 5.831203 0.000000
vt 1.081827 6.055480 0.000000
vt 1.081827 6.279757 0.000000
vt 1.081827 6.504034 0.000000
vt 1.081827 6.728311 0.000000
vt 0.946599 0.299036 0.000000
vt 0.946599 0.392485 0.000000
vt 0.946599 0.485934 0.000000
vt 0.946599 0.579382 0.000000
vt 0.946599 0.672831 0.000000
vt 0.946599 0.766280 0.000000
vt 0.946599 0.859729 0.000000
vt 0.946599 0.953177 0.000000
vt 0.946599 1.046626 0.000000
vt 0.946599 1.233524 0.000000
vt 0.946599 1.420421 0.000000
vt 0.946599 1.607319 0.000000
vt 0.946599 1.700768 0.000000
vt 0.946599 1.794216 0.000000
vt 0.946599 1.906355 0.000000
vt 0.946599 2.018493 0.000000
vt 0.946599 2.242770 0.000000
vt 0.946599 2.691325 0.000000
vt 0.946599 2.915602 0.000000
vt 0.946599 3.139879 0.000000
vt 0.946599 3.364156 0.000000
vt 0.946599 3.588433 0.000000
vt 0.946599 3.812710 0.000000
vt 0.946599 4.036987 0.000000
vt 0.946599 4.261264 0.000000
vt 0.946599 4.485541 0.000000
vt 0.946599 4.709818 0.000000
vt 0.946599 4.934095 0.000000
vt 0.946599 5.158372 0.000000
vt 0.946599 5.382649 0.000000
vt 0.946599 5.606926 0.000000
vt 0.946599 5.831203 0.000000
vt 0.946599 6.055480 0.000000
vt 0.946599 6.279757 0.000000
vt 0.946599 6.504034 0.000000
vt 0.946599 6.728311 0.000000
vt 0.811370 0.299036 0.000000
vt 0.811370 0.392485 0.000000
vt 0.811370 0.485934 0.000000
vt 0.811370 0.579382 0.000000
vt 0.811370 0.672831 0.000000
vt 0.811370 0.766280 0.000000
vt 0.811370 0.859729 0.000000
vt 0.811370 0.953177 0.000000
vt 0.811370 1.046626 0.000000
vt 0.811370 1.233524 0.000000
vt 0.811370 1.420421 0.000000
vt 0.811370 1.607319 0.000000
vt 0.811370 1.700768 0.000000
vt 0.811370 1.794216 0.000000
vt 0.811370 1.906355 0.000000
vt 0.811370 2.018493 0.000000
vt 0.811370 2.242770 0.000000
vt 0.811370 2.691325 0.000000
vt 0.811370 2.915602 0.000000
vt 0.811370 3.139879 0.000000
vt 0.811370 3.364156 0.000000
vt 0.811370 3.588433 0.000000
vt 0.811370 3.812710 0.000000
vt 0.811370 4.036987 0.000000
vt 0.811370 4.261264 0.000000
vt 0.811370 4.485541 0.000000
vt 0.811370 4.709818 0.000000
vt 0.811370 4.934095 0.000000
vt 0.811370 5.158372 0.000000
vt 0.811370 5.382649 0.000000
vt 0.811370 5.606926 0.000000
vt 0.811370 5.831203 0.000000
vt 0.811370 6.055480 0.000000
vt 0.811370 6.279757 0.000000
vt 0.811370 6.504034 0.000000
vt 0.811370 6.728311 0.000000
vt 0.676142 0.392485 0.000000
vt 0.540914 0.485934 0.000000
vt 0.405685 0.579382 0.000000
vt 0.270457 0.672831 0.000000
vt 8.248933 0.485934 0.000000
vt 8.113705 0.579382 0.000000
vt 7.978477 0.672831 0.000000
vt 7.843248 0.766280 0.000000
vt 7.708020 0.859729 0.000000
vt 7.572791 0.953177 0.000000
vt 7.347411 1.046626 0.000000
vt 7.122030 1.233524 0.000000
vt 6.896649 1.420421 0.000000
vt 6.671269 1.607319 0.000000
vt 6.445888 1.700768 0.000000
vt 6.220507 1.794216 0.000000
vt 5.995126 1.906355 0.000000
vt 5.769746 2.018493 0.000000
vt 5.544365 2.242770 0.000000
vt 5.318984 2.691325 0.000000
vt 5.093604 2.915602 0.000000
vt 4.868223 3.139879 0.000000
vt 4.642842 3.364156 0.000000
vt 4.417462 3.588433 0.000000
vt 4.192081 3.812710 0.000000
vt 3.966700 4.036987 0.000000
vt 3.741320 4.261264 0.000000
vt 3.515939 4.485541 0.000000
vt 3.290558 4.709818 0.000000
vt 3.065177 4.934095 0.000000
vt 2.839797 5.158372 0.000000
vt 2.614416 5.382649 0.000000
vt 2.389035 5.606926 0.000000
vt 2.163655 5.831203 0.000000
vt 2.028426 6.055480 0.000000
vt 1.893198 6.279757 0.000000
vt 1.757969 6.504034 0.000000
vt 1.622741 6.728311 0.000000
vt 0.676142 0.485934 0.000000
vt 0.676142 0.579382 0.000000
vt 0.676142 0.672831 0.000000
vt 0.676142 0.766280 0.000000
vt 0.676142 0.859729 0.000000
vt 0.676142 0.953177 0.000000
vt 0.676142 1.046626 0.000000
vt 0.676142 1.233524 0.000000
vt 0.676142 1.420421 0.000000
vt 0.676142 1.607319 0.000000
vt 0.676142 1.700768 0.000000
vt 0.676142 1.794216 0.000000
vt 0.676142 1.906355 0.000000
vt 0.676142 2.018493 0.000000
vt 0.676142 2.242770 0.000000
vt 0.676142 2.691325 0.000000
vt 0.676142 2.915602 0.000000
vt 0.676142 3.139879 0.000000
vt 0.676142 3.364156 0.000000
vt 0.676142 3.588433 0.000000
vt 0.676142 3.812710 0.000000
vt 0.676142 4.036987 0.000000
vt 0.676142 4.261264 0.000000
vt 0.676142 4.485541 0.000000
vt 0.676142 4.709818 0.000000
vt 0.676142 4.934095 0.000000
vt 0.676142 5.158372 0.000000
vt 0.676142 5.382649 0.000000
vt 0.676142 5.606926 0.000000
vt 0.676142 5.831203 0.000000
vt 0.676142 6.055480 0.000000
vt 0.676142 6.279757 0.000000
vt 0.676142 6.504034 0.000000
vt 0.676142 6.728311 0.000000
vt 8.248933 0.579382 0.000000
vt 8.248933 0.672831 0.000000
vt 8.248933 0.766280 0.000000
vt 0.540914 0.579382 0.000000
vt 0.405685 0.672831 0.000000
vt 0.270457 0.766280 0.000000
vt 8.113705 0.672831 0.000000
vt 7.978477 0.766280 0.000000
vt 7.843248 0.859729 0.000000
vt 7.708020 0.953177 0.000000
vt 7.572791 1.046626 0.000000
vt 7.347411 1.233524 0.000000
vt 7.122030 1.420421 0.000000
vt 6.896649 1.607319 0.000000
vt 6.671269 1.700768 0.000000
vt 6.445888 1.794216 0.000000
vt 6.220507 1.906355 0.000000
vt 5.995126 2.018493 0.000000
vt 5.769746 2.242770 0.000000
vt 5.544365 2.691325 0.000000
vt 5.318984 2.915602 0.000000
vt 5.093604 3.139879 0.000000
vt 4.868223 3.364156 0.000000
vt 4.642842 3.588433 0.000000
vt 4.417462 3.812710 0.000000
vt 4.192081 4.036987 0.000000
vt 3.966700 4.261264 0.000000
vt 3.741320 4.485541 0.000000
vt 3.515939 4.709818 0.000000
vt 3.290558 4.934095 0.000000
vt 3.065177 5.158372 0.000000
vt 2.839797 5.382649 0.000000
vt 2.614416 5.606926 0.000000
vt 2.389035 5.831203 0.000000
vt 2.163655 6.055480 0.000000
vt 2.028426 6.279757 0.000000
vt 1.893198 6.504034 0.000000
vt 1.757969 6.728311 0.000000
vt 0.540914 0.672831 0.000000
vt 0.540914 0.766280 0.000000
vt 0.540914 0.859729 0.000000
vt 0.540914 0.953177 0.000000
vt 0.540914 1.046626 0.000000
vt 0.540914 1.233524 0.000000
vt 0.540914 1.420421 0.000000
vt 0.540914 1.607319 0.000000
vt 0.540914 1.700768 0.000000
vt 0.540914 1.794216 0.000000
vt 0.540914 1.906355 0.000000
vt 0.540914 2.018493 0.000000
vt 0.540914 2.242770 0.000000
vt 0.540914 2.691325 0.000000
vt 0.540914 2.915602 0.000000
vt 0.540914 3.139879 0.000000
vt 0.540914 3.364156 0.000000
vt 0.540914 3.588433 0.000000
vt 0.540914 3.812710 0.000000
vt 0.540914 4.036987 0.000000
vt 0.540914 4.261264 0.000000
vt 0.540914 4.485541 0.000000
vt 0.540914 4.709818 0.000000
vt 0.540914 4.934095 0.000000
vt 0.540914 5.158372 0.000000
vt 0.540914 5.382649 0.000000
vt 0.540914 5.606926 0.000000
vt 0.540914 5.831203 0.000000
vt 0.540914 6.055480 0.000000
vt 0.540914 6.279757 0.000000
vt 0.540914 6.504034 0.000000
vt 0.540914 6.728311 0.000000
vt 8.113705 0.766280 0.000000
vt 8.113705 0.859729 0.000000
vt 7.978477 0.859729 0.000000
vt 7.843248 0.953177 0.000000
vt 7.708020 1.046626 0.000000
vt 7.572791 1.233524 0.000000
vt 7.347411 1.420421 0.000000
vt 7.122030 1.607319 0.000000
vt 6.896649 1.700768 0.000000
vt 6.671269 1.794216 0.000000
vt 6.445888 1.906355 0.000000
vt 6.220507 2.018493 0.000000
vt 5.995126 2.242770 0.000000
vt 5.769746 2.691325 0.000000
vt 5.544365 2.915602 0.000000
vt 5.318984 3.139879 0.000000
vt 5.093604 3.364156 0.000000
vt 4.868223 3.588433 0.000000
vt 4.642842 3.812710 0.000000
vt 4.417462 4.036987 0.000000
vt 4.192081 4.261264 0.000000
vt 3.966700 4.485541 0.000000
vt 3.741320 4.709818 0.000000
vt 3.515939 4.934095 0.000000
vt 3.290558 5.158372 0.000000
vt 3.065177 5.382649 0.000000
vt 2.839797 5.606926 0.000000
vt 2.614416 5.831203 0.000000
vt 2.389035 6.055480 0.000000
vt 2.163655 6.279757 0.000000
vt 2.028426 6.504034 0.000000
vt 1.893198 6.728311 0.000000
vt 0.405685 0.766280 0.000000
vt 0.270457 0.859729 0.000000
vt 0.405685 0.859729 0.000000
vt 0.405685 0.953177 0.000000
vt 0.405685 1.046626 0.000000
vt 0.405685 1.233524 0.000000
vt 0.405685 1.420421 0.000000
vt 0.405685 1.607319 0.000000
vt 0.405685 1.700768 0.000000
vt 0.405685 1.794216 0.000000
vt 0.405685 1.906355 0.000000
vt 0.405685 2.018493 0.000000
vt 0.405685 2.242770 0.000000
vt 0.405685 2.691325 0.000000
vt 0.405685 2.915602 0.000000
vt 0.405685 3.139879 0.000000
vt 0.405685 3.364156 0.000000
vt 0.405685 3.588433 0.000000
vt 0.405685 3.812710 0.000000
vt 0.405685 4.036987 0.000000
vt 0.405685 4.261264 0.000000
vt 0.405685 4.485541 0.000000
vt 0.405685 4.709818 0.000000
vt 0.405685 4.934095 0.000000
vt 0.405685 5.158372 0.000000
vt 0.405685 5.382649 0.000000
vt 0.405685 5.606926 0.000000
vt 0.405685 5.831203 0.000000
vt 0.405685 6.055480 0.000000
vt 0.405685 6.279757 0.000000
vt 0.405685 6.504034 0.000000
vt 0.405685 6.728311 0.000000
vt 7.978477 0.953177 0.000000
vt 0.270457 0.953177 0.000000
vt 7.843248 1.046626 0.000000
vt 7.708020 1.233524 0.000000
vt 7.572791 1.420421 0.000000
vt 7.347411 1.607319 0.000000
vt 7.122030 1.700768 0.000000
vt 6.896649 1.794216 0.000000
vt 6.671269 1.906355 0.000000
vt 6.445888 2.018493 0.000000
vt 6.220507 2.242770 0.000000
vt 5.995126 2.691325 0.000000
vt 5.769746 2.915602 0.000000
vt 5.544365 3.139879 0.000000
vt 5.318984 3.364156 0.000000
vt 5.093604 3.588433 0.000000
vt 4.868223 3.812710 0.000000
vt 4.642842 4.036987 0.000000
vt 4.417462 4.261264 0.000000
vt 4.192081 4.485541 0.000000
vt 3.966700 4.709818 0.000000
vt 3.741320 4.934095 0.000000
vt 3.515939 5.158372 0.000000
vt 3.290558 5.382649 0.000000
vt 3.065177 5.606926 0.000000
vt 2.839797 5.831203 0.000000
vt 2.614416 6.055480 0.000000
vt 2.389035 6.279757 0.000000
vt 2.163655 6.504034 0.000000
vt 2.028426 6.728311 0.000000
vt 0.270457 1.046626 0.000000
vt 0.270457 1.233524 0.000000
vt 0.270457 1.420421 0.000000
vt 0.270457 1.607319 0.000000
vt 0.270457 1.700768 0.000000
vt 0.270457 1.794216 0.000000
vt 0.270457 1.906355 0.000000
vt 0.270457 2.018493 0.000000
vt 0.270457 2.242770 0.000000
vt 0.270457 2.691325 0.000000
vt 0.270457 2.915602 0.000000
vt 0.270457 3.139879 0.000000
vt 0.270457 3.364156 0.000000
vt 0.270457 3.588433 0.000000
vt 0.270457 3.812710 0.000000
vt 0.270457 4.036987 0.000000
vt 0.270457 4.261264 0.000000
vt 0.270457 4.485541 0.000000
vt 0.270457 4.709818 0.000000
vt 0.270457 4.934095 0.000000
vt 0.270457 5.158372 0.000000
vt 0.270457 5.382649 0.000000
vt 0.270457 5.606926 0.000000
vt 0.270457 5.831203 0.000000
vt 0.270457 6.055480 0.000000
vt 0.270457 6.279757 0.000000
vt 0.270457 6.504034 0.000000
vt 0.270457 6.728311 0.000000
vt 8.384162 2.018493 0.000000
vt 8.248933 2.242770 0.000000
vt 8.113705 2.691325 0.000000
vt 7.978477 2.915602 0.000000
vt 7.843248 3.139879 0.000000
vt 7.708020 3.364156 0.000000
vt 7.572791 3.588433 0.000000
vt 7.347411 3.812710 0.000000
vt 7.122030 4.036987 0.000000
vt 6.896649 4.261264 0.000000
vt 6.671269 4.485541 0.000000
vt 6.445888 4.709818 0.000000
vt 6.220507 4.934095 0.000000
vt 5.995126 5.158372 0.000000
vt 5.769746 5.382649 0.000000
vt 5.544365 5.606926 0.000000
vt 5.318984 5.831203 0.000000
vt 5.093604 6.055480 0.000000
vt 4.868223 6.279757 0.000000
vt 4.642842 6.504034 0.000000
vt 4.417462 6.728311 0.000000
vt 8.384162 2.242770 0.000000
vt 8.384162 2.691325 0.000000
vt 8.384162 2.915602 0.000000
vt 8.384162 3.139879 0.000000
vt 8.384162 3.364156 0.000000
vt 8.384162 3.588433 0.000000
vt 8.384162 3.812710 0.000000
vt 8.384162 4.036987 0.000000
vt 8.384162 4.261264 0.000000
vt 8.384162 4.485541 0.000000
vt 8.384162 4.709818 0.000000
vt 8.384162 4.934095 0.000000
vt 8.384162 5.158372 0.000000
vt 8.384162 5.382649 0.000000
vt 8.384162 5.606926 0.000000
vt 8.384162 5.831203 0.000000
vt 8.384162 6.055480 0.000000
vt 8.384162 6.279757 0.000000
vt 8.384162 6.504034 0.000000
vt 8.384162 6.728311 0.000000
vt 8.248933 2.691325 0.000000
vt 8.113705 2.915602 0.000000
vt 7.978477 3.139879 0.000000
vt 7.843248 3.364156 0.000000
vt 7.708020 3.588433 0.000000
vt 7.572791 3.812710 0.000000
vt 7.347411 4.036987 0.000000
vt 7.122030 4.261264 0.000000
vt 6.896649 4.485541 0.000000
vt 6.671269 4.709818 0.000000
vt 6.445888 4.934095 0.000000
vt 6.220507 5.158372 0.000000
vt 5.995126 5.382649 0.000000
vt 5.769746 5.606926 0.000000
vt 5.544365 5.831203 0.000000
vt 5.318984 6.055480 0.000000
vt 5.093604 6.279757 0.000000
vt 4.868223 6.504034 0.000000
vt 4.642842 6.728311 0.000000
vt 8.248933 2.915602 0.000000
vt 8.248933 3.139879 0.000000
vt 8.248933 3.364156 0.000000
vt 8.248933 3.588433 0.000000
vt 8.248933 3.812710 0.000000
vt 8.248933 4.036987 0.000000
vt 8.248933 4.261264 0.000000
vt 8.248933 4.485541 0.000000
vt 8.248933 4.709818 0.000000
vt 8.248933 4.934095 0.000000
vt 8.248933 5.158372 0.000000
vt 8.248933 5.382649 0.000000
vt 8.248933 5.606926 0.000000
vt 8.248933 5.831203 0.000000
vt 8.248933 6.055480 0.000000
vt 8.248933 6.279757 0.000000
vt 8.248933 6.504034 0.000000
vt 8.248933 6.728311 0.000000
vt 8.113705 3.139879 0.000000
vt 7.978477 3.364156 0.000000
vt 7.843248 3.588433 0.000000
vt 7.708020 3.812710 0.000000
vt 7.572791 4.036987 0.000000
vt 7.347411 4.261264 0.000000
vt 7.122030 4.485541 0.000000
vt 6.896649 4.709818 0.000000
vt 6.671269 4.934095 0.000000
vt 6.445888 5.158372 0.000000
vt 6.220507 5.382649 0.000000
vt 5.995126 5.606926 0.000000
vt 5.769746 5.831203 0.000000
vt 5.544365 6.055480 0.000000
vt 5.318984 6.279757 0.000000
vt 5.093604 6.504034 0.000000
vt 4.868223 6.728311 0.000000
vt 8.113705 3.364156 0.000000
vt 8.113705 3.588433 0.000000
vt 8.113705 3.812710 0.000000
vt 8.113705 4.036987 0.000000
vt 8.113705 4.261264 0.000000
vt 8.113705 4.485541 0.000000
vt 8.113705 4.709818 0.000000
vt 8.113705 4.934095 0.000000
vt 8.113705 5.158372 0.000000
vt 8.113705 5.382649 0.000000
vt 8.113705 5.606926 0.000000
vt 8.113705 5.831203 0.000000
vt 8.113705 6.055480 0.000000
vt 8.113705 6.279757 0.000000
vt 8.113705 6.504034 0.000000
vt 8.113705 6.728311 0.000000
vt 7.978477 3.588433 0.000000
vt 7.843248 3.812710 0.000000
vt 7.708020 4.036987 0.000000
vt 7.572791 4.261264 0.000000
vt 7.347411 4.485541 0.000000
vt 7.122030 4.709818 0.000000
vt 6.896649 4.934095 0.000000
vt 6.671269 5.158372 0.000000
vt 6.445888 5.382649 0.000000
vt 6.220507 5.606926 0.000000
vt 5.995126 5.831203 0.000000
vt 5.769746 6.055480 0.000000
vt 5.544365 6.279757 0.000000
vt 5.318984 6.504034 0.000000
vt 5.093604 6.728311 0.000000
vt 7.978477 3.812710 0.000000
vt 7.978477 4.036987 0.000000
vt 7.978477 4.261264 0.000000
vt 7.978477 4.485541 0.000000
vt 7.978477 4.709818 0.000000
vt 7.978477 4.934095 0.000000
vt 7.978477 5.158372 0.000000
vt 7.978477 5.382649 0.000000
vt 7.978477 5.606926 0.000000
vt 7.978477 5.831203 0.000000
vt 7.978477 6.055480 0.000000
vt 7.978477 6.279757 0.000000
vt 7.978477 6.504034 0.000000
vt 7.978477 6.728311 0.000000
vt 7.843248 4.036987 0.000000
vt 7.708020 4.261264 0.000000
vt 7.572791 4.485541 0.000000
vt 7.347411 4.709818 0.000000
vt 7.122030 4.934095 0.000000
vt 6.896649 5.158372 0.000000
vt 6.671269 5.382649 0.000000
vt 6.445888 5.606926 0.000000
vt 6.220507 5.831203 0.000000
vt 5.995126 6.055480 0.000000
vt 5.769746 6.279757 0.000000
vt 5.544365 6.504034 0.000000
vt 5.318984 6.728311 0.000000
vt 7.843248 4.261264 0.000000
vt 7.843248 4.485541 0.000000
vt 7.843248 4.709818 0.000000
vt 7.843248 4.934095 0.000000
vt 7.843248 5.158372 0.000000
vt 7.843248 5.382649 0.000000
vt 7.843248 5.606926 0.000000
vt 7.843248 5.831203 0.000000
vt 7.843248 6.055480 0.000000
vt 7.843248 6.279757 0.000000
vt 7.843248 6.504034 0.000000
vt 7.843248 6.728311 0.000000
vt 7.708020 4.485541 0.000000
vt 7.572791 4.709818 0.000000
vt 7.347411 4.934095 0.000000
vt 7.122030 5.158372 0.000000
vt 6.896649 5.382649 0.000000
vt 6.671269 5.606926 0.000000
vt 6.445888 5.831203 0.000000
vt 6.220507 6.055480 0.000000
vt 5.995126 6.279757 0.000000
vt 5.769746 6.504034 0.000000
vt 5.544365 6.728311 0.000000
vt 7.708020 4.709818 0.000000
vt 7.708020 4.934095 0.000000
vt 7.708020 5.158372 0.000000
vt 7.708020 5.382649 0.000000
vt 7.708020 5.606926 0.000000
vt 7.708020 5.831203 0.000000
vt 7.708020 6.055480 0.000000
vt 7.708020 6.279757 0.000000
vt 7.708020 6.504034 0.000000
vt 7.708020 6.728311 0.000000
vt 7.572791 4.934095 0.000000
vt 7.347411 5.158372 0.000000
vt 7.122030 5.382649 0.000000
vt 6.896649 5.606926 0.000000
vt 6.671269 5.831203 0.000000
vt 6.445888 6.055480 0.000000
vt 6.220507 6.279757 0.000000
vt 5.995126 6.504034 0.000000
vt 5.769746 6.728311 0.000000
vt 7.572791 5.158372 0.000000
vt 7.572791 5.382649 0.000000
vt 7.572791 5.606926 0.000000
vt 7.572791 5.831203 0.000000
vt 7.572791 6.055480 0.000000
vt 7.572791 6.279757 0.000000
vt 7.572791 6.504034 0.000000
vt 7.572791 6.728311 0.000000
vt 7.347411 5.382649 0.000000
vt 7.122030 5.606926 0.000000
vt 6.896649 5.831203 0.000000
vt 6.671269 6.055480 0.000000
vt 6.445888 6.279757 0.000000
vt 6.220507 6.504034 0.000000
vt 5.995126 6.728311 0.000000
vt 7.347411 5.606926 0.000000
vt 7.347411 5.831203 0.000000
vt 7.347411 6.055480 0.000000
vt 7.347411 6.279757 0.000000
vt 7.347411 6.504034 0.000000
vt 7.347411 6.728311 0.000000
vt 7.122030 5.831203 0.000000
vt 6.896649 6.055480 0.000000
vt 6.671269 6.279757 0.000000
vt 6.445888 6.504034 0.000000
vt 6.220507 6.728311 0.000000
vt 5.769746 7.176866 0.000000
vt 7.122030 6.055480 0.000000
vt 7.122030 6.279757 0.000000
vt 7.122030 6.504034 0.000000
vt 7.122030 6.728311 0.000000
vt 6.896649 6.279757 0.000000
vt 6.671269 6.504034 0.000000
vt 6.445888 6.728311 0.000000
vt 6.896649 6.504034 0.000000
vt 6.896649 6.728311 0.000000
vt 6.671269 6.728311 0.000000
vn 0.000006 -1.000000 0.000001
vn 0.134719 -0.990884 0.000000
vn 0.209784 -0.977513 0.021424
vn 0.382223 -0.924070 0.000000
vn 0.380318 -0.924040 0.038840
vn 0.505256 -0.862970 0.000000
vn 0.539605 -0.840113 0.055107
vn 0.609013 -0.793160 0.000000
vn 0.686486 -0.723755 0.070107
vn 0.750542 -0.660823 0.000000
vn 0.777789 -0.623486 0.079432
vn 0.827991 -0.560741 0.000000
vn 0.832665 -0.547210 0.085036
vn 0.870908 -0.491447 0.000000
vn 0.866448 -0.491364 0.088486
vn 0.888145 -0.450524 0.090702
vn 0.874953 -0.450371 0.177830
vn 0.889287 -0.420119 0.180743
vn 0.867756 -0.419993 0.265717
vn 0.877106 -0.398184 0.268580
vn 0.847499 -0.398137 0.351045
vn 0.852706 -0.384891 0.353202
vn 0.815101 -0.384936 0.432937
vn 0.819695 -0.372218 0.435377
vn 0.773826 -0.372335 0.512406
vn 0.774505 -0.370298 0.512856
vn 0.720133 -0.370435 0.586675
vn 0.717881 -0.377637 0.584840
vn 0.654728 -0.377709 0.654728
vn 0.652268 -0.386125 0.652268
vn 0.534147 -0.385960 0.752145
vn 0.530716 -0.399830 0.747313
vn 0.403942 -0.399633 0.822875
vn 0.399282 -0.423065 0.813382
vn 0.265295 -0.423091 0.866379
vn 0.261411 -0.450410 0.853695
vn 0.120132 -0.450645 0.884583
vn 0.116072 -0.505996 0.854690
vn -0.029586 -0.506119 0.861956
vn -0.029811 -0.494797 0.868497
vn -0.173109 -0.494565 0.851727
vn -0.178091 -0.447765 0.876236
vn -0.315772 -0.447591 0.836631
vn -0.324376 -0.395179 0.859426
vn -0.456652 -0.395254 0.797021
vn -0.469848 -0.326734 0.820053
vn -0.596899 -0.326936 0.732683
vn -0.615003 -0.227790 0.754906
vn -0.733849 -0.227814 0.639973
vn -0.749518 -0.104791 0.653637
vn -0.846541 -0.104721 0.521922
vn -0.851052 0.019923 0.524703
vn -0.923696 0.019916 0.382608
vn -0.914011 0.145769 0.378596
vn -0.962599 0.145821 0.228342
vn -0.935810 0.273828 0.221988
vn -0.959492 0.274000 0.065564
vn -0.913154 0.402811 0.062398
vn -0.910564 0.402772 -0.092991
vn -0.848010 0.522857 -0.086603
vn -0.822796 0.522595 -0.223387
vn -0.753021 0.625430 -0.204444
vn -0.711090 0.625344 -0.321396
vn -0.644714 0.706705 -0.291396
vn -0.589760 0.706877 -0.390523
vn -0.528835 0.773116 -0.350180
vn -0.463442 0.773309 -0.432683
vn -0.406101 0.831462 -0.379148
vn -0.336491 0.831378 -0.442249
vn -0.285778 0.881623 -0.375596
vn -0.221499 0.881494 -0.417022
vn -0.179666 0.923742 -0.338261
vn -0.123782 0.923732 -0.362488
vn -0.093751 0.956993 -0.274544
vn -0.048450 0.957040 -0.285878
vn -0.032614 0.980766 -0.192441
vn 0.000000 0.980785 -0.195090
vn 0.000000 0.995137 -0.098499
vn 0.010009 0.995135 -0.098011
vn 0.000001 1.000000 -0.000006
vn 0.896114 -0.443823 0.000000
vn 0.902705 -0.420267 0.092189
vn 0.898875 -0.398305 0.182692
vn 0.882496 -0.384936 0.270231
vn 0.857511 -0.372174 0.355193
vn 0.820414 -0.370182 0.435759
vn 0.772085 -0.377498 0.511253
vn 0.715185 -0.386052 0.582644
vn 0.648074 -0.399999 0.648074
vn 0.524587 -0.423268 0.738683
vn 0.393437 -0.450382 0.801475
vn 0.252586 -0.505749 0.824875
vn 0.116953 -0.494674 0.861173
vn -0.030670 -0.447987 0.893514
vn -0.182947 -0.395342 0.900131
vn -0.333746 -0.326669 0.884252
vn -0.484080 -0.227641 0.844894
vn -0.628132 -0.104779 0.771020
vn -0.753518 0.019937 0.657125
vn -0.842122 0.145821 0.519198
vn -0.888592 0.273736 0.368067
vn -0.890668 0.402581 0.211279
vn -0.850411 0.522900 0.058110
vn -0.776033 0.625693 -0.079252
vn -0.682715 0.706784 -0.185356
vn -0.578140 0.772964 -0.261306
vn -0.463429 0.831303 -0.306870
vn -0.344887 0.881687 -0.321996
vn -0.231793 0.923831 -0.304644
vn -0.136076 0.956999 -0.256194
vn -0.063111 0.980745 -0.184816
vn -0.016467 0.995132 -0.097163
vn 0.000000 1.000000 -0.000006
vn 0.911877 -0.410463 0.000000
vn 0.912445 -0.398449 0.093184
vn 0.904403 -0.385055 0.183815
vn 0.887470 -0.372218 0.271754
vn 0.858263 -0.370138 0.355504
vn 0.817852 -0.377380 0.434398
vn 0.769188 -0.385912 0.509335
vn 0.710588 -0.399925 0.578899
vn 0.640584 -0.423443 0.640584
vn 0.516901 -0.450593 0.727860
vn 0.380157 -0.505720 0.774421
vn 0.254500 -0.494429 0.831125
vn 0.120320 -0.447870 0.885966
vn -0.031507 -0.395549 0.917904
vn -0.188236 -0.326810 0.926154
vn -0.343851 -0.227592 0.911026
vn -0.494400 -0.104708 0.862905
vn -0.631483 0.019934 0.775134
vn -0.745601 0.145918 0.650221
vn -0.818686 0.273828 0.504748
vn -0.845755 0.402458 0.350323
vn -0.829533 0.522642 0.196777
vn -0.778220 0.625736 0.053177
vn -0.703526 0.707028 -0.071848
vn -0.612202 0.773034 -0.166212
vn -0.506659 0.831178 -0.228998
vn -0.393594 0.881565 -0.260627
vn -0.279729 0.923876 -0.261163
vn -0.175550 0.957052 -0.230724
vn -0.091603 0.980747 -0.172463
vn -0.031865 0.995127 -0.093315
vn -0.000001 1.000000 -0.000006
vn 0.920902 -0.389795 0.000000
vn 0.918060 -0.385196 0.093757
vn 0.909503 -0.372335 0.184852
vn 0.888249 -0.370182 0.271992
vn 0.855583 -0.377336 0.354394
vn 0.814785 -0.385792 0.432769
vn 0.764248 -0.399781 0.506064
vn 0.702379 -0.423366 0.572211
vn 0.631191 -0.450774 0.631191
vn 0.499437 -0.505941 0.703269
vn 0.383037 -0.494401 0.780289
vn 0.261820 -0.447635 0.855028
vn 0.123602 -0.395439 0.910137
vn -0.032419 -0.326992 0.944471
vn -0.193941 -0.227697 0.954223
vn -0.351178 -0.104685 0.930438
vn -0.497034 0.019921 0.867502
vn -0.624849 0.145902 0.766991
vn -0.724824 0.274000 0.632103
vn -0.779194 0.402581 0.480400
vn -0.787734 0.522504 0.326290
vn -0.759175 0.625477 0.180087
vn -0.705500 0.707069 0.048208
vn -0.630822 0.773249 -0.064423
vn -0.536499 0.831235 -0.145658
vn -0.430328 0.881469 -0.194498
vn -0.319249 0.923792 -0.211398
vn -0.211850 0.957079 -0.197789
vn -0.118172 0.980772 -0.155312
vn -0.046251 0.995127 -0.087078
vn -0.000002 1.000000 -0.000006
vn 0.925597 -0.378510 0.000000
vn 0.923241 -0.372472 0.094286
vn 0.910302 -0.370298 0.185014
vn 0.885475 -0.377380 0.271143
vn 0.852376 -0.385747 0.353066
vn 0.809555 -0.399659 0.429992
vn 0.755424 -0.423217 0.500221
vn 0.692083 -0.450694 0.563823
vn 0.609849 -0.506130 0.609849
vn 0.503224 -0.494620 0.708602
vn 0.394052 -0.447608 0.802727
vn 0.268955 -0.395220 0.878330
vn 0.127178 -0.326896 0.936464
vn -0.033402 -0.227831 0.973127
vn -0.198077 -0.104735 0.974575
vn -0.353048 0.019916 0.935393
vn -0.491820 0.145803 0.858402
vn -0.607442 0.273971 0.745624
vn -0.689819 0.402811 0.601576
vn -0.725711 0.522642 0.447426
vn -0.720953 0.625338 0.298628
vn -0.688285 0.706828 0.163271
vn -0.632584 0.773284 0.043226
vn -0.552780 0.831413 -0.056453
vn -0.455663 0.881514 -0.123712
vn -0.349057 0.923726 -0.157766
vn -0.241790 0.957029 -0.160106
vn -0.142605 0.980784 -0.133140
vn -0.059664 0.995134 -0.078417
vn -0.000003 1.000000 -0.000005
vn 0.928925 -0.370268 0.000000
vn 0.924052 -0.370435 0.094369
vn 0.907457 -0.377498 0.184436
vn 0.882154 -0.385792 0.270126
vn 0.846906 -0.399612 0.350800
vn 0.800215 -0.423091 0.425030
vn 0.744358 -0.450540 0.492893
vn 0.668690 -0.506047 0.544766
vn 0.614478 -0.494808 0.614478
vn 0.517709 -0.447817 0.728998
vn 0.404789 -0.395195 0.824601
vn 0.276726 -0.326704 0.903707
vn 0.131034 -0.227761 0.964860
vn -0.034116 -0.104799 0.993908
vn -0.199133 0.019926 0.979770
vn -0.349346 0.145771 0.925585
vn -0.478136 0.273797 0.834519
vn -0.578111 0.402772 0.709621
vn -0.642421 0.522900 0.560241
vn -0.664159 0.625477 0.409477
vn -0.653658 0.706699 0.270754
vn -0.617190 0.773073 0.146406
vn -0.554319 0.831442 0.037878
vn -0.469464 0.881649 -0.047944
vn -0.369602 0.923756 -0.100346
vn -0.264373 0.956989 -0.119491
vn -0.162763 0.980761 -0.107777
vn -0.072000 0.995137 -0.067221
vn -0.000004 1.000000 -0.000005
vn 0.926866 -0.375393 0.000000
vn 0.921163 -0.377637 0.094074
vn 0.904052 -0.385912 0.183744
vn 0.876492 -0.399659 0.268392
vn 0.837136 -0.423043 0.346753
vn 0.788499 -0.450410 0.418808
vn 0.719215 -0.505886 0.476244
vn 0.673763 -0.494725 0.548899
vn 0.632178 -0.447998 0.632178
vn 0.531829 -0.395391 0.748882
vn 0.416483 -0.326682 0.848422
vn 0.285107 -0.227619 0.931077
vn 0.133830 -0.104765 0.985451
vn -0.034298 0.019938 0.999213
vn -0.197043 0.145841 0.969487
vn -0.339630 0.273740 0.899843
vn -0.455076 0.402539 0.794272
vn -0.538396 0.522857 0.660871
vn -0.587887 0.625736 0.512683
vn -0.602141 0.706828 0.371241
vn -0.586160 0.772959 0.242796
vn -0.540864 0.831267 0.128301
vn -0.470766 0.881671 0.032168
vn -0.380775 0.923850 -0.038887
vn -0.279929 0.957008 -0.076000
vn -0.177970 0.980743 -0.080438
vn -0.082179 0.995131 -0.054417
vn -0.000004 1.000000 -0.000004
vn 0.923296 -0.384089 0.000000
vn 0.917704 -0.386052 0.093721
vn 0.898246 -0.399781 0.182564
vn 0.866379 -0.423091 0.265295
vn 0.824883 -0.450360 0.341678
vn 0.761880 -0.505749 0.404669
vn 0.724669 -0.494565 0.479855
vn 0.693165 -0.447918 0.564705
vn 0.649436 -0.395559 0.649436
vn 0.547209 -0.326853 0.770538
vn 0.429095 -0.227603 0.874114
vn 0.291183 -0.104697 0.950921
vn 0.134544 0.019932 0.990707
vn -0.033937 0.145929 0.988713
vn -0.191558 0.273863 0.942499
vn -0.323257 0.402464 0.856462
vn -0.423846 0.522595 0.739763
vn -0.492698 0.625693 0.604778
vn -0.532952 0.707069 0.464775
vn -0.539944 0.773073 0.332894
vn -0.513689 0.831174 0.212777
vn -0.459366 0.881538 0.108968
vn -0.381828 0.923865 0.026091
vn -0.288380 0.957063 -0.029451
vn -0.188440 0.980751 -0.051161
vn -0.089858 0.995126 -0.040614
vn -0.000005 1.000000 -0.000003
vn 0.916515 -0.399999 0.000000
vn 0.911805 -0.399925 0.093118
vn 0.887875 -0.423217 0.180456
vn 0.853695 -0.450410 0.261411
vn 0.797041 -0.505697 0.330145
vn 0.767653 -0.494429 0.407735
vn 0.745522 -0.447765 0.493664
vn 0.712081 -0.395485 0.580115
vn 0.668233 -0.327000 0.668233
vn 0.563798 -0.227729 0.793897
vn 0.438239 -0.104689 0.892741
vn 0.292734 0.019919 0.955986
vn 0.133131 0.145882 0.980303
vn -0.032991 0.274020 0.961158
vn -0.182315 0.402628 0.897024
vn -0.301080 0.522510 0.797706
vn -0.387903 0.625430 0.677029
vn -0.446664 0.707028 0.548272
vn -0.477870 0.773284 0.416740
vn -0.473171 0.831267 0.291726
vn -0.436299 0.881466 0.180721
vn -0.372601 0.923773 0.088386
vn -0.289175 0.957072 0.019760
vn -0.194122 0.980777 -0.019825
vn -0.095144 0.995128 -0.025831
vn -0.000006 1.000000 -0.000003
vn 0.901271 -0.423366 0.092042
vn 0.905923 -0.423443 0.000000
vn 0.888059 -0.450694 0.090693
vn 0.892638 -0.450774 0.000000
vn 0.858043 -0.506047 0.087628
vn 0.862457 -0.506130 0.000000
vn 0.864553 -0.494725 0.088293
vn 0.869002 -0.494808 0.000000
vn 0.889448 -0.447918 0.090835
vn 0.894035 -0.447998 -0.000000
vn 0.913720 -0.395485 0.093314
vn 0.918441 -0.395559 -0.000000
vn 0.940157 -0.326936 0.096014
vn 0.945024 -0.327000 -0.000000
vn 0.968672 -0.227790 0.098926
vn 0.973699 -0.227838 -0.000000
vn 0.989350 -0.104779 0.101037
vn 0.994493 -0.104802 0.000000
vn 0.994628 0.019934 0.101577
vn 0.999801 0.019939 0.000000
vn 0.984180 0.145902 0.100510
vn 0.989294 0.145933 0.000000
vn 0.956761 0.273971 0.097709
vn 0.961722 0.274028 0.000000
vn 0.910564 0.402772 0.092991
vn 0.915267 0.402847 0.000000
vn 0.848010 0.522857 0.086603
vn 0.852369 0.522941 0.000000
vn 0.776033 0.625693 0.079252
vn 0.780002 0.625777 0.000000
vn 0.703526 0.707028 0.071848
vn 0.707107 0.707107 0.000000
vn 0.630822 0.773249 0.064423
vn 0.634019 0.773318 0.000000
vn 0.552780 0.831413 0.056453
vn 0.555570 0.831470 0.000000
vn 0.469464 0.881649 0.047944
vn 0.471824 0.881693 0.000000
vn 0.380775 0.923850 0.038887
vn 0.382683 0.923880 0.000000
vn 0.288380 0.957063 0.029451
vn 0.289821 0.957081 0.000000
vn 0.194122 0.980777 0.019825
vn 0.195090 0.980785 0.000000
vn 0.098011 0.995135 0.010009
vn 0.098499 0.995137 0.000000
vn 0.000006 1.000000 0.000001
vn 0.194122 0.980777 -0.019825
vn 0.098011 0.995135 -0.010009
vn 0.000006 1.000000 0.000000
vn 0.288380 0.957063 -0.029451
vn 0.380775 0.923850 -0.038887
vn 0.469464 0.881649 -0.047944
vn 0.552780 0.831413 -0.056453
vn 0.630822 0.773249 -0.064423
vn 0.703526 0.707028 -0.071848
vn 0.776033 0.625693 -0.079252
vn 0.848010 0.522857 -0.086603
vn 0.910564 0.402772 -0.092991
vn 0.956761 0.273971 -0.097709
vn 0.984180 0.145902 -0.100510
vn 0.994628 0.019934 -0.101577
vn 0.989350 -0.104779 -0.101037
vn 0.968672 -0.227790 -0.098926
vn 0.940157 -0.326936 -0.096014
vn 0.913720 -0.395485 -0.093314
vn 0.889448 -0.447918 -0.090835
vn 0.864553 -0.494725 -0.088293
vn 0.858043 -0.506047 -0.087628
vn 0.888059 -0.450694 -0.090693
vn 0.901271 -0.423366 -0.092042
vn 0.911805 -0.399925 -0.093118
vn 0.917704 -0.386052 -0.093721
vn 0.921163 -0.377637 -0.094074
vn 0.924052 -0.370435 -0.094369
vn 0.923241 -0.372472 -0.094286
vn 0.918060 -0.385196 -0.093757
vn 0.912445 -0.398449 -0.093184
vn 0.902705 -0.420267 -0.092189
vn 0.888145 -0.450524 -0.090702
vn 0.866448 -0.491364 -0.088486
vn 0.832665 -0.547210 -0.085036
vn 0.820331 -0.547046 -0.166728
vn 0.766297 -0.623323 -0.155746
vn 0.747801 -0.623184 -0.228986
vn 0.660089 -0.723482 -0.202127
vn 0.637840 -0.723434 -0.264202
vn 0.501452 -0.839883 -0.207708
vn 0.479300 -0.839917 -0.254578
vn 0.337854 -0.923933 -0.179450
vn 0.318866 -0.923982 -0.211144
vn 0.175895 -0.977494 -0.116473
vn 0.163489 -0.977513 -0.133191
vn 0.000005 -1.000000 -0.000004
vn 0.777789 -0.623486 -0.079432
vn 0.676383 -0.723608 -0.137471
vn 0.518930 -0.839917 -0.158903
vn 0.353476 -0.923914 -0.146415
vn 0.186377 -0.977478 -0.098993
vn 0.000005 -1.000000 -0.000003
vn 0.686486 -0.723755 -0.070107
vn 0.531704 -0.840007 -0.108066
vn 0.365789 -0.923933 -0.112009
vn 0.194997 -0.977472 -0.080770
vn 0.000005 -1.000000 -0.000003
vn 0.539605 -0.840113 -0.055107
vn 0.374773 -0.923982 -0.076171
vn 0.201787 -0.977478 -0.061789
vn 0.000006 -1.000000 -0.000002
vn 0.380318 -0.924040 -0.038840
vn 0.206735 -0.977494 -0.042018
vn 0.000006 -1.000000 -0.000002
vn 0.209784 -0.977513 -0.021424
vn 0.000006 -1.000000 -0.000001
vn 0.000006 -1.000000 -0.000001
vn 0.000006 1.000000 0.000001
vn 0.096588 0.995131 0.019631
vn 0.000006 1.000000 0.000002
vn 0.094277 0.995127 0.028869
vn 0.000006 1.000000 0.000002
vn 0.091106 0.995126 0.037737
vn 0.000005 1.000000 0.000003
vn 0.087078 0.995127 0.046251
vn 0.000005 1.000000 0.000003
vn 0.082179 0.995131 0.054417
vn 0.000005 1.000000 0.000004
vn 0.076382 0.995135 0.062227
vn 0.000004 1.000000 0.000004
vn 0.069650 0.995137 0.069650
vn 0.000004 1.000000 0.000005
vn 0.057061 0.995132 0.080349
vn 0.000003 1.000000 0.000005
vn 0.043452 0.995127 0.088516
vn 0.000002 1.000000 0.000006
vn 0.028869 0.995127 0.094277
vn 0.000001 1.000000 0.000006
vn 0.013260 0.995134 0.097638
vn -0.000000 1.000000 0.000006
vn -0.003379 0.995137 0.098444
vn -0.000001 1.000000 0.000006
vn -0.019631 0.995131 0.096588
vn -0.000002 1.000000 0.000006
vn -0.034821 0.995126 0.092258
vn -0.049011 0.995128 0.085543
vn -0.000004 1.000000 0.000005
vn -0.062227 0.995135 0.076382
vn -0.000005 1.000000 0.000004
vn -0.074244 0.995136 0.064746
vn -0.000005 1.000000 0.000003
vn -0.083910 0.995129 0.051734
vn -0.000006 1.000000 0.000002
vn -0.091106 0.995126 0.037737
vn -0.000006 1.000000 0.000001
vn -0.095915 0.995129 0.022752
vn -0.000006 1.000000 0.000000
vn -0.098281 0.995136 0.006716
vn -0.000006 1.000000 -0.000001
vn -0.098011 0.995135 -0.010009
vn -0.000006 1.000000 -0.000002
vn 0.000001 1.000000 -0.000006
vn 0.019631 0.995131 -0.096588
vn 0.000002 1.000000 -0.000006
vn 0.028869 0.995127 -0.094277
vn 0.000002 1.000000 -0.000006
vn 0.037737 0.995126 -0.091106
vn 0.000003 1.000000 -0.000005
vn 0.046251 0.995127 -0.087078
vn 0.000003 1.000000 -0.000005
vn 0.054417 0.995131 -0.082179
vn 0.000004 1.000000 -0.000005
vn 0.062227 0.995135 -0.076382
vn 0.000004 1.000000 -0.000004
vn 0.069650 0.995137 -0.069650
vn 0.000005 1.000000 -0.000004
vn 0.076382 0.995135 -0.062227
vn 0.000005 1.000000 -0.000003
vn 0.082179 0.995131 -0.054417
vn 0.000005 1.000000 -0.000003
vn 0.087078 0.995127 -0.046251
vn 0.000006 1.000000 -0.000002
vn 0.091106 0.995126 -0.037737
vn 0.000006 1.000000 -0.000002
vn 0.094277 0.995127 -0.028869
vn 0.000006 1.000000 -0.000001
vn 0.096588 0.995131 -0.019631
vn 0.000006 1.000000 -0.000001
vn 0.000004 -1.000000 -0.000004
vn 0.149080 -0.977523 -0.149080
vn 0.000004 -1.000000 -0.000005
vn 0.133191 -0.977513 -0.163489
vn 0.000003 -1.000000 -0.000005
vn 0.116473 -0.977494 -0.175895
vn 0.000003 -1.000000 -0.000005
vn 0.098993 -0.977478 -0.186377
vn 0.000002 -1.000000 -0.000006
vn 0.080770 -0.977472 -0.194997
vn 0.000002 -1.000000 -0.000006
vn 0.061789 -0.977478 -0.201787
vn 0.000001 -1.000000 -0.000006
vn 0.042018 -0.977494 -0.206735
vn 0.000001 -1.000000 -0.000006
vn 0.021424 -0.977513 -0.209784
vn -0.000000 -1.000000 -0.000006
vn 0.000000 -0.977523 -0.210831
vn -0.000001 -1.000000 -0.000006
vn -0.035246 -0.977501 -0.207967
vn -0.000002 -1.000000 -0.000006
vn -0.068203 -0.977475 -0.199727
vn -0.000003 -1.000000 -0.000005
vn -0.098993 -0.977478 -0.186377
vn -0.127706 -0.977507 -0.167843
vn -0.000004 -1.000000 -0.000004
vn -0.154111 -0.977521 -0.143882
vn -0.000005 -1.000000 -0.000003
vn -0.175895 -0.977494 -0.116473
vn -0.000006 -1.000000 -0.000003
vn -0.192328 -0.977473 -0.086928
vn -0.000006 -1.000000 -0.000002
vn -0.203643 -0.977483 -0.055289
vn -0.000006 -1.000000 -0.000001
vn -0.209784 -0.977513 -0.021424
vn -0.000006 -1.000000 0.000000
vn -0.210362 -0.977518 0.014374
vn -0.000006 -1.000000 0.000001
vn -0.205293 -0.977488 0.048698
vn -0.000006 -1.000000 0.000002
vn -0.194997 -0.977472 0.080770
vn -0.000005 -1.000000 0.000003
vn -0.179599 -0.977488 0.110729
vn -0.000005 -1.000000 0.000004
vn -0.158913 -0.977518 0.138584
vn -0.000004 -1.000000 0.000005
vn -0.133191 -0.977513 0.163489
vn -0.104902 -0.977483 0.183092
vn -0.000002 -1.000000 0.000006
vn -0.074529 -0.977473 0.197463
vn -0.000001 -1.000000 0.000006
vn -0.042018 -0.977494 0.206735
vn -0.000000 -1.000000 0.000006
vn -0.007233 -0.977521 0.210713
vn 0.000001 -1.000000 0.000006
vn 0.028381 -0.977507 0.208984
vn 0.000002 -1.000000 0.000006
vn 0.061789 -0.977478 0.201787
vn 0.000003 -1.000000 0.000005
vn 0.093002 -0.977475 0.189454
vn 0.000004 -1.000000 0.000005
vn 0.122132 -0.977501 0.171977
vn 0.000004 -1.000000 0.000004
vn 0.149080 -0.977523 0.149080
vn 0.000005 -1.000000 0.000004
vn 0.163489 -0.977513 0.133191
vn 0.000005 -1.000000 0.000003
vn 0.175895 -0.977494 0.116473
vn 0.000005 -1.000000 0.000003
vn 0.186377 -0.977478 0.098993
vn 0.000006 -1.000000 0.000002
vn 0.194997 -0.977472 0.080770
vn 0.000006 -1.000000 0.000002
vn 0.201787 -0.977478 0.061789
vn 0.000006 -1.000000 0.000001
vn 0.206735 -0.977494 0.042018
vn 0.374773 -0.923982 0.076171
vn 0.365789 -0.923933 0.112009
vn 0.518930 -0.839917 0.158903
vn 0.501452 -0.839883 0.207708
vn 0.637840 -0.723434 0.264202
vn 0.609679 -0.723482 0.323828
vn 0.690693 -0.623184 0.366858
vn 0.651983 -0.623323 0.431725
vn 0.697956 -0.547046 0.462167
vn 0.648912 -0.547210 0.528653
vn 0.675240 -0.491364 0.550102
vn 0.615825 -0.491447 0.615825
vn 0.631251 -0.450604 0.631251
vn 0.516950 -0.450423 0.727930
vn 0.525421 -0.420170 0.739858
vn 0.399917 -0.419967 0.814674
vn 0.404225 -0.398158 0.823451
vn 0.268580 -0.398184 0.877106
vn 0.270231 -0.384936 0.882496
vn 0.124189 -0.385151 0.914459
vn 0.124890 -0.372429 0.919619
vn -0.031835 -0.372534 0.927472
vn -0.031863 -0.370496 0.928287
vn -0.185014 -0.370298 0.910302
vn -0.184436 -0.377498 0.907457
vn -0.327014 -0.377341 0.866416
vn -0.325788 -0.385752 0.863167
vn -0.458640 -0.385826 0.800492
vn -0.455696 -0.399693 0.795353
vn -0.578899 -0.399925 0.710588
vn -0.572211 -0.423366 0.702379
vn -0.682778 -0.423405 0.595435
vn -0.672767 -0.450735 0.586705
vn -0.759954 -0.450491 0.468538
vn -0.734290 -0.505834 0.452715
vn -0.797041 -0.505697 0.330145
vn -0.803080 -0.494377 0.332647
vn -0.845702 -0.494513 0.200613
vn -0.870032 -0.447715 0.206384
vn -0.891974 -0.447959 0.060950
vn -0.916320 -0.395522 0.062614
vn -0.913720 -0.395485 -0.093314
vn -0.940157 -0.326936 -0.096014
vn -0.912098 -0.326734 -0.247633
vn -0.939727 -0.227641 -0.255134
vn -0.887332 -0.227592 -0.401053
vn -0.906239 -0.104685 -0.409599
vn -0.829190 -0.104735 -0.549067
vn -0.833610 0.019926 -0.551994
vn -0.730802 0.019938 -0.682298
vn -0.723123 0.145929 -0.675128
vn -0.599041 0.145882 -0.787317
vn -0.582356 0.273937 -0.765388
vn -0.451162 0.273771 -0.849413
vn -0.429407 0.402505 -0.808455
vn -0.295828 0.402479 -0.866312
vn -0.275531 0.522527 -0.806875
vn -0.142446 0.522750 -0.840501
vn -0.130360 0.625586 -0.769187
vn 0.000000 0.625777 -0.780002
vn 0.000000 0.707107 -0.707107
vn 0.071848 0.707028 -0.703526
vn 0.064423 0.773249 -0.630822
vn 0.126328 0.773116 -0.621557
vn 0.110704 0.831303 -0.544684
vn 0.162781 0.831209 -0.531595
vn 0.138255 0.881494 -0.451502
vn 0.180721 0.881466 -0.436299
vn 0.146591 0.923723 -0.353901
vn 0.179666 0.923742 -0.338261
vn 0.136076 0.956999 -0.256194
vn 0.160106 0.957029 -0.241790
vn 0.107777 0.980761 -0.162763
vn 0.123247 0.980777 -0.151283
vn 0.353476 -0.923914 0.146415
vn 0.337854 -0.923933 0.179450
vn 0.318866 -0.923982 0.211144
vn 0.296389 -0.924040 0.241461
vn 0.270273 -0.924070 0.270273
vn 0.221407 -0.924002 0.311768
vn 0.168587 -0.923923 0.343431
vn 0.112009 -0.923933 0.365789
vn 0.051452 -0.924022 0.378862
vn -0.013112 -0.924066 0.382008
vn -0.076171 -0.923982 0.374773
vn -0.135101 -0.923916 0.357947
vn -0.190164 -0.923947 0.331904
vn -0.241461 -0.924040 0.296389
vn -0.288096 -0.924055 0.251242
vn -0.325576 -0.923963 0.200729
vn -0.353476 -0.923914 0.146415
vn -0.372154 -0.923963 0.088280
vn -0.381369 -0.924055 0.026060
vn -0.380318 -0.924040 -0.038840
vn -0.369157 -0.923947 -0.100225
vn -0.348638 -0.923916 -0.157576
vn -0.318866 -0.923982 -0.211144
vn -0.279392 -0.924066 -0.260849
vn -0.231514 -0.924022 -0.304278
vn -0.179450 -0.923933 -0.337854
vn -0.123633 -0.923923 -0.362052
vn -0.063895 -0.924002 -0.377012
vn 0.000000 -0.924070 -0.382223
vn 0.038840 -0.924040 -0.380318
vn 0.076171 -0.923982 -0.374773
vn 0.112009 -0.923933 -0.365789
vn 0.146415 -0.923914 -0.353476
vn 0.179450 -0.923933 -0.337854
vn 0.211144 -0.923982 -0.318866
vn 0.241461 -0.924040 -0.296389
vn 0.270273 -0.924070 -0.270273
vn 0.296389 -0.924040 -0.241461
vn -0.000003 -1.000000 0.000005
vn -0.000004 -1.000000 -0.000005
vn 0.531704 -0.840007 0.108066
vn 0.660089 -0.723482 0.202127
vn 0.722582 -0.623132 0.299303
vn 0.739371 -0.546906 0.392713
vn 0.726256 -0.491205 0.480906
vn 0.692149 -0.450524 0.563877
vn 0.641604 -0.420344 0.641604
vn 0.531087 -0.398355 0.747837
vn 0.406709 -0.384911 0.828511
vn 0.271754 -0.372218 0.887470
vn 0.125000 -0.370392 0.920427
vn -0.031763 -0.377699 0.925383
vn -0.183744 -0.385912 0.904052
vn -0.323697 -0.399618 0.857628
vn -0.450437 -0.423126 0.786175
vn -0.563823 -0.450694 0.692083
vn -0.650024 -0.506090 0.566871
vn -0.739856 -0.494513 0.456147
vn -0.826171 -0.447585 0.342211
vn -0.893752 -0.395295 0.212011
vn -0.942837 -0.326969 0.064426
vn -0.968672 -0.227790 -0.098926
vn -0.959759 -0.104708 -0.260573
vn -0.911066 0.019916 -0.411780
vn -0.824861 0.145841 -0.546200
vn -0.702970 0.274020 -0.656313
vn -0.554244 0.402726 -0.728440
vn -0.399942 0.522556 -0.752981
vn -0.252171 0.625362 -0.738466
vn -0.118184 0.706929 -0.697341
vn 0.000000 0.773318 -0.634019
vn 0.056453 0.831413 -0.552780
vn 0.094022 0.881565 -0.462605
vn 0.112144 0.923742 -0.366229
vn 0.111027 0.956988 -0.268042
vn 0.091603 0.980747 -0.172463
vn 0.676383 -0.723608 0.137471
vn 0.766297 -0.623323 0.155746
vn 0.820331 -0.547046 0.166728
vn 0.853592 -0.491205 0.173488
vn 0.479300 -0.839917 0.254578
vn 0.452386 -0.840007 0.299557
vn 0.575482 -0.723608 0.381068
vn 0.420525 -0.840113 0.342591
vn 0.534993 -0.723755 0.435846
vn 0.606147 -0.623486 0.493813
vn 0.383483 -0.840168 0.383483
vn 0.487887 -0.723832 0.487887
vn 0.552793 -0.623571 0.552793
vn 0.591806 -0.547295 0.591806
vn 0.314125 -0.840044 0.442326
vn 0.399610 -0.723658 0.562700
vn 0.452740 -0.623379 0.637515
vn 0.484671 -0.547102 0.682476
vn 0.504327 -0.491259 0.710154
vn 0.239165 -0.839899 0.487207
vn 0.304219 -0.723456 0.619728
vn 0.344639 -0.623156 0.702069
vn 0.368926 -0.546877 0.751544
vn 0.383875 -0.491041 0.781997
vn 0.393475 -0.450213 0.801552
vn 0.158903 -0.839917 0.518930
vn 0.202127 -0.723482 0.660089
vn 0.228986 -0.623184 0.747801
vn 0.245124 -0.546906 0.800505
vn 0.255057 -0.491069 0.832945
vn 0.261436 -0.450240 0.853777
vn 0.265717 -0.419993 0.867756
vn 0.073000 -0.840080 0.537529
vn 0.092868 -0.723709 0.683829
vn 0.105218 -0.623435 0.774764
vn 0.112640 -0.547158 0.829416
vn 0.117209 -0.491314 0.863060
vn 0.120143 -0.450476 0.884668
vn 0.122113 -0.420220 0.899168
vn 0.123430 -0.398404 0.908867
vn -0.018605 -0.840161 0.542018
vn -0.023670 -0.723821 0.689581
vn -0.026818 -0.623560 0.781316
vn -0.028711 -0.547283 0.836455
vn -0.029876 -0.491436 0.870401
vn -0.030625 -0.450594 0.892204
vn -0.031127 -0.420334 0.906835
vn -0.031463 -0.398513 0.916623
vn -0.031656 -0.385259 0.922265
vn -0.108066 -0.840007 0.531704
vn -0.137471 -0.723608 0.676383
vn -0.155746 -0.623323 0.766297
vn -0.166728 -0.547046 0.820331
vn -0.173488 -0.491205 0.853592
vn -0.177830 -0.450371 0.874953
vn -0.180743 -0.420119 0.889287
vn -0.182692 -0.398305 0.898875
vn -0.183815 -0.385055 0.904403
vn -0.184852 -0.372335 0.909503
vn -0.191659 -0.839887 0.507796
vn -0.243788 -0.723440 0.645912
vn -0.276178 -0.623138 0.731728
vn -0.295639 -0.546859 0.783290
vn -0.307618 -0.491023 0.815026
vn -0.315310 -0.450196 0.835406
vn -0.320471 -0.419951 0.849082
vn -0.323924 -0.398142 0.858228
vn -0.325914 -0.384896 0.863502
vn -0.327750 -0.372179 0.868368
vn -0.328038 -0.370143 0.869129
vn -0.269782 -0.839943 0.470866
vn -0.343174 -0.723517 0.598961
vn -0.388779 -0.623223 0.678560
vn -0.416184 -0.546945 0.726390
vn -0.433052 -0.491107 0.755831
vn -0.443884 -0.450277 0.774737
vn -0.451153 -0.420029 0.787424
vn -0.456015 -0.398218 0.795910
vn -0.458818 -0.384970 0.800802
vn -0.461405 -0.372251 0.805317
vn -0.461809 -0.370214 0.806023
vn -0.460367 -0.377413 0.803506
vn -0.342591 -0.840113 0.420525
vn -0.435846 -0.723755 0.534993
vn -0.493813 -0.623486 0.606147
vn -0.528653 -0.547210 0.648912
vn -0.550102 -0.491364 0.675240
vn -0.563877 -0.450524 0.692149
vn -0.573122 -0.420267 0.703496
vn -0.579305 -0.398449 0.711087
vn -0.582870 -0.385196 0.715463
vn -0.586160 -0.372472 0.719501
vn -0.586675 -0.370435 0.720133
vn -0.584840 -0.377637 0.717881
vn -0.582644 -0.386052 0.715185
vn -0.408765 -0.840141 0.356474
vn -0.520042 -0.723794 0.453517
vn -0.589217 -0.623530 0.513843
vn -0.630795 -0.547253 0.550102
vn -0.656392 -0.491407 0.572424
vn -0.672832 -0.450565 0.586761
vn -0.683864 -0.420307 0.596382
vn -0.691244 -0.398487 0.602818
vn -0.695499 -0.385233 0.606529
vn -0.699425 -0.372509 0.609952
vn -0.700039 -0.370471 0.610488
vn -0.697850 -0.377673 0.608579
vn -0.695229 -0.386090 0.606293
vn -0.690760 -0.399963 0.602396
vn -0.461897 -0.839973 0.284775
vn -0.587565 -0.723560 0.362254
vn -0.665660 -0.623270 0.410403
vn -0.712589 -0.546992 0.439336
vn -0.741476 -0.491153 0.457146
vn -0.760027 -0.450321 0.468583
vn -0.772476 -0.420071 0.476258
vn -0.780802 -0.398259 0.481392
vn -0.785603 -0.385010 0.484351
vn -0.790032 -0.372291 0.487082
vn -0.790725 -0.370254 0.487510
vn -0.788255 -0.377453 0.485987
vn -0.785298 -0.385866 0.484164
vn -0.780256 -0.399735 0.481055
vn -0.771249 -0.423169 0.475502
vn -0.501452 -0.839883 0.207708
vn -0.637840 -0.723434 0.264202
vn -0.722582 -0.623132 0.299303
vn -0.773498 -0.546853 0.320394
vn -0.804837 -0.491017 0.333375
vn -0.824962 -0.450190 0.341711
vn -0.838466 -0.419945 0.347304
vn -0.847499 -0.398137 0.351045
vn -0.852706 -0.384891 0.353202
vn -0.857511 -0.372174 0.355193
vn -0.858263 -0.370138 0.355504
vn -0.855583 -0.377336 0.354394
vn -0.852376 -0.385747 0.353066
vn -0.846906 -0.399612 0.350800
vn -0.837136 -0.423043 0.346753
vn -0.824883 -0.450360 0.341678
vn -0.527977 -0.839973 0.125244
vn -0.671624 -0.723560 0.159319
vn -0.760892 -0.623270 0.180494
vn -0.814534 -0.546992 0.193219
vn -0.847553 -0.491153 0.201052
vn -0.868758 -0.450321 0.206082
vn -0.882988 -0.420071 0.209457
vn -0.892506 -0.398259 0.211715
vn -0.897993 -0.385010 0.213017
vn -0.903056 -0.372291 0.214218
vn -0.903849 -0.370254 0.214406
vn -0.901025 -0.377453 0.213736
vn -0.897645 -0.385866 0.212934
vn -0.891881 -0.399735 0.211567
vn -0.881586 -0.423169 0.209125
vn -0.868675 -0.450491 0.206062
vn -0.839339 -0.505834 0.199103
vn -0.541106 -0.840141 0.036975
vn -0.688410 -0.723794 0.047041
vn -0.779981 -0.623530 0.053298
vn -0.835020 -0.547253 0.057059
vn -0.868904 -0.491407 0.059374
vn -0.890667 -0.450565 0.060861
vn -0.905271 -0.420307 0.061859
vn -0.915040 -0.398487 0.062527
vn -0.920672 -0.385233 0.062911
vn -0.925870 -0.372509 0.063267
vn -0.926683 -0.370471 0.063322
vn -0.923785 -0.377673 0.063124
vn -0.920315 -0.386090 0.062887
vn -0.914399 -0.399963 0.062483
vn -0.903833 -0.423405 0.061761
vn -0.890581 -0.450735 0.060855
vn -0.860474 -0.506090 0.058798
vn -0.867004 -0.494767 0.059244
vn -0.539605 -0.840113 -0.055107
vn -0.686486 -0.723755 -0.070107
vn -0.777789 -0.623486 -0.079432
vn -0.832665 -0.547210 -0.085036
vn -0.866448 -0.491364 -0.088486
vn -0.888145 -0.450524 -0.090702
vn -0.902705 -0.420267 -0.092189
vn -0.912445 -0.398449 -0.093184
vn -0.918060 -0.385196 -0.093757
vn -0.923241 -0.372472 -0.094286
vn -0.924052 -0.370435 -0.094369
vn -0.921163 -0.377637 -0.094074
vn -0.917704 -0.386052 -0.093721
vn -0.911805 -0.399925 -0.093118
vn -0.901271 -0.423366 -0.092042
vn -0.888059 -0.450694 -0.090693
vn -0.858043 -0.506047 -0.087628
vn -0.864553 -0.494725 -0.088293
vn -0.889448 -0.447918 -0.090835
vn -0.523717 -0.839943 -0.142188
vn -0.666190 -0.723517 -0.180869
vn -0.754723 -0.623223 -0.204906
vn -0.807921 -0.546945 -0.219349
vn -0.840667 -0.491107 -0.228239
vn -0.861695 -0.450277 -0.233948
vn -0.875806 -0.420029 -0.237780
vn -0.885245 -0.398218 -0.240342
vn -0.890686 -0.384970 -0.241819
vn -0.895707 -0.372251 -0.243183
vn -0.896493 -0.370214 -0.243396
vn -0.893693 -0.377413 -0.242636
vn -0.890341 -0.385826 -0.241726
vn -0.884625 -0.399693 -0.240174
vn -0.874417 -0.423126 -0.237402
vn -0.861613 -0.450446 -0.233926
vn -0.832521 -0.505787 -0.226028
vn -0.838830 -0.494467 -0.227741
vn -0.862959 -0.447671 -0.234291
vn -0.886481 -0.395254 -0.240678
vn -0.494589 -0.839887 -0.223543
vn -0.629113 -0.723440 -0.284344
vn -0.712697 -0.623138 -0.322122
vn -0.762918 -0.546859 -0.344821
vn -0.793829 -0.491023 -0.358792
vn -0.813679 -0.450196 -0.367764
vn -0.826999 -0.419951 -0.373784
vn -0.835908 -0.398142 -0.377811
vn -0.841044 -0.384896 -0.380132
vn -0.845783 -0.372179 -0.382274
vn -0.846525 -0.370143 -0.382609
vn -0.843882 -0.377341 -0.381415
vn -0.840718 -0.385752 -0.379985
vn -0.835323 -0.399618 -0.377546
vn -0.825687 -0.423048 -0.373191
vn -0.813601 -0.450366 -0.367729
vn -0.786139 -0.505703 -0.355317
vn -0.792095 -0.494383 -0.358009
vn -0.814871 -0.447591 -0.368303
vn -0.837074 -0.395179 -0.378338
vn -0.861254 -0.326669 -0.389267
vn -0.452386 -0.840007 -0.299557
vn -0.575482 -0.723608 -0.381068
vn -0.651983 -0.623323 -0.431725
vn -0.697956 -0.547046 -0.462167
vn -0.726256 -0.491205 -0.480906
vn -0.744430 -0.450371 -0.492941
vn -0.756626 -0.420119 -0.501016
vn -0.764783 -0.398305 -0.506418
vn -0.769486 -0.385055 -0.509532
vn -0.773826 -0.372335 -0.512406
vn -0.774505 -0.370298 -0.512856
vn -0.772085 -0.377498 -0.511253
vn -0.769188 -0.385912 -0.509335
vn -0.764248 -0.399781 -0.506064
vn -0.755424 -0.423217 -0.500221
vn -0.744358 -0.450540 -0.492893
vn -0.719215 -0.505886 -0.476244
vn -0.724669 -0.494565 -0.479855
vn -0.745522 -0.447765 -0.493664
vn -0.765852 -0.395342 -0.507126
vn -0.787993 -0.326810 -0.521787
vn -0.811874 -0.227697 -0.537600
vn -0.396420 -0.840161 -0.370109
vn -0.504344 -0.723821 -0.470871
vn -0.571437 -0.623560 -0.533510
vn -0.611765 -0.547283 -0.571161
vn -0.636592 -0.491436 -0.594341
vn -0.652538 -0.450594 -0.609229
vn -0.663239 -0.420334 -0.619220
vn -0.670398 -0.398513 -0.625903
vn -0.674525 -0.385259 -0.629756
vn -0.678333 -0.372534 -0.633311
vn -0.678929 -0.370496 -0.633868
vn -0.676805 -0.377699 -0.631885
vn -0.674263 -0.386115 -0.629511
vn -0.669928 -0.399990 -0.625464
vn -0.662185 -0.423433 -0.618235
vn -0.652476 -0.450763 -0.609170
vn -0.630415 -0.506119 -0.588574
vn -0.635200 -0.494797 -0.593041
vn -0.653496 -0.447987 -0.610123
vn -0.671335 -0.395549 -0.626778
vn -0.690765 -0.326992 -0.644918
vn -0.711724 -0.227831 -0.664486
vn -0.726922 -0.104799 -0.678676
vn -0.328472 -0.840080 -0.431709
vn -0.417872 -0.723709 -0.549207
vn -0.473440 -0.623435 -0.622241
vn -0.506837 -0.547158 -0.666134
vn -0.527397 -0.491314 -0.693155
vn -0.540600 -0.450476 -0.710509
vn -0.549461 -0.420220 -0.722154
vn -0.555388 -0.398404 -0.729944
vn -0.558805 -0.385151 -0.734435
vn -0.561958 -0.372429 -0.738579
vn -0.562452 -0.370392 -0.739228
vn -0.560693 -0.377593 -0.736917
vn -0.558589 -0.386008 -0.734150
vn -0.554999 -0.399879 -0.729433
vn -0.548589 -0.423319 -0.721007
vn -0.540549 -0.450645 -0.710441
vn -0.522282 -0.505996 -0.686433
vn -0.526244 -0.494674 -0.691639
vn -0.541394 -0.447870 -0.711551
vn -0.556164 -0.395439 -0.730964
vn -0.572252 -0.326896 -0.752108
vn -0.589604 -0.227761 -0.774914
vn -0.602187 -0.104765 -0.791451
vn -0.605399 0.019932 -0.795673
vn -0.254578 -0.839917 -0.479300
vn -0.323828 -0.723482 -0.609679
vn -0.366858 -0.623184 -0.690693
vn -0.392713 -0.546906 -0.739371
vn -0.408628 -0.491069 -0.769334
vn -0.418848 -0.450240 -0.788575
vn -0.425706 -0.419993 -0.801486
vn -0.430293 -0.398184 -0.810122
vn -0.432937 -0.384936 -0.815101
vn -0.435377 -0.372218 -0.819695
vn -0.435759 -0.370182 -0.820414
vn -0.434398 -0.377380 -0.817852
vn -0.432769 -0.385792 -0.814785
vn -0.429992 -0.399659 -0.809555
vn -0.425030 -0.423091 -0.800215
vn -0.418808 -0.450410 -0.788499
vn -0.404669 -0.505749 -0.761880
vn -0.407735 -0.494429 -0.767653
vn -0.419462 -0.447635 -0.789731
vn -0.430893 -0.395220 -0.811253
vn -0.443343 -0.326704 -0.834692
vn -0.456770 -0.227619 -0.859971
vn -0.466505 -0.104697 -0.878300
vn -0.468990 0.019919 -0.882979
vn -0.464071 0.145789 -0.873718
vn -0.175392 -0.839899 -0.513623
vn -0.223098 -0.723456 -0.653329
vn -0.252741 -0.623156 -0.740135
vn -0.270552 -0.546877 -0.792292
vn -0.281514 -0.491041 -0.824396
vn -0.288554 -0.450213 -0.845012
vn -0.293278 -0.419967 -0.858846
vn -0.296438 -0.398158 -0.868098
vn -0.298259 -0.384911 -0.873433
vn -0.299940 -0.372194 -0.878355
vn -0.300203 -0.370158 -0.879125
vn -0.299266 -0.377356 -0.876380
vn -0.298144 -0.385767 -0.873094
vn -0.296230 -0.399633 -0.867491
vn -0.292813 -0.423065 -0.857483
vn -0.288527 -0.450382 -0.844931
vn -0.278787 -0.505720 -0.816410
vn -0.280899 -0.494401 -0.822596
vn -0.288977 -0.447608 -0.846250
vn -0.296852 -0.395195 -0.869310
vn -0.305427 -0.326682 -0.894423
vn -0.314676 -0.227603 -0.921508
vn -0.321382 -0.104689 -0.941145
vn -0.323093 0.019917 -0.946157
vn -0.319705 0.145778 -0.936236
vn -0.310813 0.273752 -0.910195
vn -0.090652 -0.840044 -0.534892
vn -0.115322 -0.723658 -0.680455
vn -0.130655 -0.623379 -0.770927
vn -0.139870 -0.547102 -0.825298
vn -0.145542 -0.491259 -0.858768
vn -0.149185 -0.450423 -0.880263
vn -0.151630 -0.420170 -0.894688
vn -0.153265 -0.398355 -0.904336
vn -0.154208 -0.385103 -0.909899
vn -0.155078 -0.372382 -0.915031
vn -0.155214 -0.370345 -0.915835
vn -0.154729 -0.377546 -0.912972
vn -0.154148 -0.385960 -0.909546
vn -0.153158 -0.399830 -0.903703
vn -0.151389 -0.423268 -0.893267
vn -0.149171 -0.450593 -0.880178
vn -0.144131 -0.505941 -0.850441
vn -0.145224 -0.494620 -0.856891
vn -0.149404 -0.447817 -0.881554
vn -0.153479 -0.395391 -0.905600
vn -0.157917 -0.326853 -0.931788
vn -0.162705 -0.227729 -0.960035
vn -0.166176 -0.104750 -0.980517
vn -0.167062 0.019929 -0.985745
vn -0.165308 0.145862 -0.975396
vn -0.160705 0.273900 -0.948237
vn -0.152949 0.402677 -0.902473
vn 0.000000 -0.840168 -0.542326
vn 0.000000 -0.723832 -0.689977
vn 0.000000 -0.623571 -0.781767
vn 0.000000 -0.547295 -0.836940
vn 0.000000 -0.491447 -0.870908
vn 0.000000 -0.450604 -0.892724
vn -0.000000 -0.420344 -0.907365
vn -0.000000 -0.398523 -0.917158
vn 0.000000 -0.385269 -0.922804
vn -0.000000 -0.372544 -0.928015
vn 0.000000 -0.370506 -0.928830
vn -0.000000 -0.377709 -0.925925
vn -0.000000 -0.386125 -0.922446
vn -0.000000 -0.399999 -0.916515
vn 0.000000 -0.423443 -0.905923
vn 0.000000 -0.450774 -0.892638
vn 0.000000 -0.506130 -0.862457
vn -0.000000 -0.494808 -0.869002
vn 0.000000 -0.447998 -0.894035
vn 0.000000 -0.395559 -0.918441
vn 0.000000 -0.327000 -0.945024
vn 0.000000 -0.227838 -0.973699
vn 0.000000 -0.104802 -0.994493
vn 0.000000 0.019939 -0.999801
vn 0.000000 0.145933 -0.989294
vn 0.000000 0.274028 -0.961722
vn 0.000000 0.402847 -0.915267
vn 0.000000 0.522941 -0.852369
vn 0.055107 -0.840113 -0.539605
vn 0.070107 -0.723755 -0.686486
vn 0.079432 -0.623486 -0.777789
vn 0.085036 -0.547210 -0.832665
vn 0.088486 -0.491364 -0.866448
vn 0.090702 -0.450524 -0.888145
vn 0.092189 -0.420267 -0.902705
vn 0.093184 -0.398449 -0.912445
vn 0.093757 -0.385196 -0.918060
vn 0.094286 -0.372472 -0.923241
vn 0.094369 -0.370435 -0.924052
vn 0.094074 -0.377637 -0.921163
vn 0.093721 -0.386052 -0.917704
vn 0.093118 -0.399925 -0.911805
vn 0.092042 -0.423366 -0.901271
vn 0.090693 -0.450694 -0.888059
vn 0.087628 -0.506047 -0.858043
vn 0.088293 -0.494725 -0.864553
vn 0.090835 -0.447918 -0.889448
vn 0.093314 -0.395485 -0.913720
vn 0.096014 -0.326936 -0.940157
vn 0.098926 -0.227790 -0.968672
vn 0.101037 -0.104779 -0.989350
vn 0.101577 0.019934 -0.994628
vn 0.100510 0.145902 -0.984180
vn 0.097709 0.273971 -0.956761
vn 0.092991 0.402772 -0.910564
vn 0.086603 0.522857 -0.848010
vn 0.079252 0.625693 -0.776033
vn 0.108066 -0.840007 -0.531704
vn 0.137471 -0.723608 -0.676383
vn 0.155746 -0.623323 -0.766297
vn 0.166728 -0.547046 -0.820331
vn 0.173488 -0.491205 -0.853592
vn 0.177830 -0.450371 -0.874953
vn 0.180743 -0.420119 -0.889287
vn 0.182692 -0.398305 -0.898875
vn 0.183815 -0.385055 -0.904403
vn 0.184852 -0.372335 -0.909503
vn 0.185014 -0.370298 -0.910302
vn 0.184436 -0.377498 -0.907457
vn 0.183744 -0.385912 -0.904052
vn 0.182564 -0.399781 -0.898246
vn 0.180456 -0.423217 -0.887875
vn 0.177813 -0.450540 -0.874869
vn 0.171806 -0.505886 -0.845318
vn 0.173109 -0.494565 -0.851727
vn 0.178091 -0.447765 -0.876236
vn 0.182947 -0.395342 -0.900131
vn 0.188236 -0.326810 -0.926154
vn 0.193941 -0.227697 -0.954223
vn 0.198077 -0.104735 -0.974575
vn 0.199133 0.019926 -0.979770
vn 0.197043 0.145841 -0.969487
vn 0.191558 0.273863 -0.942499
vn 0.182315 0.402628 -0.897024
vn 0.169799 0.522694 -0.835439
vn 0.155395 0.625530 -0.764569
vn 0.140882 0.706877 -0.693165
vn 0.158903 -0.839917 -0.518930
vn 0.202127 -0.723482 -0.660089
vn 0.228986 -0.623184 -0.747801
vn 0.245124 -0.546906 -0.800505
vn 0.255057 -0.491069 -0.832945
vn 0.261436 -0.450240 -0.853777
vn 0.265717 -0.419993 -0.867756
vn 0.268580 -0.398184 -0.877106
vn 0.270231 -0.384936 -0.882496
vn 0.271754 -0.372218 -0.887470
vn 0.271992 -0.370182 -0.888249
vn 0.271143 -0.377380 -0.885475
vn 0.270126 -0.385792 -0.882154
vn 0.268392 -0.399659 -0.876492
vn 0.265295 -0.423091 -0.866379
vn 0.261411 -0.450410 -0.853695
vn 0.252586 -0.505749 -0.824875
vn 0.254500 -0.494429 -0.831125
vn 0.261820 -0.447635 -0.855028
vn 0.268955 -0.395220 -0.878330
vn 0.276726 -0.326704 -0.903707
vn 0.285107 -0.227619 -0.931077
vn 0.291183 -0.104697 -0.950921
vn 0.292734 0.019919 -0.955986
vn 0.289664 0.145789 -0.945960
vn 0.281606 0.273771 -0.919645
vn 0.268027 0.402505 -0.875301
vn 0.249636 0.522556 -0.815240
vn 0.228469 0.625391 -0.746115
vn 0.207140 0.706748 -0.676461
vn 0.185748 0.773003 -0.606601
vn 0.207708 -0.839883 -0.501452
vn 0.264202 -0.723434 -0.637840
vn 0.299303 -0.623132 -0.722582
vn 0.320394 -0.546853 -0.773498
vn 0.333375 -0.491017 -0.804837
vn 0.341711 -0.450190 -0.824962
vn 0.347304 -0.419945 -0.838466
vn 0.351045 -0.398137 -0.847499
vn 0.353202 -0.384891 -0.852706
vn 0.355193 -0.372174 -0.857511
vn 0.355504 -0.370138 -0.858263
vn 0.354394 -0.377336 -0.855583
vn 0.353066 -0.385747 -0.852376
vn 0.350800 -0.399612 -0.846906
vn 0.346753 -0.423043 -0.837136
vn 0.341678 -0.450360 -0.824883
vn 0.330145 -0.505697 -0.797041
vn 0.332647 -0.494377 -0.803080
vn 0.342211 -0.447585 -0.826171
vn 0.351535 -0.395174 -0.848681
vn 0.361690 -0.326664 -0.873196
vn 0.372641 -0.227589 -0.899634
vn 0.380581 -0.104683 -0.918803
vn 0.382608 0.019916 -0.923696
vn 0.378596 0.145769 -0.914011
vn 0.368067 0.273736 -0.888592
vn 0.350323 0.402458 -0.845755
vn 0.326290 0.522504 -0.787734
vn 0.298628 0.625338 -0.720953
vn 0.270754 0.706699 -0.653658
vn 0.242796 0.772959 -0.586160
vn 0.212777 0.831174 -0.513689
vn 0.254578 -0.839917 -0.479300
vn 0.323828 -0.723482 -0.609679
vn 0.366858 -0.623184 -0.690693
vn 0.392713 -0.546906 -0.739371
vn 0.408628 -0.491069 -0.769334
vn 0.418848 -0.450240 -0.788575
vn 0.425706 -0.419993 -0.801486
vn 0.430293 -0.398184 -0.810122
vn 0.432937 -0.384936 -0.815101
vn 0.435377 -0.372218 -0.819695
vn 0.435759 -0.370182 -0.820414
vn 0.434398 -0.377380 -0.817852
vn 0.432769 -0.385792 -0.814785
vn 0.429992 -0.399659 -0.809555
vn 0.425030 -0.423091 -0.800215
vn 0.418808 -0.450410 -0.788499
vn 0.404669 -0.505749 -0.761880
vn 0.407735 -0.494429 -0.767653
vn 0.419462 -0.447635 -0.789731
vn 0.430893 -0.395220 -0.811253
vn 0.443343 -0.326704 -0.834692
vn 0.456770 -0.227619 -0.859971
vn 0.466505 -0.104697 -0.878300
vn 0.468990 0.019919 -0.882979
vn 0.464071 0.145789 -0.873718
vn 0.451162 0.273771 -0.849413
vn 0.429407 0.402505 -0.808455
vn 0.399942 0.522556 -0.752981
vn 0.366031 0.625391 -0.689135
vn 0.331860 0.706748 -0.624801
vn 0.297588 0.773003 -0.560275
vn 0.260791 0.831209 -0.490998
vn 0.221499 0.881494 -0.417022
vn 0.299557 -0.840007 -0.452386
vn 0.381068 -0.723608 -0.575482
vn 0.431725 -0.623323 -0.651983
vn 0.462167 -0.547046 -0.697956
vn 0.480906 -0.491205 -0.726256
vn 0.492941 -0.450371 -0.744430
vn 0.501016 -0.420119 -0.756626
vn 0.506418 -0.398305 -0.764783
vn 0.509532 -0.385055 -0.769486
vn 0.512406 -0.372335 -0.773826
vn 0.512856 -0.370298 -0.774505
vn 0.511253 -0.377498 -0.772085
vn 0.509335 -0.385912 -0.769188
vn 0.506064 -0.399781 -0.764248
vn 0.500221 -0.423217 -0.755424
vn 0.492893 -0.450540 -0.744358
vn 0.476244 -0.505886 -0.719215
vn 0.479855 -0.494565 -0.724669
vn 0.493664 -0.447765 -0.745522
vn 0.507126 -0.395342 -0.765852
vn 0.521787 -0.326810 -0.787993
vn 0.537600 -0.227697 -0.811874
vn 0.549067 -0.104735 -0.829190
vn 0.551994 0.019926 -0.833610
vn 0.546200 0.145841 -0.824861
vn 0.530996 0.273863 -0.801900
vn 0.505375 0.402628 -0.763208
vn 0.470679 0.522694 -0.710811
vn 0.430751 0.625530 -0.650512
vn 0.390523 0.706877 -0.589760
vn 0.350180 0.773116 -0.528835
vn 0.306870 0.831303 -0.463429
vn 0.260627 0.881565 -0.393594
vn 0.211398 0.923792 -0.319249
vn 0.342591 -0.840113 -0.420525
vn 0.435846 -0.723755 -0.534993
vn 0.493813 -0.623486 -0.606147
vn 0.528653 -0.547210 -0.648912
vn 0.550102 -0.491364 -0.675240
vn 0.563877 -0.450524 -0.692149
vn 0.573122 -0.420267 -0.703496
vn 0.579305 -0.398449 -0.711087
vn 0.582870 -0.385196 -0.715463
vn 0.586160 -0.372472 -0.719501
vn 0.586675 -0.370435 -0.720133
vn 0.584840 -0.377637 -0.717881
vn 0.582644 -0.386052 -0.715185
vn 0.578899 -0.399925 -0.710588
vn 0.572211 -0.423366 -0.702379
vn 0.563823 -0.450694 -0.692083
vn 0.544766 -0.506047 -0.668690
vn 0.548899 -0.494725 -0.673763
vn 0.564705 -0.447918 -0.693165
vn 0.580115 -0.395485 -0.712081
vn 0.596899 -0.326936 -0.732683
vn 0.615003 -0.227790 -0.754906
vn 0.628132 -0.104779 -0.771020
vn 0.631483 0.019934 -0.775134
vn 0.624849 0.145902 -0.766991
vn 0.607442 0.273971 -0.745624
vn 0.578111 0.402772 -0.709621
vn 0.538396 0.522857 -0.660871
vn 0.492698 0.625693 -0.604778
vn 0.446664 0.707028 -0.548272
vn 0.400504 0.773249 -0.491612
vn 0.350957 0.831413 -0.430793
vn 0.298059 0.881649 -0.365862
vn 0.241752 0.923850 -0.296746
vn 0.183090 0.957063 -0.224740
vn 0.383483 -0.840168 -0.383483
vn 0.487887 -0.723832 -0.487887
vn 0.552793 -0.623571 -0.552793
vn 0.591806 -0.547295 -0.591806
vn 0.615825 -0.491447 -0.615825
vn 0.631251 -0.450604 -0.631251
vn 0.641604 -0.420344 -0.641604
vn 0.648529 -0.398523 -0.648529
vn 0.652521 -0.385269 -0.652521
vn 0.656205 -0.372544 -0.656205
vn 0.656782 -0.370506 -0.656782
vn 0.654728 -0.377709 -0.654728
vn 0.652268 -0.386125 -0.652268
vn 0.648074 -0.399999 -0.648074
vn 0.640584 -0.423443 -0.640584
vn 0.631191 -0.450774 -0.631191
vn 0.609849 -0.506130 -0.609849
vn 0.614478 -0.494808 -0.614478
vn 0.632178 -0.447998 -0.632178
vn 0.649436 -0.395559 -0.649436
vn 0.668233 -0.327000 -0.668233
vn 0.688509 -0.227838 -0.688509
vn 0.703213 -0.104802 -0.703213
vn 0.706966 0.019939 -0.706966
vn 0.699537 0.145933 -0.699537
vn 0.680040 0.274028 -0.680040
vn 0.647192 0.402847 -0.647192
vn 0.602716 0.522941 -0.602716
vn 0.551545 0.625777 -0.551545
vn 0.500000 0.707107 -0.500000
vn 0.448319 0.773318 -0.448319
vn 0.392847 0.831470 -0.392847
vn 0.333630 0.881693 -0.333630
vn 0.270598 0.923880 -0.270598
vn 0.204934 0.957081 -0.204934
vn 0.137950 0.980785 -0.137950
vn 0.420525 -0.840113 -0.342591
vn 0.534993 -0.723755 -0.435846
vn 0.606147 -0.623486 -0.493813
vn 0.648912 -0.547210 -0.528653
vn 0.675240 -0.491364 -0.550102
vn 0.692149 -0.450524 -0.563877
vn 0.703496 -0.420267 -0.573122
vn 0.711087 -0.398449 -0.579305
vn 0.715463 -0.385196 -0.582870
vn 0.719501 -0.372472 -0.586160
vn 0.720133 -0.370435 -0.586675
vn 0.717881 -0.377637 -0.584840
vn 0.715185 -0.386052 -0.582644
vn 0.710588 -0.399925 -0.578899
vn 0.702379 -0.423366 -0.572211
vn 0.692083 -0.450694 -0.563823
vn 0.668690 -0.506047 -0.544766
vn 0.673763 -0.494725 -0.548899
vn 0.693165 -0.447918 -0.564705
vn 0.712081 -0.395485 -0.580115
vn 0.732683 -0.326936 -0.596899
vn 0.754906 -0.227790 -0.615003
vn 0.771020 -0.104779 -0.628132
vn 0.775134 0.019934 -0.631483
vn 0.766991 0.145902 -0.624849
vn 0.745624 0.273971 -0.607442
vn 0.709621 0.402772 -0.578111
vn 0.660871 0.522857 -0.538396
vn 0.604778 0.625693 -0.492698
vn 0.548272 0.707028 -0.446664
vn 0.491612 0.773249 -0.400504
vn 0.430793 0.831413 -0.350957
vn 0.365862 0.881649 -0.298059
vn 0.296746 0.923850 -0.241752
vn 0.224740 0.957063 -0.183090
vn 0.151283 0.980777 -0.123247
vn 0.452386 -0.840007 -0.299557
vn 0.575482 -0.723608 -0.381068
vn 0.651983 -0.623323 -0.431725
vn 0.697956 -0.547046 -0.462167
vn 0.726256 -0.491205 -0.480906
vn 0.744430 -0.450371 -0.492941
vn 0.756626 -0.420119 -0.501016
vn 0.764783 -0.398305 -0.506418
vn 0.769486 -0.385055 -0.509532
vn 0.773826 -0.372335 -0.512406
vn 0.774505 -0.370298 -0.512856
vn 0.772085 -0.377498 -0.511253
vn 0.769188 -0.385912 -0.509335
vn 0.764248 -0.399781 -0.506064
vn 0.755424 -0.423217 -0.500221
vn 0.744358 -0.450540 -0.492893
vn 0.719215 -0.505886 -0.476244
vn 0.724669 -0.494565 -0.479855
vn 0.745522 -0.447765 -0.493664
vn 0.765852 -0.395342 -0.507126
vn 0.787993 -0.326810 -0.521787
vn 0.811874 -0.227697 -0.537600
vn 0.829190 -0.104735 -0.549067
vn 0.833610 0.019926 -0.551994
vn 0.824861 0.145841 -0.546200
vn 0.801900 0.273863 -0.530996
vn 0.763208 0.402628 -0.505375
vn 0.710811 0.522694 -0.470679
vn 0.650512 0.625530 -0.430751
vn 0.589760 0.706877 -0.390523
vn 0.528835 0.773116 -0.350180
vn 0.463429 0.831303 -0.306870
vn 0.393594 0.881565 -0.260627
vn 0.319249 0.923792 -0.211398
vn 0.241790 0.957029 -0.160106
vn 0.162763 0.980761 -0.107777
vn 0.609679 -0.723482 -0.323828
vn 0.722582 -0.623132 -0.299303
vn 0.800505 -0.546906 -0.245124
vn 0.853592 -0.491205 -0.173488
vn 0.747801 -0.623184 0.228986
vn 0.773498 -0.546853 0.320394
vn 0.769334 -0.491069 0.408628
vn 0.744430 -0.450371 0.492941
vn 0.703496 -0.420267 0.573122
vn 0.648529 -0.398523 0.648529
vn 0.534354 -0.385103 0.752437
vn 0.409001 -0.372194 0.833180
vn 0.271992 -0.370182 0.888249
vn 0.124609 -0.377593 0.917549
vn -0.031644 -0.386115 0.921908
vn -0.182564 -0.399781 0.898246
vn -0.319963 -0.423048 0.847735
vn -0.443842 -0.450446 0.774663
vn -0.544766 -0.506047 0.668690
vn -0.654956 -0.494767 0.571172
vn -0.761142 -0.447715 0.469270
vn -0.848681 -0.395174 0.351535
vn -0.919585 -0.326770 0.218139
vn -0.971439 -0.227814 0.066380
vn -0.989350 -0.104779 -0.101037
vn -0.964873 0.019921 -0.261961
vn -0.901513 0.145771 -0.407463
vn -0.801900 0.273863 -0.530996
vn -0.669016 0.402837 -0.624612
vn -0.516176 0.522806 -0.678408
vn -0.366031 0.625391 -0.689135
vn -0.228631 0.706721 -0.669532
vn -0.105973 0.773161 -0.625293
vn 0.000000 0.831470 -0.555570
vn 0.047944 0.881649 -0.469464
vn 0.076262 0.923792 -0.375224
vn 0.084936 0.956999 -0.277377
vn 0.074741 0.980742 -0.180440
vn 0.690693 -0.623184 -0.366858
vn 0.739371 -0.546906 -0.392713
vn 0.769334 -0.491069 -0.408628
vn 0.788575 -0.450240 -0.418848
vn 0.801486 -0.419993 -0.425706
vn 0.810122 -0.398184 -0.430293
vn 0.815101 -0.384936 -0.432937
vn 0.819695 -0.372218 -0.435377
vn 0.820414 -0.370182 -0.435759
vn 0.817852 -0.377380 -0.434398
vn 0.814785 -0.385792 -0.432769
vn 0.809555 -0.399659 -0.429992
vn 0.800215 -0.423091 -0.425030
vn 0.788499 -0.450410 -0.418808
vn 0.761880 -0.505749 -0.404669
vn 0.767653 -0.494429 -0.407735
vn 0.789731 -0.447635 -0.419462
vn 0.811253 -0.395220 -0.430893
vn 0.834692 -0.326704 -0.443343
vn 0.859971 -0.227619 -0.456770
vn 0.878300 -0.104697 -0.466505
vn 0.882979 0.019919 -0.468990
vn 0.873718 0.145789 -0.464071
vn 0.849413 0.273771 -0.451162
vn 0.808455 0.402505 -0.429407
vn 0.752981 0.522556 -0.399942
vn 0.689135 0.625391 -0.366031
vn 0.624801 0.706748 -0.331860
vn 0.560275 0.773003 -0.297588
vn 0.490998 0.831209 -0.260791
vn 0.417022 0.881494 -0.221499
vn 0.338261 0.923742 -0.179666
vn 0.256194 0.956999 -0.136076
vn 0.172463 0.980747 -0.091603
vn 0.800505 -0.546906 0.245124
vn 0.832945 -0.491069 0.255057
vn 0.853777 -0.450240 0.261436
vn 0.773498 -0.546853 -0.320394
vn 0.832945 -0.491069 -0.255057
vn 0.874953 -0.450371 -0.177830
vn 0.804837 -0.491017 0.333375
vn 0.788575 -0.450240 0.418848
vn 0.756626 -0.420119 0.501016
vn 0.711087 -0.398449 0.579305
vn 0.652521 -0.385269 0.652521
vn 0.537369 -0.372382 0.756681
vn 0.409360 -0.370158 0.833911
vn 0.271143 -0.377380 0.885475
vn 0.124141 -0.386008 0.914105
vn -0.031441 -0.399990 0.915980
vn -0.180456 -0.423217 0.887875
vn -0.315279 -0.450366 0.835326
vn -0.428855 -0.505787 0.748507
vn -0.548899 -0.494725 0.673763
vn -0.673819 -0.447959 0.587622
vn -0.781893 -0.395295 0.482064
vn -0.873196 -0.326664 0.361690
vn -0.947447 -0.227668 0.224748
vn -0.992181 -0.104791 0.067798
vn -0.994628 0.019934 -0.101577
vn -0.954751 0.145803 -0.259213
vn -0.876440 0.273740 -0.396130
vn -0.763208 0.402628 -0.505375
vn -0.623042 0.522930 -0.581690
vn -0.472372 0.625641 -0.620836
vn -0.331860 0.706748 -0.624801
vn -0.205021 0.772979 -0.600391
vn -0.092865 0.831340 -0.547950
vn 0.000000 0.881693 -0.471824
vn 0.038887 0.923850 -0.380775
vn 0.057759 0.957029 -0.284183
vn 0.057177 0.980747 -0.186723
vn 0.804837 -0.491017 -0.333375
vn 0.824962 -0.450190 -0.341711
vn 0.838466 -0.419945 -0.347304
vn 0.847499 -0.398137 -0.351045
vn 0.852706 -0.384891 -0.353202
vn 0.857511 -0.372174 -0.355193
vn 0.858263 -0.370138 -0.355504
vn 0.855583 -0.377336 -0.354394
vn 0.852376 -0.385747 -0.353066
vn 0.846906 -0.399612 -0.350800
vn 0.837136 -0.423043 -0.346753
vn 0.824883 -0.450360 -0.341678
vn 0.797041 -0.505697 -0.330145
vn 0.803080 -0.494377 -0.332647
vn 0.826171 -0.447585 -0.342211
vn 0.848681 -0.395174 -0.351535
vn 0.873196 -0.326664 -0.361690
vn 0.899634 -0.227589 -0.372641
vn 0.918803 -0.104683 -0.380581
vn 0.923696 0.019916 -0.382608
vn 0.914011 0.145769 -0.378596
vn 0.888592 0.273736 -0.368067
vn 0.845755 0.402458 -0.350323
vn 0.787734 0.522504 -0.326290
vn 0.720953 0.625338 -0.298628
vn 0.653658 0.706699 -0.270754
vn 0.586160 0.772959 -0.242796
vn 0.513689 0.831174 -0.212777
vn 0.436299 0.881466 -0.180721
vn 0.353901 0.923723 -0.146591
vn 0.268042 0.956988 -0.111027
vn 0.180440 0.980742 -0.074741
vn 0.824962 -0.450190 0.341711
vn 0.838466 -0.419945 0.347304
vn 0.801486 -0.419993 0.425706
vn 0.764783 -0.398305 0.506418
vn 0.715463 -0.385196 0.582870
vn 0.656205 -0.372544 0.656205
vn 0.537840 -0.370345 0.757346
vn 0.408082 -0.377356 0.831307
vn 0.270126 -0.385792 0.882154
vn 0.123343 -0.399879 0.908231
vn -0.031077 -0.423433 0.905394
vn -0.177813 -0.450540 0.874869
vn -0.304638 -0.505703 0.807131
vn -0.432106 -0.494467 0.754180
vn -0.564705 -0.447918 0.693165
vn -0.692211 -0.395522 0.603661
vn -0.804492 -0.326770 0.495997
vn -0.899634 -0.227589 0.372641
vn -0.967649 -0.104721 0.229540
vn -0.997475 0.019937 0.068160
vn -0.984180 0.145902 -0.100510
vn -0.928187 0.273797 -0.252001
vn -0.834188 0.402464 -0.377033
vn -0.710811 0.522694 -0.470679
vn -0.570147 0.625766 -0.532306
vn -0.428243 0.706980 -0.562838
vn -0.297588 0.773003 -0.560275
vn -0.179672 0.831190 -0.526157
vn -0.078870 0.881594 -0.465373
vn 0.000000 0.923880 -0.382683
vn 0.029451 0.957063 -0.288380
vn 0.038881 0.980761 -0.191301
vn 0.853777 -0.450240 -0.261436
vn 0.889287 -0.420119 -0.180743
vn 0.867756 -0.419993 -0.265717
vn 0.877106 -0.398184 -0.268580
vn 0.882496 -0.384936 -0.270231
vn 0.887470 -0.372218 -0.271754
vn 0.888249 -0.370182 -0.271992
vn 0.885475 -0.377380 -0.271143
vn 0.882154 -0.385792 -0.270126
vn 0.876492 -0.399659 -0.268392
vn 0.866379 -0.423091 -0.265295
vn 0.853695 -0.450410 -0.261411
vn 0.824875 -0.505749 -0.252586
vn 0.831125 -0.494429 -0.254500
vn 0.855028 -0.447635 -0.261820
vn 0.878330 -0.395220 -0.268955
vn 0.903707 -0.326704 -0.276726
vn 0.931077 -0.227619 -0.285107
vn 0.950921 -0.104697 -0.291183
vn 0.955986 0.019919 -0.292734
vn 0.945960 0.145789 -0.289664
vn 0.919645 0.273771 -0.281606
vn 0.875301 0.402505 -0.268027
vn 0.815240 0.522556 -0.249636
vn 0.746115 0.625391 -0.228469
vn 0.676461 0.706748 -0.207140
vn 0.606601 0.773003 -0.185748
vn 0.531595 0.831209 -0.162781
vn 0.451502 0.881494 -0.138255
vn 0.366229 0.923742 -0.112144
vn 0.277377 0.956999 -0.084936
vn 0.186723 0.980747 -0.057177
vn 0.810122 -0.398184 0.430293
vn 0.898875 -0.398305 -0.182692
vn 0.769486 -0.385055 0.509532
vn 0.719501 -0.372472 0.586160
vn 0.656782 -0.370506 0.656782
vn 0.536159 -0.377546 0.754979
vn 0.406551 -0.385767 0.828191
vn 0.268392 -0.399659 0.876492
vn 0.121919 -0.423319 0.897740
vn -0.030622 -0.450763 0.892118
vn -0.171806 -0.505886 0.845318
vn -0.306946 -0.494383 0.813246
vn -0.444535 -0.447671 0.775873
vn -0.580115 -0.395485 0.712081
vn -0.712242 -0.326969 0.621130
vn -0.828867 -0.227668 0.511025
vn -0.918803 -0.104683 0.380581
vn -0.972806 0.019923 0.230764
vn -0.986995 0.145918 0.067443
vn -0.956761 0.273971 -0.097709
vn -0.883422 0.402539 -0.239847
vn -0.776959 0.522510 -0.351167
vn -0.650512 0.625530 -0.430751
vn -0.516866 0.707096 -0.482561
vn -0.383992 0.773207 -0.504679
vn -0.260791 0.831209 -0.490998
vn -0.152603 0.881479 -0.446887
vn -0.063972 0.923811 -0.377465
vn 0.000000 0.957081 -0.289821
vn 0.019825 0.980777 -0.194122
vn 0.904403 -0.385055 -0.183815
vn 0.909503 -0.372335 -0.184852
vn 0.910302 -0.370298 -0.185014
vn 0.907457 -0.377498 -0.184436
vn 0.904052 -0.385912 -0.183744
vn 0.898246 -0.399781 -0.182564
vn 0.887875 -0.423217 -0.180456
vn 0.874869 -0.450540 -0.177813
vn 0.845318 -0.505886 -0.171806
vn 0.851727 -0.494565 -0.173109
vn 0.876236 -0.447765 -0.178091
vn 0.900131 -0.395342 -0.182947
vn 0.926154 -0.326810 -0.188236
vn 0.954223 -0.227697 -0.193941
vn 0.974575 -0.104735 -0.198077
vn 0.979770 0.019926 -0.199133
vn 0.969487 0.145841 -0.197043
vn 0.942499 0.273863 -0.191558
vn 0.897024 0.402628 -0.182315
vn 0.835439 0.522694 -0.169799
vn 0.764569 0.625530 -0.155395
vn 0.693165 0.706877 -0.140882
vn 0.621557 0.773116 -0.126328
vn 0.544684 0.831303 -0.110704
vn 0.462605 0.881565 -0.094022
vn 0.375224 0.923792 -0.076262
vn 0.284183 0.957029 -0.057759
vn 0.191301 0.980761 -0.038881
vn 0.874869 -0.450540 0.177813
vn 0.824875 -0.505749 0.252586
vn 0.803080 -0.494377 0.332647
vn 0.789731 -0.447635 0.419462
vn 0.765852 -0.395342 0.507126
vn 0.732683 -0.326936 0.596899
vn 0.688509 -0.227838 0.688509
vn 0.575826 -0.104750 0.810834
vn 0.440573 0.019917 0.897496
vn 0.289664 0.145789 0.945960
vn 0.129423 0.273937 0.953000
vn -0.031398 0.402837 0.914733
vn -0.169799 0.522694 0.835439
vn -0.275555 0.625344 0.730078
vn -0.351686 0.706784 0.613818
vn -0.400504 0.773249 0.491612
vn -0.418746 0.831442 0.365179
vn -0.401873 0.881538 0.247769
vn -0.353901 0.923723 0.146591
vn -0.282199 0.957017 0.066942
vn -0.194657 0.980781 0.013301
vn 0.845318 -0.505886 0.171806
vn 0.851727 -0.494565 0.173109
vn 0.876236 -0.447765 0.178091
vn 0.900131 -0.395342 0.182947
vn 0.926154 -0.326810 0.188236
vn 0.954223 -0.227697 0.193941
vn 0.974575 -0.104735 0.198077
vn 0.979770 0.019926 0.199133
vn 0.969487 0.145841 0.197043
vn 0.942499 0.273863 0.191558
vn 0.897024 0.402628 0.182315
vn 0.835439 0.522694 0.169799
vn 0.764569 0.625530 0.155395
vn 0.693165 0.706877 0.140882
vn 0.621557 0.773116 0.126328
vn 0.544684 0.831303 0.110704
vn 0.462605 0.881565 0.094022
vn 0.375224 0.923792 0.076262
vn 0.284183 0.957029 0.057759
vn 0.191301 0.980761 0.038881
vn 0.831125 -0.494429 0.254500
vn 0.826171 -0.447585 0.342211
vn 0.811253 -0.395220 0.430893
vn 0.787993 -0.326810 0.521787
vn 0.754906 -0.227790 0.615003
vn 0.703213 -0.104802 0.703213
vn 0.578896 0.019929 0.815158
vn 0.435953 0.145778 0.888084
vn 0.281606 0.273771 0.919645
vn 0.123175 0.402726 0.906995
vn -0.029240 0.522930 0.851874
vn -0.155395 0.625530 0.764569
vn -0.249834 0.706705 0.661930
vn -0.315363 0.773034 0.550422
vn -0.350957 0.831413 0.430793
vn -0.355628 0.881671 0.310135
vn -0.325968 0.923773 0.200970
vn -0.268042 0.956988 0.111027
vn -0.189967 0.980756 0.045063
vn 0.855028 -0.447635 0.261820
vn 0.878330 -0.395220 0.268955
vn 0.903707 -0.326704 0.276726
vn 0.931077 -0.227619 0.285107
vn 0.950921 -0.104697 0.291183
vn 0.955986 0.019919 0.292734
vn 0.945960 0.145789 0.289664
vn 0.919645 0.273771 0.281606
vn 0.875301 0.402505 0.268027
vn 0.815240 0.522556 0.249636
vn 0.746115 0.625391 0.228469
vn 0.676461 0.706748 0.207140
vn 0.606601 0.773003 0.185748
vn 0.531595 0.831209 0.162781
vn 0.451502 0.881494 0.138255
vn 0.366229 0.923742 0.112144
vn 0.277377 0.956999 0.084936
vn 0.186723 0.980747 0.057177
vn 0.848681 -0.395174 0.351535
vn 0.834692 -0.326704 0.443343
vn 0.811874 -0.227697 0.537600
vn 0.771020 -0.104779 0.628132
vn 0.706966 0.019939 0.706966
vn 0.572819 0.145862 0.806600
vn 0.423827 0.273752 0.863383
vn 0.268027 0.402505 0.875301
vn 0.114715 0.522806 0.844698
vn -0.026758 0.625766 0.779552
vn -0.140882 0.706877 0.693165
vn -0.224036 0.772964 0.593577
vn -0.276366 0.831235 0.482358
vn -0.298059 0.881649 0.365862
vn -0.288443 0.923865 0.251544
vn -0.246880 0.957017 0.152210
vn -0.180440 0.980742 0.074741
vn 0.873196 -0.326664 0.361690
vn 0.899634 -0.227589 0.372641
vn 0.918803 -0.104683 0.380581
vn 0.923696 0.019916 0.382608
vn 0.914011 0.145769 0.378596
vn 0.888592 0.273736 0.368067
vn 0.845755 0.402458 0.350323
vn 0.787734 0.522504 0.326290
vn 0.720953 0.625338 0.298628
vn 0.653658 0.706699 0.270754
vn 0.586160 0.772959 0.242796
vn 0.513689 0.831174 0.212777
vn 0.436299 0.881466 0.180721
vn 0.353901 0.923723 0.146591
vn 0.268042 0.956988 0.111027
vn 0.180440 0.980742 0.074741
vn 0.859971 -0.227619 0.456770
vn 0.829190 -0.104735 0.549067
vn 0.775134 0.019934 0.631483
vn 0.699537 0.145933 0.699537
vn 0.556869 0.273900 0.784140
vn 0.403393 0.402479 0.821757
vn 0.249636 0.522556 0.815240
vn 0.104980 0.625641 0.773015
vn -0.024257 0.707096 0.706701
vn -0.126328 0.773116 0.621557
vn -0.196336 0.831178 0.520188
vn -0.234725 0.881514 0.409680
vn -0.241752 0.923850 0.296746
vn -0.218450 0.957072 0.190505
vn -0.166191 0.980756 0.102463
vn 0.878300 -0.104697 0.466505
vn 0.882979 0.019919 0.468990
vn 0.873718 0.145789 0.464071
vn 0.849413 0.273771 0.451162
vn 0.808455 0.402505 0.429407
vn 0.752981 0.522556 0.399942
vn 0.689135 0.625391 0.366031
vn 0.624801 0.706748 0.331860
vn 0.560275 0.773003 0.297588
vn 0.490998 0.831209 0.260791
vn 0.417022 0.881494 0.221499
vn 0.338261 0.923742 0.179666
vn 0.256194 0.956999 0.136076
vn 0.172463 0.980747 0.091603
vn 0.833610 0.019926 0.551994
vn 0.766991 0.145902 0.624849
vn 0.680040 0.274028 0.680040
vn 0.529993 0.402677 0.746296
vn 0.375717 0.522527 0.765377
vn 0.228469 0.625391 0.746115
vn 0.095173 0.706980 0.700800
vn -0.021750 0.773309 0.633657
vn -0.110704 0.831303 0.544684
vn -0.166757 0.881469 0.441819
vn -0.190392 0.923756 0.332303
vn -0.183090 0.957063 0.224740
vn -0.147049 0.980781 0.128238
vn 0.824861 0.145841 0.546200
vn 0.801900 0.273863 0.530996
vn 0.763208 0.402628 0.505375
vn 0.710811 0.522694 0.470679
vn 0.650512 0.625530 0.430751
vn 0.589760 0.706877 0.390523
vn 0.528835 0.773116 0.350180
vn 0.463429 0.831303 0.306870
vn 0.393594 0.881565 0.260627
vn 0.319249 0.923792 0.211398
vn 0.241790 0.957029 0.160106
vn 0.162763 0.980761 0.107777
vn 0.745624 0.273971 0.607442
vn 0.647192 0.402847 0.647192
vn 0.493599 0.522750 0.695048
vn 0.343862 0.625362 0.700486
vn 0.207140 0.706748 0.676461
vn 0.085339 0.773207 0.628386
vn -0.019059 0.831462 0.555255
vn -0.094022 0.881565 0.462605
vn -0.135264 0.923726 0.358378
vn -0.144200 0.957008 0.251680
vn -0.123247 0.980777 0.151283
vn 0.709621 0.402772 0.578111
vn 0.660871 0.522857 0.538396
vn 0.604778 0.625693 0.492698
vn 0.548272 0.707028 0.446664
vn 0.491612 0.773249 0.400504
vn 0.430793 0.831413 0.350957
vn 0.365862 0.881649 0.298059
vn 0.296746 0.923850 0.241752
vn 0.224740 0.957063 0.183090
vn 0.151283 0.980777 0.123247
vn 0.602716 0.522941 0.602716
vn 0.451719 0.625586 0.636076
vn 0.311764 0.706721 0.635097
vn 0.185748 0.773003 0.606601
vn 0.074782 0.831378 0.550653
vn -0.016186 0.881687 0.471557
vn -0.076262 0.923792 0.375224
vn -0.102448 0.956989 0.271433
vn -0.097071 0.980751 0.169423
vn 0.551545 0.625777 0.551545
vn 0.500000 0.707107 0.500000
vn 0.448319 0.773318 0.448319
vn 0.392847 0.831470 0.392847
vn 0.333630 0.881693 0.333630
vn 0.270598 0.923880 0.270598
vn 0.204934 0.957081 0.204934
vn 0.137950 0.980785 0.137950
vn 0.409526 0.706929 0.576663
vn 0.279569 0.772979 0.569513
vn 0.162781 0.831209 0.531595
vn 0.063511 0.881623 0.467662
vn -0.013128 0.923876 0.382468
vn -0.057759 0.957029 0.284183
vn -0.068965 0.980743 0.182722
vn 0.367214 0.773161 0.517083
vn 0.321793 0.831340 0.453125
vn 0.273298 0.881594 0.384838
vn 0.221673 0.923811 0.312143
vn 0.167887 0.957040 0.236406
vn 0.113014 0.980766 0.159138
vn 0.245002 0.831190 0.499097
vn 0.138255 0.881494 0.451502
vn 0.051514 0.923831 0.379318
vn -0.009942 0.957079 0.289658
vn -0.038881 0.980761 0.191301
vn -0.000003 1.000000 0.000005
vn 0.208090 0.881479 0.423903
vn 0.168790 0.923732 0.343845
vn 0.127840 0.956993 0.260424
vn 0.086059 0.980745 0.175311
vn 0.112144 0.923742 0.366229
vn 0.039014 0.957052 0.287279
vn -0.006693 0.980784 0.194981
vn 0.084936 0.956999 0.277377
vn 0.057177 0.980747 0.186723
vn 0.026262 0.980772 0.193382
usemtl 유리_-_연한_색상(파란색)
f 1/1/1 2/2/2 41/3/3
f 41/3/3 2/2/2 3/4/4
f 41/3/3 3/4/4 181/5/5
f 181/5/5 3/4/4 4/6/6
f 181/5/5 4/6/6 88/7/7
f 88/7/7 4/6/6 5/8/8
f 88/7/7 5/8/8 182/9/9
f 182/9/9 5/8/8 6/10/10
f 182/9/9 6/10/10 229/11/11
f 229/11/11 6/10/10 7/12/12
f 229/11/11 7/12/12 276/13/13
f 276/13/13 7/12/12 8/14/14
f 276/13/13 8/14/14 416/15/15
f 416/15/15 8/14/14 323/16/16
f 416/15/15 323/16/16 324/17/17
f 324/17/17 323/16/16 418/18/18
f 324/17/17 418/18/18 419/19/19
f 419/19/19 418/18/18 466/20/20
f 419/19/19 466/20/20 467/21/21
f 467/21/21 466/20/20 514/22/22
f 467/21/21 514/22/22 515/23/23
f 515/23/23 514/22/22 562/24/24
f 515/23/23 562/24/24 563/25/25
f 563/25/25 562/24/24 610/26/26
f 563/25/25 610/26/26 611/27/27
f 611/27/27 610/26/26 658/28/28
f 611/27/27 658/28/28 659/29/29
f 659/29/29 658/28/28 706/30/30
f 659/29/29 706/30/30 707/31/31
f 707/31/31 706/30/30 831/32/32
f 707/31/31 831/32/32 830/33/33
f 830/33/33 831/32/32 755/34/34
f 830/33/33 755/34/34 756/35/35
f 756/35/35 755/34/34 850/36/36
f 756/35/35 850/36/36 851/37/37
f 851/37/37 850/36/36 898/38/38
f 851/37/37 898/38/38 899/39/39
f 899/39/39 898/38/38 946/40/40
f 899/39/39 946/40/40 947/41/41
f 947/41/41 946/40/40 994/42/42
f 947/41/41 994/42/42 995/43/43
f 995/43/43 994/42/42 1042/44/44
f 995/43/43 1042/44/44 1043/45/45
f 1043/45/45 1042/44/44 1090/46/46
f 1043/45/45 1090/46/46 1091/47/47
f 1091/47/47 1090/46/46 1138/48/48
f 1091/47/47 1138/48/48 1139/49/49
f 1139/49/49 1138/48/48 1186/50/50
f 1139/49/49 1186/50/50 1187/51/51
f 1187/51/51 1186/50/50 1234/52/52
f 1187/51/51 1234/52/52 1235/53/53
f 1235/53/53 1234/52/52 1282/54/54
f 1235/53/53 1282/54/54 1283/55/55
f 1283/55/55 1282/54/54 1330/56/56
f 1283/55/55 1330/56/56 1331/57/57
f 1331/57/57 1330/56/56 1378/58/58
f 1331/57/57 1378/58/58 1379/59/59
f 1379/59/59 1378/58/58 1426/60/60
f 1379/59/59 1426/60/60 1427/61/61
f 1427/61/61 1426/60/60 1474/62/62
f 1427/61/61 1474/62/62 1475/63/63
f 1475/63/63 1474/62/62 1522/64/64
f 1475/63/63 1522/64/64 1523/65/65
f 1523/65/65 1522/64/64 1570/66/66
f 1523/65/65 1570/66/66 1571/67/67
f 1571/67/67 1570/66/66 1618/68/68
f 1571/67/67 1618/68/68 1619/69/69
f 1619/69/69 1618/68/68 1666/70/70
f 1619/69/69 1666/70/70 1667/71/71
f 1667/71/71 1666/70/70 1714/72/72
f 1667/71/71 1714/72/72 1715/73/73
f 1715/73/73 1714/72/72 1762/74/74
f 1715/73/73 1762/74/74 1763/75/75
f 1763/75/75 1762/74/74 1810/76/76
f 1763/75/75 1810/76/76 1811/77/77
f 1811/77/77 1810/76/76 1858/78/78
f 1811/77/77 1858/78/78 1859/79/79
f 1859/79/79 1858/78/78 40/80/80
f 8/14/14 9/81/81 323/16/16
f 323/16/16 9/81/81 417/82/82
f 323/16/16 417/82/82 418/18/18
f 418/18/18 417/82/82 465/83/83
f 418/18/18 465/83/83 466/20/20
f 466/20/20 465/83/83 513/84/84
f 466/20/20 513/84/84 514/22/22
f 514/22/22 513/84/84 561/85/85
f 514/22/22 561/85/85 562/24/24
f 562/24/24 561/85/85 609/86/86
f 562/24/24 609/86/86 610/26/26
f 610/26/26 609/86/86 657/87/87
f 610/26/26 657/87/87 658/28/28
f 658/28/28 657/87/87 705/88/88
f 658/28/28 705/88/88 706/30/30
f 706/30/30 705/88/88 832/89/89
f 706/30/30 832/89/89 831/32/32
f 831/32/32 832/89/89 754/90/90
f 831/32/32 754/90/90 755/34/34
f 755/34/34 754/90/90 849/91/91
f 755/34/34 849/91/91 850/36/36
f 850/36/36 849/91/91 897/92/92
f 850/36/36 897/92/92 898/38/38
f 898/38/38 897/92/92 945/93/93
f 898/38/38 945/93/93 946/40/40
f 946/40/40 945/93/93 993/94/94
f 946/40/40 993/94/94 994/42/42
f 994/42/42 993/94/94 1041/95/95
f 994/42/42 1041/95/95 1042/44/44
f 1042/44/44 1041/95/95 1089/96/96
f 1042/44/44 1089/96/96 1090/46/46
f 1090/46/46 1089/96/96 1137/97/97
f 1090/46/46 1137/97/97 1138/48/48
f 1138/48/48 1137/97/97 1185/98/98
f 1138/48/48 1185/98/98 1186/50/50
f 1186/50/50 1185/98/98 1233/99/99
f 1186/50/50 1233/99/99 1234/52/52
f 1234/52/52 1233/99/99 1281/100/100
f 1234/52/52 1281/100/100 1282/54/54
f 1282/54/54 1281/100/100 1329/101/101
f 1282/54/54 1329/101/101 1330/56/56
f 1330/56/56 1329/101/101 1377/102/102
f 1330/56/56 1377/102/102 1378/58/58
f 1378/58/58 1377/102/102 1425/103/103
f 1378/58/58 1425/103/103 1426/60/60
f 1426/60/60 1425/103/103 1473/104/104
f 1426/60/60 1473/104/104 1474/62/62
f 1474/62/62 1473/104/104 1521/105/105
f 1474/62/62 1521/105/105 1522/64/64
f 1522/64/64 1521/105/105 1569/106/106
f 1522/64/64 1569/106/106 1570/66/66
f 1570/66/66 1569/106/106 1617/107/107
f 1570/66/66 1617/107/107 1618/68/68
f 1618/68/68 1617/107/107 1665/108/108
f 1618/68/68 1665/108/108 1666/70/70
f 1666/70/70 1665/108/108 1713/109/109
f 1666/70/70 1713/109/109 1714/72/72
f 1714/72/72 1713/109/109 1761/110/110
f 1714/72/72 1761/110/110 1762/74/74
f 1762/74/74 1761/110/110 1809/111/111
f 1762/74/74 1809/111/111 1810/76/76
f 1810/76/76 1809/111/111 1857/112/112
f 1810/76/76 1857/112/112 1858/78/78
f 1858/78/78 1857/112/112 40/113/113
f 9/81/81 10/114/114 417/82/82
f 417/82/82 10/114/114 464/115/115
f 417/82/82 464/115/115 465/83/83
f 465/83/83 464/115/115 512/116/116
f 465/83/83 512/116/116 513/84/84
f 513/84/84 512/116/116 560/117/117
f 513/84/84 560/117/117 561/85/85
f 561/85/85 560/117/117 608/118/118
f 561/85/85 608/118/118 609/86/86
f 609/86/86 608/118/118 656/119/119
f 609/86/86 656/119/119 657/87/87
f 657/87/87 656/119/119 704/120/120
f 657/87/87 704/120/120 705/88/88
f 705/88/88 704/120/120 833/121/121
f 705/88/88 833/121/121 832/89/89
f 832/89/89 833/121/121 753/122/122
f 832/89/89 753/122/122 754/90/90
f 754/90/90 753/122/122 848/123/123
f 754/90/90 848/123/123 849/91/91
f 849/91/91 848/123/123 896/124/124
f 849/91/91 896/124/124 897/92/92
f 897/92/92 896/124/124 944/125/125
f 897/92/92 944/125/125 945/93/93
f 945/93/93 944/125/125 992/126/126
f 945/93/93 992/126/126 993/94/94
f 993/94/94 992/126/126 1040/127/127
f 993/94/94 1040/127/127 1041/95/95
f 1041/95/95 1040/127/127 1088/128/128
f 1041/95/95 1088/128/128 1089/96/96
f 1089/96/96 1088/128/128 1136/129/129
f 1089/96/96 1136/129/129 1137/97/97
f 1137/97/97 1136/129/129 1184/130/130
f 1137/97/97 1184/130/130 1185/98/98
f 1185/98/98 1184/130/130 1232/131/131
f 1185/98/98 1232/131/131 1233/99/99
f 1233/99/99 1232/131/131 1280/132/132
f 1233/99/99 1280/132/132 1281/100/100
f 1281/100/100 1280/132/132 1328/133/133
f 1281/100/100 1328/133/133 1329/101/101
f 1329/101/101 1328/133/133 1376/134/134
f 1329/101/101 1376/134/134 1377/102/102
f 1377/102/102 1376/134/134 1424/135/135
f 1377/102/102 1424/135/135 1425/103/103
f 1425/103/103 1424/135/135 1472/136/136
f 1425/103/103 1472/136/136 1473/104/104
f 1473/104/104 1472/136/136 1520/137/137
f 1473/104/104 1520/137/137 1521/105/105
f 1521/105/105 1520/137/137 1568/138/138
f 1521/105/105 1568/138/138 1569/106/106
f 1569/106/106 1568/138/138 1616/139/139
f 1569/106/106 1616/139/139 1617/107/107
f 1617/107/107 1616/139/139 1664/140/140
f 1617/107/107 1664/140/140 1665/108/108
f 1665/108/108 1664/140/140 1712/141/141
f 1665/108/108 1712/141/141 1713/109/109
f 1713/109/109 1712/141/141 1760/142/142
f 1713/109/109 1760/142/142 1761/110/110
f 1761/110/110 1760/142/142 1808/143/143
f 1761/110/110 1808/143/143 1809/111/111
f 1809/111/111 1808/143/143 1856/144/144
f 1809/111/111 1856/144/144 1857/112/112
f 1857/112/112 1856/144/144 40/145/145
f 10/114/114 11/146/146 464/115/115
f 464/115/115 11/146/146 511/147/147
f 464/115/115 511/147/147 512/116/116
f 512/116/116 511/147/147 559/148/148
f 512/116/116 559/148/148 560/117/117
f 560/117/117 559/148/148 607/149/149
f 560/117/117 607/149/149 608/118/118
f 608/118/118 607/149/149 655/150/150
f 608/118/118 655/150/150 656/119/119
f 656/119/119 655/150/150 703/151/151
f 656/119/119 703/151/151 704/120/120
f 704/120/120 703/151/151 834/152/152
f 704/120/120 834/152/152 833/121/121
f 833/121/121 834/152/152 752/153/153
f 833/121/121 752/153/153 753/122/122
f 753/122/122 752/153/153 847/154/154
f 753/122/122 847/154/154 848/123/123
f 848/123/123 847/154/154 895/155/155
f 848/123/123 895/155/155 896/124/124
f 896/124/124 895/155/155 943/156/156
f 896/124/124 943/156/156 944/125/125
f 944/125/125 943/156/156 991/157/157
f 944/125/125 991/157/157 992/126/126
f 992/126/126 991/157/157 1039/158/158
f 992/126/126 1039/158/158 1040/127/127
f 1040/127/127 1039/158/158 1087/159/159
f 1040/127/127 1087/159/159 1088/128/128
f 1088/128/128 1087/159/159 1135/160/160
f 1088/128/128 1135/160/160 1136/129/129
f 1136/129/129 1135/160/160 1183/161/161
f 1136/129/129 1183/161/161 1184/130/130
f 1184/130/130 1183/161/161 1231/162/162
f 1184/130/130 1231/162/162 1232/131/131
f 1232/131/131 1231/162/162 1279/163/163
f 1232/131/131 1279/163/163 1280/132/132
f 1280/132/132 1279/163/163 1327/164/164
f 1280/132/132 1327/164/164 1328/133/133
f 1328/133/133 1327/164/164 1375/165/165
f 1328/133/133 1375/165/165 1376/134/134
f 1376/134/134 1375/165/165 1423/166/166
f 1376/134/134 1423/166/166 1424/135/135
f 1424/135/135 1423/166/166 1471/167/167
f 1424/135/135 1471/167/167 1472/136/136
f 1472/136/136 1471/167/167 1519/168/168
f 1472/136/136 1519/168/168 1520/137/137
f 1520/137/137 1519/168/168 1567/169/169
f 1520/137/137 1567/169/169 1568/138/138
f 1568/138/138 1567/169/169 1615/170/170
f 1568/138/138 1615/170/170 1616/139/139
f 1616/139/139 1615/170/170 1663/171/171
f 1616/139/139 1663/171/171 1664/140/140
f 1664/140/140 1663/171/171 1711/172/172
f 1664/140/140 1711/172/172 1712/141/141
f 1712/141/141 1711/172/172 1759/173/173
f 1712/141/141 1759/173/173 1760/142/142
f 1760/142/142 1759/173/173 1807/174/174
f 1760/142/142 1807/174/174 1808/143/143
f 1808/143/143 1807/174/174 1855/175/175
f 1808/143/143 1855/175/175 1856/144/144
f 1856/144/144 1855/175/175 40/176/176
f 11/146/146 12/177/177 511/147/147
f 511/147/147 12/177/177 558/178/178
f 511/147/147 558/178/178 559/148/148
f 559/148/148 558/178/178 606/179/179
f 559/148/148 606/179/179 607/149/149
f 607/149/149 606/179/179 654/180/180
f 607/149/149 654/180/180 655/150/150
f 655/150/150 654/180/180 702/181/181
f 655/150/150 702/181/181 703/151/151
f 703/151/151 702/181/181 835/182/182
f 703/151/151 835/182/182 834/152/152
f 834/152/152 835/182/182 751/183/183
f 834/152/152 751/183/183 752/153/153
f 752/153/153 751/183/183 846/184/184
f 752/153/153 846/184/184 847/154/154
f 847/154/154 846/184/184 894/185/185
f 847/154/154 894/185/185 895/155/155
f 895/155/155 894/185/185 942/186/186
f 895/155/155 942/186/186 943/156/156
f 943/156/156 942/186/186 990/187/187
f 943/156/156 990/187/187 991/157/157
f 991/157/157 990/187/187 1038/188/188
f 991/157/157 1038/188/188 1039/158/158
f 1039/158/158 1038/188/188 1086/189/189
f 1039/158/158 1086/189/189 1087/159/159
f 1087/159/159 1086/189/189 1134/190/190
f 1087/159/159 1134/190/190 1135/160/160
f 1135/160/160 1134/190/190 1182/191/191
f 1135/160/160 1182/191/191 1183/161/161
f 1183/161/161 1182/191/191 1230/192/192
f 1183/161/161 1230/192/192 1231/162/162
f 1231/162/162 1230/192/192 1278/193/193
f 1231/162/162 1278/193/193 1279/163/163
f 1279/163/163 1278/193/193 1326/194/194
f 1279/163/163 1326/194/194 1327/164/164
f 1327/164/164 1326/194/194 1374/195/195
f 1327/164/164 1374/195/195 1375/165/165
f 1375/165/165 1374/195/195 1422/196/196
f 1375/165/165 1422/196/196 1423/166/166
f 1423/166/166 1422/196/196 1470/197/197
f 1423/166/166 1470/197/197 1471/167/167
f 1471/167/167 1470/197/197 1518/198/198
f 1471/167/167 1518/198/198 1519/168/168
f 1519/168/168 1518/198/198 1566/199/199
f 1519/168/168 1566/199/199 1567/169/169
f 1567/169/169 1566/199/199 1614/200/200
f 1567/169/169 1614/200/200 1615/170/170
f 1615/170/170 1614/200/200 1662/201/201
f 1615/170/170 1662/201/201 1663/171/171
f 1663/171/171 1662/201/201 1710/202/202
f 1663/171/171 1710/202/202 1711/172/172
f 1711/172/172 1710/202/202 1758/203/203
f 1711/172/172 1758/203/203 1759/173/173
f 1759/173/173 1758/203/203 1806/204/204
f 1759/173/173 1806/204/204 1807/174/174
f 1807/174/174 1806/204/204 1854/205/205
f 1807/174/174 1854/205/205 1855/175/175
f 1855/175/175 1854/205/205 40/206/206
f 12/177/177 13/207/207 558/178/178
f 558/178/178 13/207/207 605/208/208
f 558/178/178 605/208/208 606/179/179
f 606/179/179 605/208/208 653/209/209
f 606/179/179 653/209/209 654/180/180
f 654/180/180 653/209/209 701/210/210
f 654/180/180 701/210/210 702/181/181
f 702/181/181 701/210/210 836/211/211
f 702/181/181 836/211/211 835/182/182
f 835/182/182 836/211/211 750/212/212
f 835/182/182 750/212/212 751/183/183
f 751/183/183 750/212/212 845/213/213
f 751/183/183 845/213/213 846/184/184
f 846/184/184 845/213/213 893/214/214
f 846/184/184 893/214/214 894/185/185
f 894/185/185 893/214/214 941/215/215
f 894/185/185 941/215/215 942/186/186
f 942/186/186 941/215/215 989/216/216
f 942/186/186 989/216/216 990/187/187
f 990/187/187 989/216/216 1037/217/217
f 990/187/187 1037/217/217 1038/188/188
f 1038/188/188 1037/217/217 1085/218/218
f 1038/188/188 1085/218/218 1086/189/189
f 1086/189/189 1085/218/218 1133/219/219
f 1086/189/189 1133/219/219 1134/190/190
f 1134/190/190 1133/219/219 1181/220/220
f 1134/190/190 1181/220/220 1182/191/191
f 1182/191/191 1181/220/220 1229/221/221
f 1182/191/191 1229/221/221 1230/192/192
f 1230/192/192 1229/221/221 1277/222/222
f 1230/192/192 1277/222/222 1278/193/193
f 1278/193/193 1277/222/222 1325/223/223
f 1278/193/193 1325/223/223 1326/194/194
f 1326/194/194 1325/223/223 1373/224/224
f 1326/194/194 1373/224/224 1374/195/195
f 1374/195/195 1373/224/224 1421/225/225
f 1374/195/195 1421/225/225 1422/196/196
f 1422/196/196 1421/225/225 1469/226/226
f 1422/196/196 1469/226/226 1470/197/197
f 1470/197/197 1469/226/226 1517/227/227
f 1470/197/197 1517/227/227 1518/198/198
f 1518/198/198 1517/227/227 1565/228/228
f 1518/198/198 1565/228/228 1566/199/199
f 1566/199/199 1565/228/228 1613/229/229
f 1566/199/199 1613/229/229 1614/200/200
f 1614/200/200 1613/229/229 1661/230/230
f 1614/200/200 1661/230/230 1662/201/201
f 1662/201/201 1661/230/230 1709/231/231
f 1662/201/201 1709/231/231 1710/202/202
f 1710/202/202 1709/231/231 1757/232/232
f 1710/202/202 1757/232/232 1758/203/203
f 1758/203/203 1757/232/232 1805/233/233
f 1758/203/203 1805/233/233 1806/204/204
f 1806/204/204 1805/233/233 1853/234/234
f 1806/204/204 1853/234/234 1854/205/205
f 1854/205/205 1853/234/234 40/235/235
f 13/207/207 14/236/236 605/208/208
f 605/208/208 14/236/236 652/237/237
f 605/208/208 652/237/237 653/209/209
f 653/209/209 652/237/237 700/238/238
f 653/209/209 700/238/238 701/210/210
f 701/210/210 700/238/238 837/239/239
f 701/210/210 837/239/239 836/211/211
f 836/211/211 837/239/239 749/240/240
f 836/211/211 749/240/240 750/212/212
f 750/212/212 749/240/240 844/241/241
f 750/212/212 844/241/241 845/213/213
f 845/213/213 844/241/241 892/242/242
f 845/213/213 892/242/242 893/214/214
f 893/214/214 892/242/242 940/243/243
f 893/214/214 940/243/243 941/215/215
f 941/215/215 940/243/243 988/244/244
f 941/215/215 988/244/244 989/216/216
f 989/216/216 988/244/244 1036/245/245
f 989/216/216 1036/245/245 1037/217/217
f 1037/217/217 1036/245/245 1084/246/246
f 1037/217/217 1084/246/246 1085/218/218
f 1085/218/218 1084/246/246 1132/247/247
f 1085/218/218 1132/247/247 1133/219/219
f 1133/219/219 1132/247/247 1180/248/248
f 1133/219/219 1180/248/248 1181/220/220
f 1181/220/220 1180/248/248 1228/249/249
f 1181/220/220 1228/249/249 1229/221/221
f 1229/221/221 1228/249/249 1276/250/250
f 1229/221/221 1276/250/250 1277/222/222
f 1277/222/222 1276/250/250 1324/251/251
f 1277/222/222 1324/251/251 1325/223/223
f 1325/223/223 1324/251/251 1372/252/252
f 1325/223/223 1372/252/252 1373/224/224
f 1373/224/224 1372/252/252 1420/253/253
f 1373/224/224 1420/253/253 1421/225/225
f 1421/225/225 1420/253/253 1468/254/254
f 1421/225/225 1468/254/254 1469/226/226
f 1469/226/226 1468/254/254 1516/255/255
f 1469/226/226 1516/255/255 1517/227/227
f 1517/227/227 1516/255/255 1564/256/256
f 1517/227/227 1564/256/256 1565/228/228
f 1565/228/228 1564/256/256 1612/257/257
f 1565/228/228 1612/257/257 1613/229/229
f 1613/229/229 1612/257/257 1660/258/258
f 1613/229/229 1660/258/258 1661/230/230
f 1661/230/230 1660/258/258 1708/259/259
f 1661/230/230 1708/259/259 1709/231/231
f 1709/231/231 1708/259/259 1756/260/260
f 1709/231/231 1756/260/260 1757/232/232
f 1757/232/232 1756/260/260 1804/261/261
f 1757/232/232 1804/261/261 1805/233/233
f 1805/233/233 1804/261/261 1852/262/262
f 1805/233/233 1852/262/262 1853/234/234
f 1853/234/234 1852/262/262 40/263/263
f 14/236/236 15/264/264 652/237/237
f 652/237/237 15/264/264 699/265/265
f 652/237/237 699/265/265 700/238/238
f 700/238/238 699/265/265 838/266/266
f 700/238/238 838/266/266 837/239/239
f 837/239/239 838/266/266 748/267/267
f 837/239/239 748/267/267 749/240/240
f 749/240/240 748/267/267 843/268/268
f 749/240/240 843/268/268 844/241/241
f 844/241/241 843/268/268 891/269/269
f 844/241/241 891/269/269 892/242/242
f 892/242/242 891/269/269 939/270/270
f 892/242/242 939/270/270 940/243/243
f 940/243/243 939/270/270 987/271/271
f 940/243/243 987/271/271 988/244/244
f 988/244/244 987/271/271 1035/272/272
f 988/244/244 1035/272/272 1036/245/245
f 1036/245/245 1035/272/272 1083/273/273
f 1036/245/245 1083/273/273 1084/246/246
f 1084/246/246 1083/273/273 1131/274/274
f 1084/246/246 1131/274/274 1132/247/247
f 1132/247/247 1131/274/274 1179/275/275
f 1132/247/247 1179/275/275 1180/248/248
f 1180/248/248 1179/275/275 1227/276/276
f 1180/248/248 1227/276/276 1228/249/249
f 1228/249/249 1227/276/276 1275/277/277
f 1228/249/249 1275/277/277 1276/250/250
f 1276/250/250 1275/277/277 1323/278/278
f 1276/250/250 1323/278/278 1324/251/251
f 1324/251/251 1323/278/278 1371/279/279
f 1324/251/251 1371/279/279 1372/252/252
f 1372/252/252 1371/279/279 1419/280/280
f 1372/252/252 1419/280/280 1420/253/253
f 1420/253/253 1419/280/280 1467/281/281
f 1420/253/253 1467/281/281 1468/254/254
f 1468/254/254 1467/281/281 1515/282/282
f 1468/254/254 1515/282/282 1516/255/255
f 1516/255/255 1515/282/282 1563/283/283
f 1516/255/255 1563/283/283 1564/256/256
f 1564/256/256 1563/283/283 1611/284/284
f 1564/256/256 1611/284/284 1612/257/257
f 1612/257/257 1611/284/284 1659/285/285
f 1612/257/257 1659/285/285 1660/258/258
f 1660/258/258 1659/285/285 1707/286/286
f 1660/258/258 1707/286/286 1708/259/259
f 1708/259/259 1707/286/286 1755/287/287
f 1708/259/259 1755/287/287 1756/260/260
f 1756/260/260 1755/287/287 1803/288/288
f 1756/260/260 1803/288/288 1804/261/261
f 1804/261/261 1803/288/288 1851/289/289
f 1804/261/261 1851/289/289 1852/262/262
f 1852/262/262 1851/289/289 40/290/290
f 15/264/264 16/291/291 699/265/265
f 699/265/265 16/291/291 839/292/292
f 699/265/265 839/292/292 838/266/266
f 838/266/266 839/292/292 747/293/293
f 838/266/266 747/293/293 748/267/267
f 748/267/267 747/293/293 842/294/294
f 748/267/267 842/294/294 843/268/268
f 843/268/268 842/294/294 890/295/295
f 843/268/268 890/295/295 891/269/269
f 891/269/269 890/295/295 938/296/296
f 891/269/269 938/296/296 939/270/270
f 939/270/270 938/296/296 986/297/297
f 939/270/270 986/297/297 987/271/271
f 987/271/271 986/297/297 1034/298/298
f 987/271/271 1034/298/298 1035/272/272
f 1035/272/272 1034/298/298 1082/299/299
f 1035/272/272 1082/299/299 1083/273/273
f 1083/273/273 1082/299/299 1130/300/300
f 1083/273/273 1130/300/300 1131/274/274
f 1131/274/274 1130/300/300 1178/301/301
f 1131/274/274 1178/301/301 1179/275/275
f 1179/275/275 1178/301/301 1226/302/302
f 1179/275/275 1226/302/302 1227/276/276
f 1227/276/276 1226/302/302 1274/303/303
f 1227/276/276 1274/303/303 1275/277/277
f 1275/277/277 1274/303/303 1322/304/304
f 1275/277/277 1322/304/304 1323/278/278
f 1323/278/278 1322/304/304 1370/305/305
f 1323/278/278 1370/305/305 1371/279/279
f 1371/279/279 1370/305/305 1418/306/306
f 1371/279/279 1418/306/306 1419/280/280
f 1419/280/280 1418/306/306 1466/307/307
f 1419/280/280 1466/307/307 1467/281/281
f 1467/281/281 1466/307/307 1514/308/308
f 1467/281/281 1514/308/308 1515/282/282
f 1515/282/282 1514/308/308 1562/309/309
f 1515/282/282 1562/309/309 1563/283/283
f 1563/283/283 1562/309/309 1610/310/310
f 1563/283/283 1610/310/310 1611/284/284
f 1611/284/284 1610/310/310 1658/311/311
f 1611/284/284 1658/311/311 1659/285/285
f 1659/285/285 1658/311/311 1706/312/312
f 1659/285/285 1706/312/312 1707/286/286
f 1707/286/286 1706/312/312 1754/313/313
f 1707/286/286 1754/313/313 1755/287/287
f 1755/287/287 1754/313/313 1802/314/314
f 1755/287/287 1802/314/314 1803/288/288
f 1803/288/288 1802/314/314 1850/315/315
f 1803/288/288 1850/315/315 1851/289/289
f 1851/289/289 1850/315/315 40/316/316
f 839/292/292 16/291/291 746/317/317
f 746/317/317 16/291/291 17/318/318
f 746/317/317 17/318/318 840/319/319
f 840/319/319 17/318/318 18/320/320
f 840/319/319 18/320/320 887/321/321
f 887/321/321 18/320/320 19/322/322
f 887/321/321 19/322/322 934/323/323
f 934/323/323 19/322/322 20/324/324
f 934/323/323 20/324/324 981/325/325
f 981/325/325 20/324/324 21/326/326
f 981/325/325 21/326/326 1028/327/327
f 1028/327/327 21/326/326 22/328/328
f 1028/327/327 22/328/328 1075/329/329
f 1075/329/329 22/328/328 23/330/330
f 1075/329/329 23/330/330 1122/331/331
f 1122/331/331 23/330/330 24/332/332
f 1122/331/331 24/332/332 1169/333/333
f 1169/333/333 24/332/332 25/334/334
f 1169/333/333 25/334/334 1216/335/335
f 1216/335/335 25/334/334 26/336/336
f 1216/335/335 26/336/336 1263/337/337
f 1263/337/337 26/336/336 27/338/338
f 1263/337/337 27/338/338 1310/339/339
f 1310/339/339 27/338/338 28/340/340
f 1310/339/339 28/340/340 1357/341/341
f 1357/341/341 28/340/340 29/342/342
f 1357/341/341 29/342/342 1404/343/343
f 1404/343/343 29/342/342 30/344/344
f 1404/343/343 30/344/344 1451/345/345
f 1451/345/345 30/344/344 31/346/346
f 1451/345/345 31/346/346 1498/347/347
f 1498/347/347 31/346/346 32/348/348
f 1498/347/347 32/348/348 1545/349/349
f 1545/349/349 32/348/348 33/350/350
f 1545/349/349 33/350/350 1592/351/351
f 1592/351/351 33/350/350 34/352/352
f 1592/351/351 34/352/352 1639/353/353
f 1639/353/353 34/352/352 35/354/354
f 1639/353/353 35/354/354 1686/355/355
f 1686/355/355 35/354/354 36/356/356
f 1686/355/355 36/356/356 1733/357/357
f 1733/357/357 36/356/356 37/358/358
f 1733/357/357 37/358/358 1780/359/359
f 1780/359/359 37/358/358 38/360/360
f 1780/359/359 38/360/360 1827/361/361
f 1827/361/361 38/360/360 39/362/362
f 1827/361/361 39/362/362 40/363/363
f 38/364/360 1826/365/364 39/366/362
f 39/366/362 1826/365/364 1873/367/365
f 39/366/362 1873/367/365 40/368/366
f 1826/365/364 38/364/360 1779/369/367
f 1779/369/367 38/364/360 37/370/358
f 1779/369/367 37/370/358 1732/371/368
f 1732/371/368 37/370/358 36/372/356
f 1732/371/368 36/372/356 1685/373/369
f 1685/373/369 36/372/356 35/374/354
f 1685/373/369 35/374/354 1638/375/370
f 1638/375/370 35/374/354 34/376/352
f 1638/375/370 34/376/352 1591/377/371
f 1591/377/371 34/376/352 33/378/350
f 1591/377/371 33/378/350 1544/379/372
f 1544/379/372 33/378/350 32/380/348
f 1544/379/372 32/380/348 1497/381/373
f 1497/381/373 32/380/348 31/382/346
f 1497/381/373 31/382/346 1450/383/374
f 1450/383/374 31/382/346 30/384/344
f 1450/383/374 30/384/344 1403/385/375
f 1403/385/375 30/384/344 29/386/342
f 1403/385/375 29/386/342 1356/387/376
f 1356/387/376 29/386/342 28/388/340
f 1356/387/376 28/388/340 1309/389/377
f 1309/389/377 28/388/340 27/390/338
f 1309/389/377 27/390/338 1262/391/378
f 1262/391/378 27/390/338 26/392/336
f 1262/391/378 26/392/336 1215/393/379
f 1215/393/379 26/392/336 25/394/334
f 1215/393/379 25/394/334 1168/395/380
f 1168/395/380 25/394/334 24/396/332
f 1168/395/380 24/396/332 1121/397/381
f 1121/397/381 24/396/332 23/398/330
f 1121/397/381 23/398/330 1074/399/382
f 1074/399/382 23/398/330 22/400/328
f 1074/399/382 22/400/328 1027/401/383
f 1027/401/383 22/400/328 21/402/326
f 1027/401/383 21/402/326 980/403/384
f 980/403/384 21/402/326 20/404/324
f 980/403/384 20/404/324 933/405/385
f 933/405/385 20/404/324 19/406/322
f 933/405/385 19/406/322 886/407/386
f 886/407/386 19/406/322 18/408/320
f 886/407/386 18/408/320 792/409/387
f 792/409/387 18/408/320 17/410/318
f 792/409/387 17/410/318 793/411/388
f 793/411/388 17/410/318 16/412/291
f 793/411/388 16/412/291 745/413/389
f 745/413/389 16/412/291 15/414/264
f 745/413/389 15/414/264 698/415/390
f 698/415/390 15/414/264 14/416/236
f 698/415/390 14/416/236 651/417/391
f 651/417/391 14/416/236 13/418/207
f 651/417/391 13/418/207 604/419/392
f 604/419/392 13/418/207 12/420/177
f 604/419/392 12/420/177 557/421/393
f 557/421/393 12/420/177 11/422/146
f 557/421/393 11/422/146 510/423/394
f 510/423/394 11/422/146 10/424/114
f 510/423/394 10/424/114 463/425/395
f 463/425/395 10/424/114 9/426/81
f 463/425/395 9/426/81 369/427/396
f 369/427/396 9/426/81 8/428/14
f 369/427/396 8/428/14 370/429/397
f 370/429/397 8/428/14 322/430/398
f 370/429/397 322/430/398 321/431/399
f 321/431/399 322/430/398 274/432/400
f 321/431/399 274/432/400 273/433/401
f 273/433/401 274/432/400 226/434/402
f 273/433/401 226/434/402 225/435/403
f 225/435/403 226/434/402 131/436/404
f 225/435/403 131/436/404 130/437/405
f 130/437/405 131/436/404 139/438/406
f 130/437/405 139/438/406 140/439/407
f 140/439/407 139/438/406 82/440/408
f 140/439/407 82/440/408 81/441/409
f 81/441/409 82/440/408 1/442/410
f 8/428/14 7/443/12 322/430/398
f 322/430/398 7/443/12 275/444/411
f 322/430/398 275/444/411 274/432/400
f 274/432/400 275/444/411 227/445/412
f 274/432/400 227/445/412 226/434/402
f 226/434/402 227/445/412 132/446/413
f 226/434/402 132/446/413 131/436/404
f 131/436/404 132/446/413 138/447/414
f 131/436/404 138/447/414 139/438/406
f 139/438/406 138/447/414 83/448/415
f 139/438/406 83/448/415 82/440/408
f 82/440/408 83/448/415 1/449/416
f 7/443/12 6/450/10 275/444/411
f 275/444/411 6/450/10 228/451/417
f 275/444/411 228/451/417 227/445/412
f 227/445/412 228/451/417 133/452/418
f 227/445/412 133/452/418 132/446/413
f 132/446/413 133/452/418 137/453/419
f 132/446/413 137/453/419 138/447/414
f 138/447/414 137/453/419 84/454/420
f 138/447/414 84/454/420 83/448/415
f 83/448/415 84/454/420 1/455/421
f 6/450/10 5/456/8 228/451/417
f 228/451/417 5/456/8 134/457/422
f 228/451/417 134/457/422 133/452/418
f 133/452/418 134/457/422 136/458/423
f 133/452/418 136/458/423 137/453/419
f 137/453/419 136/458/423 85/459/424
f 137/453/419 85/459/424 84/454/420
f 84/454/420 85/459/424 1/460/425
f 5/456/8 4/461/6 134/457/422
f 134/457/422 4/461/6 135/462/426
f 134/457/422 135/462/426 136/458/423
f 136/458/423 135/462/426 86/463/427
f 136/458/423 86/463/427 85/459/424
f 85/459/424 86/463/427 1/464/428
f 4/461/6 3/465/4 135/462/426
f 135/462/426 3/465/4 87/466/429
f 135/462/426 87/466/429 86/463/427
f 86/463/427 87/466/429 1/467/430
f 3/465/4 2/468/2 87/466/429
f 87/466/429 2/468/2 1/469/431
f 1827/361/361 40/470/432 1828/471/433
f 1828/471/433 40/472/434 1829/473/435
f 1829/473/435 40/474/436 1830/475/437
f 1830/475/437 40/476/438 1831/477/439
f 1831/477/439 40/478/440 1832/479/441
f 1832/479/441 40/480/442 1833/481/443
f 1833/481/443 40/482/444 1834/483/445
f 1834/483/445 40/484/446 1835/485/447
f 1835/485/447 40/486/448 1836/487/449
f 1836/487/449 40/488/450 1837/489/451
f 1837/489/451 40/490/452 1838/491/453
f 1838/491/453 40/492/454 1839/493/455
f 1839/493/455 40/494/456 1840/495/457
f 1840/495/457 40/496/458 1841/497/459
f 1842/498/460 40/499/461 1843/500/462
f 1843/500/462 40/501/463 1844/502/464
f 1844/502/464 40/503/465 1845/504/466
f 1845/504/466 40/505/467 1846/506/468
f 1846/506/468 40/507/469 1847/508/470
f 1847/508/470 40/509/471 1848/510/472
f 1848/510/472 40/511/473 1849/512/474
f 1849/512/474 40/513/475 1850/315/315
f 1859/79/79 40/514/476 1860/515/477
f 1860/515/477 40/516/478 1861/517/479
f 1861/517/479 40/518/480 1862/519/481
f 1862/519/481 40/520/482 1863/521/483
f 1863/521/483 40/522/484 1864/523/485
f 1864/523/485 40/524/486 1865/525/487
f 1865/525/487 40/526/488 1866/527/489
f 1866/527/489 40/528/490 1867/529/491
f 1867/529/491 40/530/492 1868/531/493
f 1868/531/493 40/532/494 1869/533/495
f 1869/533/495 40/534/496 1870/535/497
f 1870/535/497 40/536/498 1871/537/499
f 1871/537/499 40/538/500 1872/539/501
f 1872/539/501 40/540/502 1873/367/365
f 81/441/409 1/541/503 80/542/504
f 80/542/504 1/543/505 79/544/506
f 79/544/506 1/545/507 78/546/508
f 78/546/508 1/547/509 77/548/510
f 77/548/510 1/549/511 76/550/512
f 76/550/512 1/551/513 75/552/514
f 75/552/514 1/553/515 74/554/516
f 74/554/516 1/555/517 73/556/518
f 73/556/518 1/557/519 72/558/520
f 72/558/520 1/559/521 71/560/522
f 71/560/522 1/561/523 70/562/524
f 70/562/524 1/563/525 69/564/526
f 68/565/527 1/566/528 67/567/529
f 67/567/529 1/568/530 66/569/531
f 66/569/531 1/570/532 65/571/533
f 65/571/533 1/572/534 64/573/535
f 64/573/535 1/574/536 63/575/537
f 63/575/537 1/576/538 62/577/539
f 62/577/539 1/578/540 61/579/541
f 61/579/541 1/580/542 60/581/543
f 60/581/543 1/582/544 59/583/545
f 59/583/545 1/584/546 58/585/547
f 58/585/547 1/586/548 57/587/549
f 56/588/550 1/589/551 55/590/552
f 55/590/552 1/591/553 54/592/554
f 54/592/554 1/593/555 53/594/556
f 53/594/556 1/595/557 52/596/558
f 52/596/558 1/597/559 51/598/560
f 51/598/560 1/599/561 50/600/562
f 50/600/562 1/601/563 49/602/564
f 49/602/564 1/603/565 48/604/566
f 48/604/566 1/605/567 47/606/568
f 47/606/568 1/607/569 46/608/570
f 46/608/570 1/609/571 45/610/572
f 45/610/572 1/611/573 44/612/574
f 44/612/574 1/613/575 43/614/576
f 43/614/576 1/615/577 42/616/578
f 1/1/1 41/3/3 42/616/578
f 42/616/578 41/3/3 180/617/579
f 42/616/578 180/617/579 179/618/580
f 179/618/580 180/617/579 90/619/581
f 179/618/580 90/619/581 91/620/582
f 91/620/582 90/619/581 185/621/583
f 91/620/582 185/621/583 186/622/584
f 186/622/584 185/621/583 233/623/585
f 186/622/584 233/623/585 234/624/586
f 234/624/586 233/623/585 281/625/587
f 234/624/586 281/625/587 282/626/588
f 282/626/588 281/625/587 410/627/589
f 282/626/588 410/627/589 409/628/590
f 409/628/590 410/627/589 330/629/591
f 409/628/590 330/629/591 331/630/592
f 331/630/592 330/629/591 425/631/593
f 331/630/592 425/631/593 426/632/594
f 426/632/594 425/631/593 473/633/595
f 426/632/594 473/633/595 474/634/596
f 474/634/596 473/633/595 521/635/597
f 474/634/596 521/635/597 522/636/598
f 522/636/598 521/635/597 569/637/599
f 522/636/598 569/637/599 570/638/600
f 570/638/600 569/637/599 617/639/601
f 570/638/600 617/639/601 618/640/602
f 618/640/602 617/639/601 665/641/603
f 618/640/602 665/641/603 666/642/604
f 666/642/604 665/641/603 713/643/605
f 666/642/604 713/643/605 714/644/606
f 714/644/606 713/643/605 824/645/607
f 714/644/606 824/645/607 823/646/608
f 823/646/608 824/645/607 762/647/609
f 823/646/608 762/647/609 763/648/610
f 763/648/610 762/647/609 857/649/611
f 763/648/610 857/649/611 858/650/612
f 858/650/612 857/649/611 905/651/613
f 858/650/612 905/651/613 906/652/614
f 906/652/614 905/651/613 953/653/615
f 906/652/614 953/653/615 954/654/616
f 954/654/616 953/653/615 1001/655/617
f 954/654/616 1001/655/617 1002/656/618
f 1002/656/618 1001/655/617 1049/657/619
f 1002/656/618 1049/657/619 1050/658/620
f 1050/658/620 1049/657/619 1097/659/621
f 1050/658/620 1097/659/621 1098/660/622
f 1098/660/622 1097/659/621 1145/661/623
f 1098/660/622 1145/661/623 1146/662/624
f 1146/662/624 1145/661/623 1193/663/625
f 1146/662/624 1193/663/625 1194/664/626
f 1194/664/626 1193/663/625 1241/665/627
f 1194/664/626 1241/665/627 1242/666/628
f 1242/666/628 1241/665/627 1289/667/629
f 1242/666/628 1289/667/629 1290/668/630
f 1290/668/630 1289/667/629 1337/669/631
f 1290/668/630 1337/669/631 1338/670/632
f 1338/670/632 1337/669/631 1385/671/633
f 1338/670/632 1385/671/633 1386/672/634
f 1386/672/634 1385/671/633 1433/673/635
f 1386/672/634 1433/673/635 1434/674/636
f 1434/674/636 1433/673/635 1481/675/637
f 1434/674/636 1481/675/637 1482/676/638
f 1482/676/638 1481/675/637 1529/677/639
f 1482/676/638 1529/677/639 1530/678/640
f 1530/678/640 1529/677/639 1577/679/641
f 1530/678/640 1577/679/641 1578/680/642
f 1578/680/642 1577/679/641 1625/681/643
f 1578/680/642 1625/681/643 1626/682/644
f 1626/682/644 1625/681/643 1673/683/645
f 1626/682/644 1673/683/645 1674/684/646
f 1674/684/646 1673/683/645 1721/685/647
f 1674/684/646 1721/685/647 1722/686/648
f 1722/686/648 1721/685/647 1769/687/649
f 1722/686/648 1769/687/649 1770/688/650
f 1770/688/650 1769/687/649 1817/689/651
f 1770/688/650 1817/689/651 1818/690/652
f 1818/690/652 1817/689/651 1865/525/487
f 1818/690/652 1865/525/487 1866/527/489
f 42/616/578 179/618/580 43/614/576
f 43/614/576 179/618/580 178/691/653
f 43/614/576 178/691/653 44/612/574
f 44/612/574 178/691/653 177/692/654
f 44/612/574 177/692/654 45/610/572
f 45/610/572 177/692/654 176/693/655
f 45/610/572 176/693/655 46/608/570
f 46/608/570 176/693/655 175/694/656
f 46/608/570 175/694/656 47/606/568
f 47/606/568 175/694/656 174/695/657
f 47/606/568 174/695/657 48/604/566
f 48/604/566 174/695/657 173/696/658
f 48/604/566 173/696/658 49/602/564
f 49/602/564 173/696/658 172/697/659
f 49/602/564 172/697/659 50/600/562
f 50/600/562 172/697/659 171/698/660
f 50/600/562 171/698/660 51/598/560
f 51/598/560 171/698/660 170/699/661
f 51/598/560 170/699/661 52/596/558
f 52/596/558 170/699/661 169/700/662
f 52/596/558 169/700/662 53/594/556
f 53/594/556 169/700/662 168/701/663
f 53/594/556 168/701/663 54/592/554
f 54/592/554 168/701/663 167/702/664
f 54/592/554 167/702/664 55/590/552
f 55/590/552 167/702/664 166/703/665
f 55/590/552 166/703/665 56/588/550
f 56/588/550 166/703/665 165/704/666
f 56/588/550 165/704/666 57/587/549
f 57/587/549 165/704/666 164/705/667
f 57/587/549 164/705/667 58/585/547
f 58/585/547 164/705/667 163/706/668
f 58/585/547 163/706/668 59/583/545
f 59/583/545 163/706/668 162/707/669
f 59/583/545 162/707/669 60/581/543
f 60/581/543 162/707/669 161/708/670
f 60/581/543 161/708/670 61/579/541
f 61/579/541 161/708/670 160/709/671
f 61/579/541 160/709/671 62/577/539
f 62/577/539 160/709/671 159/710/672
f 62/577/539 159/710/672 63/575/537
f 63/575/537 159/710/672 158/711/673
f 63/575/537 158/711/673 64/573/535
f 64/573/535 158/711/673 157/712/674
f 64/573/535 157/712/674 65/571/533
f 65/571/533 157/712/674 156/713/675
f 65/571/533 156/713/675 66/569/531
f 66/569/531 156/713/675 155/714/676
f 66/569/531 155/714/676 67/567/529
f 67/567/529 155/714/676 154/715/677
f 67/567/529 154/715/677 68/565/527
f 68/565/527 154/715/677 153/716/678
f 68/565/527 153/716/678 69/564/526
f 69/564/526 153/716/678 152/717/679
f 69/564/526 152/717/679 70/562/524
f 70/562/524 152/717/679 151/718/680
f 70/562/524 151/718/680 71/560/522
f 71/560/522 151/718/680 150/719/681
f 71/560/522 150/719/681 72/558/520
f 72/558/520 150/719/681 149/720/682
f 72/558/520 149/720/682 73/556/518
f 73/556/518 149/720/682 148/721/683
f 73/556/518 148/721/683 74/554/516
f 74/554/516 148/721/683 147/722/684
f 74/554/516 147/722/684 75/552/514
f 75/552/514 147/722/684 146/723/685
f 75/552/514 146/723/685 76/550/512
f 76/550/512 146/723/685 145/724/686
f 76/550/512 145/724/686 77/548/510
f 77/548/510 145/724/686 144/725/687
f 77/548/510 144/725/687 78/546/508
f 78/546/508 144/725/687 143/726/688
f 78/546/508 143/726/688 79/544/506
f 79/544/506 143/726/688 142/727/689
f 79/544/506 142/727/689 80/542/504
f 80/542/504 142/727/689 141/728/690
f 80/542/504 141/728/690 81/441/409
f 81/441/409 141/728/690 140/439/407
f 56/588/550 57/587/549 1/729/691
f 1/730/692 68/565/527 69/564/526
f 88/7/7 89/731/693 181/5/5
f 181/5/5 89/731/693 180/617/579
f 181/5/5 180/617/579 41/3/3
f 180/617/579 89/731/693 90/619/581
f 90/619/581 89/731/693 184/732/694
f 90/619/581 184/732/694 185/621/583
f 185/621/583 184/732/694 232/733/695
f 185/621/583 232/733/695 233/623/585
f 233/623/585 232/733/695 280/734/696
f 233/623/585 280/734/696 281/625/587
f 281/625/587 280/734/696 411/735/697
f 281/625/587 411/735/697 410/627/589
f 410/627/589 411/735/697 329/736/698
f 410/627/589 329/736/698 330/629/591
f 330/629/591 329/736/698 424/737/699
f 330/629/591 424/737/699 425/631/593
f 425/631/593 424/737/699 472/738/700
f 425/631/593 472/738/700 473/633/595
f 473/633/595 472/738/700 520/739/701
f 473/633/595 520/739/701 521/635/597
f 521/635/597 520/739/701 568/740/702
f 521/635/597 568/740/702 569/637/599
f 569/637/599 568/740/702 616/741/703
f 569/637/599 616/741/703 617/639/601
f 617/639/601 616/741/703 664/742/704
f 617/639/601 664/742/704 665/641/603
f 665/641/603 664/742/704 712/743/705
f 665/641/603 712/743/705 713/643/605
f 713/643/605 712/743/705 825/744/706
f 713/643/605 825/744/706 824/645/607
f 824/645/607 825/744/706 761/745/707
f 824/645/607 761/745/707 762/647/609
f 762/647/609 761/745/707 856/746/708
f 762/647/609 856/746/708 857/649/611
f 857/649/611 856/746/708 904/747/709
f 857/649/611 904/747/709 905/651/613
f 905/651/613 904/747/709 952/748/710
f 905/651/613 952/748/710 953/653/615
f 953/653/615 952/748/710 1000/749/711
f 953/653/615 1000/749/711 1001/655/617
f 1001/655/617 1000/749/711 1048/750/712
f 1001/655/617 1048/750/712 1049/657/619
f 1049/657/619 1048/750/712 1096/751/713
f 1049/657/619 1096/751/713 1097/659/621
f 1097/659/621 1096/751/713 1144/752/714
f 1097/659/621 1144/752/714 1145/661/623
f 1145/661/623 1144/752/714 1192/753/715
f 1145/661/623 1192/753/715 1193/663/625
f 1193/663/625 1192/753/715 1240/754/716
f 1193/663/625 1240/754/716 1241/665/627
f 1241/665/627 1240/754/716 1288/755/717
f 1241/665/627 1288/755/717 1289/667/629
f 1289/667/629 1288/755/717 1336/756/718
f 1289/667/629 1336/756/718 1337/669/631
f 1337/669/631 1336/756/718 1384/757/719
f 1337/669/631 1384/757/719 1385/671/633
f 1385/671/633 1384/757/719 1432/758/720
f 1385/671/633 1432/758/720 1433/673/635
f 1433/673/635 1432/758/720 1480/759/721
f 1433/673/635 1480/759/721 1481/675/637
f 1481/675/637 1480/759/721 1528/760/722
f 1481/675/637 1528/760/722 1529/677/639
f 1529/677/639 1528/760/722 1576/761/723
f 1529/677/639 1576/761/723 1577/679/641
f 1577/679/641 1576/761/723 1624/762/724
f 1577/679/641 1624/762/724 1625/681/643
f 1625/681/643 1624/762/724 1672/763/725
f 1625/681/643 1672/763/725 1673/683/645
f 1673/683/645 1672/763/725 1720/764/726
f 1673/683/645 1720/764/726 1721/685/647
f 1721/685/647 1720/764/726 1768/765/727
f 1721/685/647 1768/765/727 1769/687/649
f 1769/687/649 1768/765/727 1816/766/728
f 1769/687/649 1816/766/728 1817/689/651
f 1817/689/651 1816/766/728 1864/523/485
f 1817/689/651 1864/523/485 1865/525/487
f 89/731/693 88/7/7 183/767/729
f 183/767/729 88/7/7 182/9/9
f 183/767/729 182/9/9 230/768/730
f 230/768/730 182/9/9 229/11/11
f 230/768/730 229/11/11 277/769/731
f 277/769/731 229/11/11 276/13/13
f 277/769/731 276/13/13 415/770/732
f 415/770/732 276/13/13 416/15/15
f 415/770/732 416/15/15 324/17/17
f 178/691/653 179/618/580 91/620/582
f 177/692/654 178/691/653 92/771/733
f 92/771/733 178/691/653 91/620/582
f 92/771/733 91/620/582 186/622/584
f 176/693/655 177/692/654 93/772/734
f 93/772/734 177/692/654 92/771/733
f 93/772/734 92/771/733 187/773/735
f 187/773/735 92/771/733 186/622/584
f 187/773/735 186/622/584 234/624/586
f 175/694/656 176/693/655 94/774/736
f 94/774/736 176/693/655 93/772/734
f 94/774/736 93/772/734 188/775/737
f 188/775/737 93/772/734 187/773/735
f 188/775/737 187/773/735 235/776/738
f 235/776/738 187/773/735 234/624/586
f 235/776/738 234/624/586 282/626/588
f 174/695/657 175/694/656 95/777/739
f 95/777/739 175/694/656 94/774/736
f 95/777/739 94/774/736 189/778/740
f 189/778/740 94/774/736 188/775/737
f 189/778/740 188/775/737 236/779/741
f 236/779/741 188/775/737 235/776/738
f 236/779/741 235/776/738 283/780/742
f 283/780/742 235/776/738 282/626/588
f 283/780/742 282/626/588 409/628/590
f 173/696/658 174/695/657 96/781/743
f 96/781/743 174/695/657 95/777/739
f 96/781/743 95/777/739 190/782/744
f 190/782/744 95/777/739 189/778/740
f 190/782/744 189/778/740 237/783/745
f 237/783/745 189/778/740 236/779/741
f 237/783/745 236/779/741 284/784/746
f 284/784/746 236/779/741 283/780/742
f 284/784/746 283/780/742 408/785/747
f 408/785/747 283/780/742 409/628/590
f 408/785/747 409/628/590 331/630/592
f 172/697/659 173/696/658 97/786/748
f 97/786/748 173/696/658 96/781/743
f 97/786/748 96/781/743 191/787/749
f 191/787/749 96/781/743 190/782/744
f 191/787/749 190/782/744 238/788/750
f 238/788/750 190/782/744 237/783/745
f 238/788/750 237/783/745 285/789/751
f 285/789/751 237/783/745 284/784/746
f 285/789/751 284/784/746 407/790/752
f 407/790/752 284/784/746 408/785/747
f 407/790/752 408/785/747 332/791/753
f 332/791/753 408/785/747 331/630/592
f 332/791/753 331/630/592 426/632/594
f 171/698/660 172/697/659 98/792/754
f 98/792/754 172/697/659 97/786/748
f 98/792/754 97/786/748 192/793/755
f 192/793/755 97/786/748 191/787/749
f 192/793/755 191/787/749 239/794/756
f 239/794/756 191/787/749 238/788/750
f 239/794/756 238/788/750 286/795/757
f 286/795/757 238/788/750 285/789/751
f 286/795/757 285/789/751 406/796/758
f 406/796/758 285/789/751 407/790/752
f 406/796/758 407/790/752 333/797/759
f 333/797/759 407/790/752 332/791/753
f 333/797/759 332/791/753 427/798/760
f 427/798/760 332/791/753 426/632/594
f 427/798/760 426/632/594 474/634/596
f 170/699/661 171/698/660 99/799/761
f 99/799/761 171/698/660 98/792/754
f 99/799/761 98/792/754 193/800/762
f 193/800/762 98/792/754 192/793/755
f 193/800/762 192/793/755 240/801/763
f 240/801/763 192/793/755 239/794/756
f 240/801/763 239/794/756 287/802/764
f 287/802/764 239/794/756 286/795/757
f 287/802/764 286/795/757 405/803/765
f 405/803/765 286/795/757 406/796/758
f 405/803/765 406/796/758 334/804/766
f 334/804/766 406/796/758 333/797/759
f 334/804/766 333/797/759 428/805/767
f 428/805/767 333/797/759 427/798/760
f 428/805/767 427/798/760 475/806/768
f 475/806/768 427/798/760 474/634/596
f 475/806/768 474/634/596 522/636/598
f 169/700/662 170/699/661 100/807/769
f 100/807/769 170/699/661 99/799/761
f 100/807/769 99/799/761 194/808/770
f 194/808/770 99/799/761 193/800/762
f 194/808/770 193/800/762 241/809/771
f 241/809/771 193/800/762 240/801/763
f 241/809/771 240/801/763 288/810/772
f 288/810/772 240/801/763 287/802/764
f 288/810/772 287/802/764 404/811/773
f 404/811/773 287/802/764 405/803/765
f 404/811/773 405/803/765 335/812/774
f 335/812/774 405/803/765 334/804/766
f 335/812/774 334/804/766 429/813/775
f 429/813/775 334/804/766 428/805/767
f 429/813/775 428/805/767 476/814/776
f 476/814/776 428/805/767 475/806/768
f 476/814/776 475/806/768 523/815/777
f 523/815/777 475/806/768 522/636/598
f 523/815/777 522/636/598 570/638/600
f 168/701/663 169/700/662 101/816/778
f 101/816/778 169/700/662 100/807/769
f 101/816/778 100/807/769 195/817/779
f 195/817/779 100/807/769 194/808/770
f 195/817/779 194/808/770 242/818/780
f 242/818/780 194/808/770 241/809/771
f 242/818/780 241/809/771 289/819/781
f 289/819/781 241/809/771 288/810/772
f 289/819/781 288/810/772 403/820/782
f 403/820/782 288/810/772 404/811/773
f 403/820/782 404/811/773 336/821/783
f 336/821/783 404/811/773 335/812/774
f 336/821/783 335/812/774 430/822/784
f 430/822/784 335/812/774 429/813/775
f 430/822/784 429/813/775 477/823/785
f 477/823/785 429/813/775 476/814/776
f 477/823/785 476/814/776 524/824/786
f 524/824/786 476/814/776 523/815/777
f 524/824/786 523/815/777 571/825/787
f 571/825/787 523/815/777 570/638/600
f 571/825/787 570/638/600 618/640/602
f 167/702/664 168/701/663 102/826/788
f 102/826/788 168/701/663 101/816/778
f 102/826/788 101/816/778 196/827/789
f 196/827/789 101/816/778 195/817/779
f 196/827/789 195/817/779 243/828/790
f 243/828/790 195/817/779 242/818/780
f 243/828/790 242/818/780 290/829/791
f 290/829/791 242/818/780 289/819/781
f 290/829/791 289/819/781 402/830/792
f 402/830/792 289/819/781 403/820/782
f 402/830/792 403/820/782 337/831/793
f 337/831/793 403/820/782 336/821/783
f 337/831/793 336/821/783 431/832/794
f 431/832/794 336/821/783 430/822/784
f 431/832/794 430/822/784 478/833/795
f 478/833/795 430/822/784 477/823/785
f 478/833/795 477/823/785 525/834/796
f 525/834/796 477/823/785 524/824/786
f 525/834/796 524/824/786 572/835/797
f 572/835/797 524/824/786 571/825/787
f 572/835/797 571/825/787 619/836/798
f 619/836/798 571/825/787 618/640/602
f 619/836/798 618/640/602 666/642/604
f 166/703/665 167/702/664 103/837/799
f 103/837/799 167/702/664 102/826/788
f 103/837/799 102/826/788 197/838/800
f 197/838/800 102/826/788 196/827/789
f 197/838/800 196/827/789 244/839/801
f 244/839/801 196/827/789 243/828/790
f 244/839/801 243/828/790 291/840/802
f 291/840/802 243/828/790 290/829/791
f 291/840/802 290/829/791 401/841/803
f 401/841/803 290/829/791 402/830/792
f 401/841/803 402/830/792 338/842/804
f 338/842/804 402/830/792 337/831/793
f 338/842/804 337/831/793 432/843/805
f 432/843/805 337/831/793 431/832/794
f 432/843/805 431/832/794 479/844/806
f 479/844/806 431/832/794 478/833/795
f 479/844/806 478/833/795 526/845/807
f 526/845/807 478/833/795 525/834/796
f 526/845/807 525/834/796 573/846/808
f 573/846/808 525/834/796 572/835/797
f 573/846/808 572/835/797 620/847/809
f 620/847/809 572/835/797 619/836/798
f 620/847/809 619/836/798 667/848/810
f 667/848/810 619/836/798 666/642/604
f 667/848/810 666/642/604 714/644/606
f 165/704/666 166/703/665 104/849/811
f 104/849/811 166/703/665 103/837/799
f 104/849/811 103/837/799 198/850/812
f 198/850/812 103/837/799 197/838/800
f 198/850/812 197/838/800 245/851/813
f 245/851/813 197/838/800 244/839/801
f 245/851/813 244/839/801 292/852/814
f 292/852/814 244/839/801 291/840/802
f 292/852/814 291/840/802 400/853/815
f 400/853/815 291/840/802 401/841/803
f 400/853/815 401/841/803 339/854/816
f 339/854/816 401/841/803 338/842/804
f 339/854/816 338/842/804 433/855/817
f 433/855/817 338/842/804 432/843/805
f 433/855/817 432/843/805 480/856/818
f 480/856/818 432/843/805 479/844/806
f 480/856/818 479/844/806 527/857/819
f 527/857/819 479/844/806 526/845/807
f 527/857/819 526/845/807 574/858/820
f 574/858/820 526/845/807 573/846/808
f 574/858/820 573/846/808 621/859/821
f 621/859/821 573/846/808 620/847/809
f 621/859/821 620/847/809 668/860/822
f 668/860/822 620/847/809 667/848/810
f 668/860/822 667/848/810 715/861/823
f 715/861/823 667/848/810 714/644/606
f 715/861/823 714/644/606 823/646/608
f 164/705/667 165/704/666 105/862/824
f 105/862/824 165/704/666 104/849/811
f 105/862/824 104/849/811 199/863/825
f 199/863/825 104/849/811 198/850/812
f 199/863/825 198/850/812 246/864/826
f 246/864/826 198/850/812 245/851/813
f 246/864/826 245/851/813 293/865/827
f 293/865/827 245/851/813 292/852/814
f 293/865/827 292/852/814 399/866/828
f 399/866/828 292/852/814 400/853/815
f 399/866/828 400/853/815 340/867/829
f 340/867/829 400/853/815 339/854/816
f 340/867/829 339/854/816 434/868/830
f 434/868/830 339/854/816 433/855/817
f 434/868/830 433/855/817 481/869/831
f 481/869/831 433/855/817 480/856/818
f 481/869/831 480/856/818 528/870/832
f 528/870/832 480/856/818 527/857/819
f 528/870/832 527/857/819 575/871/833
f 575/871/833 527/857/819 574/858/820
f 575/871/833 574/858/820 622/872/834
f 622/872/834 574/858/820 621/859/821
f 622/872/834 621/859/821 669/873/835
f 669/873/835 621/859/821 668/860/822
f 669/873/835 668/860/822 716/874/836
f 716/874/836 668/860/822 715/861/823
f 716/874/836 715/861/823 822/875/837
f 822/875/837 715/861/823 823/646/608
f 822/875/837 823/646/608 763/648/610
f 163/706/668 164/705/667 106/876/838
f 106/876/838 164/705/667 105/862/824
f 106/876/838 105/862/824 200/877/839
f 200/877/839 105/862/824 199/863/825
f 200/877/839 199/863/825 247/878/840
f 247/878/840 199/863/825 246/864/826
f 247/878/840 246/864/826 294/879/841
f 294/879/841 246/864/826 293/865/827
f 294/879/841 293/865/827 398/880/842
f 398/880/842 293/865/827 399/866/828
f 398/880/842 399/866/828 341/881/843
f 341/881/843 399/866/828 340/867/829
f 341/881/843 340/867/829 435/882/844
f 435/882/844 340/867/829 434/868/830
f 435/882/844 434/868/830 482/883/845
f 482/883/845 434/868/830 481/869/831
f 482/883/845 481/869/831 529/884/846
f 529/884/846 481/869/831 528/870/832
f 529/884/846 528/870/832 576/885/847
f 576/885/847 528/870/832 575/871/833
f 576/885/847 575/871/833 623/886/848
f 623/886/848 575/871/833 622/872/834
f 623/886/848 622/872/834 670/887/849
f 670/887/849 622/872/834 669/873/835
f 670/887/849 669/873/835 717/888/850
f 717/888/850 669/873/835 716/874/836
f 717/888/850 716/874/836 821/889/851
f 821/889/851 716/874/836 822/875/837
f 821/889/851 822/875/837 764/890/852
f 764/890/852 822/875/837 763/648/610
f 764/890/852 763/648/610 858/650/612
f 162/707/669 163/706/668 107/891/853
f 107/891/853 163/706/668 106/876/838
f 107/891/853 106/876/838 201/892/854
f 201/892/854 106/876/838 200/877/839
f 201/892/854 200/877/839 248/893/855
f 248/893/855 200/877/839 247/878/840
f 248/893/855 247/878/840 295/894/856
f 295/894/856 247/878/840 294/879/841
f 295/894/856 294/879/841 397/895/857
f 397/895/857 294/879/841 398/880/842
f 397/895/857 398/880/842 342/896/858
f 342/896/858 398/880/842 341/881/843
f 342/896/858 341/881/843 436/897/859
f 436/897/859 341/881/843 435/882/844
f 436/897/859 435/882/844 483/898/860
f 483/898/860 435/882/844 482/883/845
f 483/898/860 482/883/845 530/899/861
f 530/899/861 482/883/845 529/884/846
f 530/899/861 529/884/846 577/900/862
f 577/900/862 529/884/846 576/885/847
f 577/900/862 576/885/847 624/901/863
f 624/901/863 576/885/847 623/886/848
f 624/901/863 623/886/848 671/902/864
f 671/902/864 623/886/848 670/887/849
f 671/902/864 670/887/849 718/903/865
f 718/903/865 670/887/849 717/888/850
f 718/903/865 717/888/850 820/904/866
f 820/904/866 717/888/850 821/889/851
f 820/904/866 821/889/851 765/905/867
f 765/905/867 821/889/851 764/890/852
f 765/905/867 764/890/852 859/906/868
f 859/906/868 764/890/852 858/650/612
f 859/906/868 858/650/612 906/652/614
f 161/708/670 162/707/669 108/907/869
f 108/907/869 162/707/669 107/891/853
f 108/907/869 107/891/853 202/908/870
f 202/908/870 107/891/853 201/892/854
f 202/908/870 201/892/854 249/909/871
f 249/909/871 201/892/854 248/893/855
f 249/909/871 248/893/855 296/910/872
f 296/910/872 248/893/855 295/894/856
f 296/910/872 295/894/856 396/911/873
f 396/911/873 295/894/856 397/895/857
f 396/911/873 397/895/857 343/912/874
f 343/912/874 397/895/857 342/896/858
f 343/912/874 342/896/858 437/913/875
f 437/913/875 342/896/858 436/897/859
f 437/913/875 436/897/859 484/914/876
f 484/914/876 436/897/859 483/898/860
f 484/914/876 483/898/860 531/915/877
f 531/915/877 483/898/860 530/899/861
f 531/915/877 530/899/861 578/916/878
f 578/916/878 530/899/861 577/900/862
f 578/916/878 577/900/862 625/917/879
f 625/917/879 577/900/862 624/901/863
f 625/917/879 624/901/863 672/918/880
f 672/918/880 624/901/863 671/902/864
f 672/918/880 671/902/864 719/919/881
f 719/919/881 671/902/864 718/903/865
f 719/919/881 718/903/865 819/920/882
f 819/920/882 718/903/865 820/904/866
f 819/920/882 820/904/866 766/921/883
f 766/921/883 820/904/866 765/905/867
f 766/921/883 765/905/867 860/922/884
f 860/922/884 765/905/867 859/906/868
f 860/922/884 859/906/868 907/923/885
f 907/923/885 859/906/868 906/652/614
f 907/923/885 906/652/614 954/654/616
f 160/709/671 161/708/670 109/924/886
f 109/924/886 161/708/670 108/907/869
f 109/924/886 108/907/869 203/925/887
f 203/925/887 108/907/869 202/908/870
f 203/925/887 202/908/870 250/926/888
f 250/926/888 202/908/870 249/909/871
f 250/926/888 249/909/871 297/927/889
f 297/927/889 249/909/871 296/910/872
f 297/927/889 296/910/872 395/928/890
f 395/928/890 296/910/872 396/911/873
f 395/928/890 396/911/873 344/929/891
f 344/929/891 396/911/873 343/912/874
f 344/929/891 343/912/874 438/930/892
f 438/930/892 343/912/874 437/913/875
f 438/930/892 437/913/875 485/931/893
f 485/931/893 437/913/875 484/914/876
f 485/931/893 484/914/876 532/932/894
f 532/932/894 484/914/876 531/915/877
f 532/932/894 531/915/877 579/933/895
f 579/933/895 531/915/877 578/916/878
f 579/933/895 578/916/878 626/934/896
f 626/934/896 578/916/878 625/917/879
f 626/934/896 625/917/879 673/935/897
f 673/935/897 625/917/879 672/918/880
f 673/935/897 672/918/880 720/936/898
f 720/936/898 672/918/880 719/919/881
f 720/936/898 719/919/881 818/937/899
f 818/937/899 719/919/881 819/920/882
f 818/937/899 819/920/882 767/938/900
f 767/938/900 819/920/882 766/921/883
f 767/938/900 766/921/883 861/939/901
f 861/939/901 766/921/883 860/922/884
f 861/939/901 860/922/884 908/940/902
f 908/940/902 860/922/884 907/923/885
f 908/940/902 907/923/885 955/941/903
f 955/941/903 907/923/885 954/654/616
f 955/941/903 954/654/616 1002/656/618
f 159/710/672 160/709/671 110/942/904
f 110/942/904 160/709/671 109/924/886
f 110/942/904 109/924/886 204/943/905
f 204/943/905 109/924/886 203/925/887
f 204/943/905 203/925/887 251/944/906
f 251/944/906 203/925/887 250/926/888
f 251/944/906 250/926/888 298/945/907
f 298/945/907 250/926/888 297/927/889
f 298/945/907 297/927/889 394/946/908
f 394/946/908 297/927/889 395/928/890
f 394/946/908 395/928/890 345/947/909
f 345/947/909 395/928/890 344/929/891
f 345/947/909 344/929/891 439/948/910
f 439/948/910 344/929/891 438/930/892
f 439/948/910 438/930/892 486/949/911
f 486/949/911 438/930/892 485/931/893
f 486/949/911 485/931/893 533/950/912
f 533/950/912 485/931/893 532/932/894
f 533/950/912 532/932/894 580/951/913
f 580/951/913 532/932/894 579/933/895
f 580/951/913 579/933/895 627/952/914
f 627/952/914 579/933/895 626/934/896
f 627/952/914 626/934/896 674/953/915
f 674/953/915 626/934/896 673/935/897
f 674/953/915 673/935/897 721/954/916
f 721/954/916 673/935/897 720/936/898
f 721/954/916 720/936/898 817/955/917
f 817/955/917 720/936/898 818/937/899
f 817/955/917 818/937/899 768/956/918
f 768/956/918 818/937/899 767/938/900
f 768/956/918 767/938/900 862/957/919
f 862/957/919 767/938/900 861/939/901
f 862/957/919 861/939/901 909/958/920
f 909/958/920 861/939/901 908/940/902
f 909/958/920 908/940/902 956/959/921
f 956/959/921 908/940/902 955/941/903
f 956/959/921 955/941/903 1003/960/922
f 1003/960/922 955/941/903 1002/656/618
f 1003/960/922 1002/656/618 1050/658/620
f 158/711/673 159/710/672 111/961/923
f 111/961/923 159/710/672 110/942/904
f 111/961/923 110/942/904 205/962/924
f 205/962/924 110/942/904 204/943/905
f 205/962/924 204/943/905 252/963/925
f 252/963/925 204/943/905 251/944/906
f 252/963/925 251/944/906 299/964/926
f 299/964/926 251/944/906 298/945/907
f 299/964/926 298/945/907 393/965/927
f 393/965/927 298/945/907 394/946/908
f 393/965/927 394/946/908 346/966/928
f 346/966/928 394/946/908 345/947/909
f 346/966/928 345/947/909 440/967/929
f 440/967/929 345/947/909 439/948/910
f 440/967/929 439/948/910 487/968/930
f 487/968/930 439/948/910 486/949/911
f 487/968/930 486/949/911 534/969/931
f 534/969/931 486/949/911 533/950/912
f 534/969/931 533/950/912 581/970/932
f 581/970/932 533/950/912 580/951/913
f 581/970/932 580/951/913 628/971/933
f 628/971/933 580/951/913 627/952/914
f 628/971/933 627/952/914 675/972/934
f 675/972/934 627/952/914 674/953/915
f 675/972/934 674/953/915 722/973/935
f 722/973/935 674/953/915 721/954/916
f 722/973/935 721/954/916 816/974/936
f 816/974/936 721/954/916 817/955/917
f 816/974/936 817/955/917 769/975/937
f 769/975/937 817/955/917 768/956/918
f 769/975/937 768/956/918 863/976/938
f 863/976/938 768/956/918 862/957/919
f 863/976/938 862/957/919 910/977/939
f 910/977/939 862/957/919 909/958/920
f 910/977/939 909/958/920 957/978/940
f 957/978/940 909/958/920 956/959/921
f 957/978/940 956/959/921 1004/979/941
f 1004/979/941 956/959/921 1003/960/922
f 1004/979/941 1003/960/922 1051/980/942
f 1051/980/942 1003/960/922 1050/658/620
f 1051/980/942 1050/658/620 1098/660/622
f 157/712/674 158/711/673 112/981/943
f 112/981/943 158/711/673 111/961/923
f 112/981/943 111/961/923 206/982/944
f 206/982/944 111/961/923 205/962/924
f 206/982/944 205/962/924 253/983/945
f 253/983/945 205/962/924 252/963/925
f 253/983/945 252/963/925 300/984/946
f 300/984/946 252/963/925 299/964/926
f 300/984/946 299/964/926 392/985/947
f 392/985/947 299/964/926 393/965/927
f 392/985/947 393/965/927 347/986/948
f 347/986/948 393/965/927 346/966/928
f 347/986/948 346/966/928 441/987/949
f 441/987/949 346/966/928 440/967/929
f 441/987/949 440/967/929 488/988/950
f 488/988/950 440/967/929 487/968/930
f 488/988/950 487/968/930 535/989/951
f 535/989/951 487/968/930 534/969/931
f 535/989/951 534/969/931 582/990/952
f 582/990/952 534/969/931 581/970/932
f 582/990/952 581/970/932 629/991/953
f 629/991/953 581/970/932 628/971/933
f 629/991/953 628/971/933 676/992/954
f 676/992/954 628/971/933 675/972/934
f 676/992/954 675/972/934 723/993/955
f 723/993/955 675/972/934 722/973/935
f 723/993/955 722/973/935 815/994/956
f 815/994/956 722/973/935 816/974/936
f 815/994/956 816/974/936 770/995/957
f 770/995/957 816/974/936 769/975/937
f 770/995/957 769/975/937 864/996/958
f 864/996/958 769/975/937 863/976/938
f 864/996/958 863/976/938 911/997/959
f 911/997/959 863/976/938 910/977/939
f 911/997/959 910/977/939 958/998/960
f 958/998/960 910/977/939 957/978/940
f 958/998/960 957/978/940 1005/999/961
f 1005/999/961 957/978/940 1004/979/941
f 1005/999/961 1004/979/941 1052/1000/962
f 1052/1000/962 1004/979/941 1051/980/942
f 1052/1000/962 1051/980/942 1099/1001/963
f 1099/1001/963 1051/980/942 1098/660/622
f 1099/1001/963 1098/660/622 1146/662/624
f 156/713/675 157/712/674 113/1002/964
f 113/1002/964 157/712/674 112/981/943
f 113/1002/964 112/981/943 207/1003/965
f 207/1003/965 112/981/943 206/982/944
f 207/1003/965 206/982/944 254/1004/966
f 254/1004/966 206/982/944 253/983/945
f 254/1004/966 253/983/945 301/1005/967
f 301/1005/967 253/983/945 300/984/946
f 301/1005/967 300/984/946 391/1006/968
f 391/1006/968 300/984/946 392/985/947
f 391/1006/968 392/985/947 348/1007/969
f 348/1007/969 392/985/947 347/986/948
f 348/1007/969 347/986/948 442/1008/970
f 442/1008/970 347/986/948 441/987/949
f 442/1008/970 441/987/949 489/1009/971
f 489/1009/971 441/987/949 488/988/950
f 489/1009/971 488/988/950 536/1010/972
f 536/1010/972 488/988/950 535/989/951
f 536/1010/972 535/989/951 583/1011/973
f 583/1011/973 535/989/951 582/990/952
f 583/1011/973 582/990/952 630/1012/974
f 630/1012/974 582/990/952 629/991/953
f 630/1012/974 629/991/953 677/1013/975
f 677/1013/975 629/991/953 676/992/954
f 677/1013/975 676/992/954 724/1014/976
f 724/1014/976 676/992/954 723/993/955
f 724/1014/976 723/993/955 814/1015/977
f 814/1015/977 723/993/955 815/994/956
f 814/1015/977 815/994/956 771/1016/978
f 771/1016/978 815/994/956 770/995/957
f 771/1016/978 770/995/957 865/1017/979
f 865/1017/979 770/995/957 864/996/958
f 865/1017/979 864/996/958 912/1018/980
f 912/1018/980 864/996/958 911/997/959
f 912/1018/980 911/997/959 959/1019/981
f 959/1019/981 911/997/959 958/998/960
f 959/1019/981 958/998/960 1006/1020/982
f 1006/1020/982 958/998/960 1005/999/961
f 1006/1020/982 1005/999/961 1053/1021/983
f 1053/1021/983 1005/999/961 1052/1000/962
f 1053/1021/983 1052/1000/962 1100/1022/984
f 1100/1022/984 1052/1000/962 1099/1001/963
f 1100/1022/984 1099/1001/963 1147/1023/985
f 1147/1023/985 1099/1001/963 1146/662/624
f 1147/1023/985 1146/662/624 1194/664/626
f 155/714/676 156/713/675 114/1024/986
f 114/1024/986 156/713/675 113/1002/964
f 114/1024/986 113/1002/964 208/1025/987
f 208/1025/987 113/1002/964 207/1003/965
f 208/1025/987 207/1003/965 255/1026/988
f 255/1026/988 207/1003/965 254/1004/966
f 255/1026/988 254/1004/966 302/1027/989
f 302/1027/989 254/1004/966 301/1005/967
f 302/1027/989 301/1005/967 390/1028/990
f 390/1028/990 301/1005/967 391/1006/968
f 390/1028/990 391/1006/968 349/1029/991
f 349/1029/991 391/1006/968 348/1007/969
f 349/1029/991 348/1007/969 443/1030/992
f 443/1030/992 348/1007/969 442/1008/970
f 443/1030/992 442/1008/970 490/1031/993
f 490/1031/993 442/1008/970 489/1009/971
f 490/1031/993 489/1009/971 537/1032/994
f 537/1032/994 489/1009/971 536/1010/972
f 537/1032/994 536/1010/972 584/1033/995
f 584/1033/995 536/1010/972 583/1011/973
f 584/1033/995 583/1011/973 631/1034/996
f 631/1034/996 583/1011/973 630/1012/974
f 631/1034/996 630/1012/974 678/1035/997
f 678/1035/997 630/1012/974 677/1013/975
f 678/1035/997 677/1013/975 725/1036/998
f 725/1036/998 677/1013/975 724/1014/976
f 725/1036/998 724/1014/976 813/1037/999
f 813/1037/999 724/1014/976 814/1015/977
f 813/1037/999 814/1015/977 772/1038/1000
f 772/1038/1000 814/1015/977 771/1016/978
f 772/1038/1000 771/1016/978 866/1039/1001
f 866/1039/1001 771/1016/978 865/1017/979
f 866/1039/1001 865/1017/979 913/1040/1002
f 913/1040/1002 865/1017/979 912/1018/980
f 913/1040/1002 912/1018/980 960/1041/1003
f 960/1041/1003 912/1018/980 959/1019/981
f 960/1041/1003 959/1019/981 1007/1042/1004
f 1007/1042/1004 959/1019/981 1006/1020/982
f 1007/1042/1004 1006/1020/982 1054/1043/1005
f 1054/1043/1005 1006/1020/982 1053/1021/983
f 1054/1043/1005 1053/1021/983 1101/1044/1006
f 1101/1044/1006 1053/1021/983 1100/1022/984
f 1101/1044/1006 1100/1022/984 1148/1045/1007
f 1148/1045/1007 1100/1022/984 1147/1023/985
f 1148/1045/1007 1147/1023/985 1195/1046/1008
f 1195/1046/1008 1147/1023/985 1194/664/626
f 1195/1046/1008 1194/664/626 1242/666/628
f 154/715/677 155/714/676 115/1047/1009
f 115/1047/1009 155/714/676 114/1024/986
f 115/1047/1009 114/1024/986 209/1048/1010
f 209/1048/1010 114/1024/986 208/1025/987
f 209/1048/1010 208/1025/987 256/1049/1011
f 256/1049/1011 208/1025/987 255/1026/988
f 256/1049/1011 255/1026/988 303/1050/1012
f 303/1050/1012 255/1026/988 302/1027/989
f 303/1050/1012 302/1027/989 389/1051/1013
f 389/1051/1013 302/1027/989 390/1028/990
f 389/1051/1013 390/1028/990 350/1052/1014
f 350/1052/1014 390/1028/990 349/1029/991
f 350/1052/1014 349/1029/991 444/1053/1015
f 444/1053/1015 349/1029/991 443/1030/992
f 444/1053/1015 443/1030/992 491/1054/1016
f 491/1054/1016 443/1030/992 490/1031/993
f 491/1054/1016 490/1031/993 538/1055/1017
f 538/1055/1017 490/1031/993 537/1032/994
f 538/1055/1017 537/1032/994 585/1056/1018
f 585/1056/1018 537/1032/994 584/1033/995
f 585/1056/1018 584/1033/995 632/1057/1019
f 632/1057/1019 584/1033/995 631/1034/996
f 632/1057/1019 631/1034/996 679/1058/1020
f 679/1058/1020 631/1034/996 678/1035/997
f 679/1058/1020 678/1035/997 726/1059/1021
f 726/1059/1021 678/1035/997 725/1036/998
f 726/1059/1021 725/1036/998 812/1060/1022
f 812/1060/1022 725/1036/998 813/1037/999
f 812/1060/1022 813/1037/999 773/1061/1023
f 773/1061/1023 813/1037/999 772/1038/1000
f 773/1061/1023 772/1038/1000 867/1062/1024
f 867/1062/1024 772/1038/1000 866/1039/1001
f 867/1062/1024 866/1039/1001 914/1063/1025
f 914/1063/1025 866/1039/1001 913/1040/1002
f 914/1063/1025 913/1040/1002 961/1064/1026
f 961/1064/1026 913/1040/1002 960/1041/1003
f 961/1064/1026 960/1041/1003 1008/1065/1027
f 1008/1065/1027 960/1041/1003 1007/1042/1004
f 1008/1065/1027 1007/1042/1004 1055/1066/1028
f 1055/1066/1028 1007/1042/1004 1054/1043/1005
f 1055/1066/1028 1054/1043/1005 1102/1067/1029
f 1102/1067/1029 1054/1043/1005 1101/1044/1006
f 1102/1067/1029 1101/1044/1006 1149/1068/1030
f 1149/1068/1030 1101/1044/1006 1148/1045/1007
f 1149/1068/1030 1148/1045/1007 1196/1069/1031
f 1196/1069/1031 1148/1045/1007 1195/1046/1008
f 1196/1069/1031 1195/1046/1008 1243/1070/1032
f 1243/1070/1032 1195/1046/1008 1242/666/628
f 1243/1070/1032 1242/666/628 1290/668/630
f 153/716/678 154/715/677 116/1071/1033
f 116/1071/1033 154/715/677 115/1047/1009
f 116/1071/1033 115/1047/1009 210/1072/1034
f 210/1072/1034 115/1047/1009 209/1048/1010
f 210/1072/1034 209/1048/1010 257/1073/1035
f 257/1073/1035 209/1048/1010 256/1049/1011
f 257/1073/1035 256/1049/1011 304/1074/1036
f 304/1074/1036 256/1049/1011 303/1050/1012
f 304/1074/1036 303/1050/1012 388/1075/1037
f 388/1075/1037 303/1050/1012 389/1051/1013
f 388/1075/1037 389/1051/1013 351/1076/1038
f 351/1076/1038 389/1051/1013 350/1052/1014
f 351/1076/1038 350/1052/1014 445/1077/1039
f 445/1077/1039 350/1052/1014 444/1053/1015
f 445/1077/1039 444/1053/1015 492/1078/1040
f 492/1078/1040 444/1053/1015 491/1054/1016
f 492/1078/1040 491/1054/1016 539/1079/1041
f 539/1079/1041 491/1054/1016 538/1055/1017
f 539/1079/1041 538/1055/1017 586/1080/1042
f 586/1080/1042 538/1055/1017 585/1056/1018
f 586/1080/1042 585/1056/1018 633/1081/1043
f 633/1081/1043 585/1056/1018 632/1057/1019
f 633/1081/1043 632/1057/1019 680/1082/1044
f 680/1082/1044 632/1057/1019 679/1058/1020
f 680/1082/1044 679/1058/1020 727/1083/1045
f 727/1083/1045 679/1058/1020 726/1059/1021
f 727/1083/1045 726/1059/1021 811/1084/1046
f 811/1084/1046 726/1059/1021 812/1060/1022
f 811/1084/1046 812/1060/1022 774/1085/1047
f 774/1085/1047 812/1060/1022 773/1061/1023
f 774/1085/1047 773/1061/1023 868/1086/1048
f 868/1086/1048 773/1061/1023 867/1062/1024
f 868/1086/1048 867/1062/1024 915/1087/1049
f 915/1087/1049 867/1062/1024 914/1063/1025
f 915/1087/1049 914/1063/1025 962/1088/1050
f 962/1088/1050 914/1063/1025 961/1064/1026
f 962/1088/1050 961/1064/1026 1009/1089/1051
f 1009/1089/1051 961/1064/1026 1008/1065/1027
f 1009/1089/1051 1008/1065/1027 1056/1090/1052
f 1056/1090/1052 1008/1065/1027 1055/1066/1028
f 1056/1090/1052 1055/1066/1028 1103/1091/1053
f 1103/1091/1053 1055/1066/1028 1102/1067/1029
f 1103/1091/1053 1102/1067/1029 1150/1092/1054
f 1150/1092/1054 1102/1067/1029 1149/1068/1030
f 1150/1092/1054 1149/1068/1030 1197/1093/1055
f 1197/1093/1055 1149/1068/1030 1196/1069/1031
f 1197/1093/1055 1196/1069/1031 1244/1094/1056
f 1244/1094/1056 1196/1069/1031 1243/1070/1032
f 1244/1094/1056 1243/1070/1032 1291/1095/1057
f 1291/1095/1057 1243/1070/1032 1290/668/630
f 1291/1095/1057 1290/668/630 1338/670/632
f 152/717/679 153/716/678 117/1096/1058
f 117/1096/1058 153/716/678 116/1071/1033
f 117/1096/1058 116/1071/1033 211/1097/1059
f 211/1097/1059 116/1071/1033 210/1072/1034
f 211/1097/1059 210/1072/1034 258/1098/1060
f 258/1098/1060 210/1072/1034 257/1073/1035
f 258/1098/1060 257/1073/1035 305/1099/1061
f 305/1099/1061 257/1073/1035 304/1074/1036
f 305/1099/1061 304/1074/1036 387/1100/1062
f 387/1100/1062 304/1074/1036 388/1075/1037
f 387/1100/1062 388/1075/1037 352/1101/1063
f 352/1101/1063 388/1075/1037 351/1076/1038
f 352/1101/1063 351/1076/1038 446/1102/1064
f 446/1102/1064 351/1076/1038 445/1077/1039
f 446/1102/1064 445/1077/1039 493/1103/1065
f 493/1103/1065 445/1077/1039 492/1078/1040
f 493/1103/1065 492/1078/1040 540/1104/1066
f 540/1104/1066 492/1078/1040 539/1079/1041
f 540/1104/1066 539/1079/1041 587/1105/1067
f 587/1105/1067 539/1079/1041 586/1080/1042
f 587/1105/1067 586/1080/1042 634/1106/1068
f 634/1106/1068 586/1080/1042 633/1081/1043
f 634/1106/1068 633/1081/1043 681/1107/1069
f 681/1107/1069 633/1081/1043 680/1082/1044
f 681/1107/1069 680/1082/1044 728/1108/1070
f 728/1108/1070 680/1082/1044 727/1083/1045
f 728/1108/1070 727/1083/1045 810/1109/1071
f 810/1109/1071 727/1083/1045 811/1084/1046
f 810/1109/1071 811/1084/1046 775/1110/1072
f 775/1110/1072 811/1084/1046 774/1085/1047
f 775/1110/1072 774/1085/1047 869/1111/1073
f 869/1111/1073 774/1085/1047 868/1086/1048
f 869/1111/1073 868/1086/1048 916/1112/1074
f 916/1112/1074 868/1086/1048 915/1087/1049
f 916/1112/1074 915/1087/1049 963/1113/1075
f 963/1113/1075 915/1087/1049 962/1088/1050
f 963/1113/1075 962/1088/1050 1010/1114/1076
f 1010/1114/1076 962/1088/1050 1009/1089/1051
f 1010/1114/1076 1009/1089/1051 1057/1115/1077
f 1057/1115/1077 1009/1089/1051 1056/1090/1052
f 1057/1115/1077 1056/1090/1052 1104/1116/1078
f 1104/1116/1078 1056/1090/1052 1103/1091/1053
f 1104/1116/1078 1103/1091/1053 1151/1117/1079
f 1151/1117/1079 1103/1091/1053 1150/1092/1054
f 1151/1117/1079 1150/1092/1054 1198/1118/1080
f 1198/1118/1080 1150/1092/1054 1197/1093/1055
f 1198/1118/1080 1197/1093/1055 1245/1119/1081
f 1245/1119/1081 1197/1093/1055 1244/1094/1056
f 1245/1119/1081 1244/1094/1056 1292/1120/1082
f 1292/1120/1082 1244/1094/1056 1291/1095/1057
f 1292/1120/1082 1291/1095/1057 1339/1121/1083
f 1339/1121/1083 1291/1095/1057 1338/670/632
f 1339/1121/1083 1338/670/632 1386/672/634
f 151/718/680 152/717/679 118/1122/1084
f 118/1122/1084 152/717/679 117/1096/1058
f 118/1122/1084 117/1096/1058 212/1123/1085
f 212/1123/1085 117/1096/1058 211/1097/1059
f 212/1123/1085 211/1097/1059 259/1124/1086
f 259/1124/1086 211/1097/1059 258/1098/1060
f 259/1124/1086 258/1098/1060 306/1125/1087
f 306/1125/1087 258/1098/1060 305/1099/1061
f 306/1125/1087 305/1099/1061 386/1126/1088
f 386/1126/1088 305/1099/1061 387/1100/1062
f 386/1126/1088 387/1100/1062 353/1127/1089
f 353/1127/1089 387/1100/1062 352/1101/1063
f 353/1127/1089 352/1101/1063 447/1128/1090
f 447/1128/1090 352/1101/1063 446/1102/1064
f 447/1128/1090 446/1102/1064 494/1129/1091
f 494/1129/1091 446/1102/1064 493/1103/1065
f 494/1129/1091 493/1103/1065 541/1130/1092
f 541/1130/1092 493/1103/1065 540/1104/1066
f 541/1130/1092 540/1104/1066 588/1131/1093
f 588/1131/1093 540/1104/1066 587/1105/1067
f 588/1131/1093 587/1105/1067 635/1132/1094
f 635/1132/1094 587/1105/1067 634/1106/1068
f 635/1132/1094 634/1106/1068 682/1133/1095
f 682/1133/1095 634/1106/1068 681/1107/1069
f 682/1133/1095 681/1107/1069 729/1134/1096
f 729/1134/1096 681/1107/1069 728/1108/1070
f 729/1134/1096 728/1108/1070 809/1135/1097
f 809/1135/1097 728/1108/1070 810/1109/1071
f 809/1135/1097 810/1109/1071 776/1136/1098
f 776/1136/1098 810/1109/1071 775/1110/1072
f 776/1136/1098 775/1110/1072 870/1137/1099
f 870/1137/1099 775/1110/1072 869/1111/1073
f 870/1137/1099 869/1111/1073 917/1138/1100
f 917/1138/1100 869/1111/1073 916/1112/1074
f 917/1138/1100 916/1112/1074 964/1139/1101
f 964/1139/1101 916/1112/1074 963/1113/1075
f 964/1139/1101 963/1113/1075 1011/1140/1102
f 1011/1140/1102 963/1113/1075 1010/1114/1076
f 1011/1140/1102 1010/1114/1076 1058/1141/1103
f 1058/1141/1103 1010/1114/1076 1057/1115/1077
f 1058/1141/1103 1057/1115/1077 1105/1142/1104
f 1105/1142/1104 1057/1115/1077 1104/1116/1078
f 1105/1142/1104 1104/1116/1078 1152/1143/1105
f 1152/1143/1105 1104/1116/1078 1151/1117/1079
f 1152/1143/1105 1151/1117/1079 1199/1144/1106
f 1199/1144/1106 1151/1117/1079 1198/1118/1080
f 1199/1144/1106 1198/1118/1080 1246/1145/1107
f 1246/1145/1107 1198/1118/1080 1245/1119/1081
f 1246/1145/1107 1245/1119/1081 1293/1146/1108
f 1293/1146/1108 1245/1119/1081 1292/1120/1082
f 1293/1146/1108 1292/1120/1082 1340/1147/1109
f 1340/1147/1109 1292/1120/1082 1339/1121/1083
f 1340/1147/1109 1339/1121/1083 1387/1148/1110
f 1387/1148/1110 1339/1121/1083 1386/672/634
f 1387/1148/1110 1386/672/634 1434/674/636
f 150/719/681 151/718/680 119/1149/1111
f 119/1149/1111 151/718/680 118/1122/1084
f 119/1149/1111 118/1122/1084 213/1150/1112
f 213/1150/1112 118/1122/1084 212/1123/1085
f 213/1150/1112 212/1123/1085 260/1151/1113
f 260/1151/1113 212/1123/1085 259/1124/1086
f 260/1151/1113 259/1124/1086 307/1152/1114
f 307/1152/1114 259/1124/1086 306/1125/1087
f 307/1152/1114 306/1125/1087 385/1153/1115
f 385/1153/1115 306/1125/1087 386/1126/1088
f 385/1153/1115 386/1126/1088 354/1154/1116
f 354/1154/1116 386/1126/1088 353/1127/1089
f 354/1154/1116 353/1127/1089 448/1155/1117
f 448/1155/1117 353/1127/1089 447/1128/1090
f 448/1155/1117 447/1128/1090 495/1156/1118
f 495/1156/1118 447/1128/1090 494/1129/1091
f 495/1156/1118 494/1129/1091 542/1157/1119
f 542/1157/1119 494/1129/1091 541/1130/1092
f 542/1157/1119 541/1130/1092 589/1158/1120
f 589/1158/1120 541/1130/1092 588/1131/1093
f 589/1158/1120 588/1131/1093 636/1159/1121
f 636/1159/1121 588/1131/1093 635/1132/1094
f 636/1159/1121 635/1132/1094 683/1160/1122
f 683/1160/1122 635/1132/1094 682/1133/1095
f 683/1160/1122 682/1133/1095 730/1161/1123
f 730/1161/1123 682/1133/1095 729/1134/1096
f 730/1161/1123 729/1134/1096 808/1162/1124
f 808/1162/1124 729/1134/1096 809/1135/1097
f 808/1162/1124 809/1135/1097 777/1163/1125
f 777/1163/1125 809/1135/1097 776/1136/1098
f 777/1163/1125 776/1136/1098 871/1164/1126
f 871/1164/1126 776/1136/1098 870/1137/1099
f 871/1164/1126 870/1137/1099 918/1165/1127
f 918/1165/1127 870/1137/1099 917/1138/1100
f 918/1165/1127 917/1138/1100 965/1166/1128
f 965/1166/1128 917/1138/1100 964/1139/1101
f 965/1166/1128 964/1139/1101 1012/1167/1129
f 1012/1167/1129 964/1139/1101 1011/1140/1102
f 1012/1167/1129 1011/1140/1102 1059/1168/1130
f 1059/1168/1130 1011/1140/1102 1058/1141/1103
f 1059/1168/1130 1058/1141/1103 1106/1169/1131
f 1106/1169/1131 1058/1141/1103 1105/1142/1104
f 1106/1169/1131 1105/1142/1104 1153/1170/1132
f 1153/1170/1132 1105/1142/1104 1152/1143/1105
f 1153/1170/1132 1152/1143/1105 1200/1171/1133
f 1200/1171/1133 1152/1143/1105 1199/1144/1106
f 1200/1171/1133 1199/1144/1106 1247/1172/1134
f 1247/1172/1134 1199/1144/1106 1246/1145/1107
f 1247/1172/1134 1246/1145/1107 1294/1173/1135
f 1294/1173/1135 1246/1145/1107 1293/1146/1108
f 1294/1173/1135 1293/1146/1108 1341/1174/1136
f 1341/1174/1136 1293/1146/1108 1340/1147/1109
f 1341/1174/1136 1340/1147/1109 1388/1175/1137
f 1388/1175/1137 1340/1147/1109 1387/1148/1110
f 1388/1175/1137 1387/1148/1110 1435/1176/1138
f 1435/1176/1138 1387/1148/1110 1434/674/636
f 1435/1176/1138 1434/674/636 1482/676/638
f 149/720/682 150/719/681 120/1177/1139
f 120/1177/1139 150/719/681 119/1149/1111
f 120/1177/1139 119/1149/1111 214/1178/1140
f 214/1178/1140 119/1149/1111 213/1150/1112
f 214/1178/1140 213/1150/1112 261/1179/1141
f 261/1179/1141 213/1150/1112 260/1151/1113
f 261/1179/1141 260/1151/1113 308/1180/1142
f 308/1180/1142 260/1151/1113 307/1152/1114
f 308/1180/1142 307/1152/1114 384/1181/1143
f 384/1181/1143 307/1152/1114 385/1153/1115
f 384/1181/1143 385/1153/1115 355/1182/1144
f 355/1182/1144 385/1153/1115 354/1154/1116
f 355/1182/1144 354/1154/1116 449/1183/1145
f 449/1183/1145 354/1154/1116 448/1155/1117
f 449/1183/1145 448/1155/1117 496/1184/1146
f 496/1184/1146 448/1155/1117 495/1156/1118
f 496/1184/1146 495/1156/1118 543/1185/1147
f 543/1185/1147 495/1156/1118 542/1157/1119
f 543/1185/1147 542/1157/1119 590/1186/1148
f 590/1186/1148 542/1157/1119 589/1158/1120
f 590/1186/1148 589/1158/1120 637/1187/1149
f 637/1187/1149 589/1158/1120 636/1159/1121
f 637/1187/1149 636/1159/1121 684/1188/1150
f 684/1188/1150 636/1159/1121 683/1160/1122
f 684/1188/1150 683/1160/1122 731/1189/1151
f 731/1189/1151 683/1160/1122 730/1161/1123
f 731/1189/1151 730/1161/1123 807/1190/1152
f 807/1190/1152 730/1161/1123 808/1162/1124
f 807/1190/1152 808/1162/1124 778/1191/1153
f 778/1191/1153 808/1162/1124 777/1163/1125
f 778/1191/1153 777/1163/1125 872/1192/1154
f 872/1192/1154 777/1163/1125 871/1164/1126
f 872/1192/1154 871/1164/1126 919/1193/1155
f 919/1193/1155 871/1164/1126 918/1165/1127
f 919/1193/1155 918/1165/1127 966/1194/1156
f 966/1194/1156 918/1165/1127 965/1166/1128
f 966/1194/1156 965/1166/1128 1013/1195/1157
f 1013/1195/1157 965/1166/1128 1012/1167/1129
f 1013/1195/1157 1012/1167/1129 1060/1196/1158
f 1060/1196/1158 1012/1167/1129 1059/1168/1130
f 1060/1196/1158 1059/1168/1130 1107/1197/1159
f 1107/1197/1159 1059/1168/1130 1106/1169/1131
f 1107/1197/1159 1106/1169/1131 1154/1198/1160
f 1154/1198/1160 1106/1169/1131 1153/1170/1132
f 1154/1198/1160 1153/1170/1132 1201/1199/1161
f 1201/1199/1161 1153/1170/1132 1200/1171/1133
f 1201/1199/1161 1200/1171/1133 1248/1200/1162
f 1248/1200/1162 1200/1171/1133 1247/1172/1134
f 1248/1200/1162 1247/1172/1134 1295/1201/1163
f 1295/1201/1163 1247/1172/1134 1294/1173/1135
f 1295/1201/1163 1294/1173/1135 1342/1202/1164
f 1342/1202/1164 1294/1173/1135 1341/1174/1136
f 1342/1202/1164 1341/1174/1136 1389/1203/1165
f 1389/1203/1165 1341/1174/1136 1388/1175/1137
f 1389/1203/1165 1388/1175/1137 1436/1204/1166
f 1436/1204/1166 1388/1175/1137 1435/1176/1138
f 1436/1204/1166 1435/1176/1138 1483/1205/1167
f 1483/1205/1167 1435/1176/1138 1482/676/638
f 1483/1205/1167 1482/676/638 1530/678/640
f 148/721/683 149/720/682 121/1206/1168
f 121/1206/1168 149/720/682 120/1177/1139
f 121/1206/1168 120/1177/1139 215/1207/1169
f 215/1207/1169 120/1177/1139 214/1178/1140
f 215/1207/1169 214/1178/1140 262/1208/1170
f 262/1208/1170 214/1178/1140 261/1179/1141
f 262/1208/1170 261/1179/1141 309/1209/1171
f 309/1209/1171 261/1179/1141 308/1180/1142
f 309/1209/1171 308/1180/1142 383/1210/1172
f 383/1210/1172 308/1180/1142 384/1181/1143
f 383/1210/1172 384/1181/1143 356/1211/1173
f 356/1211/1173 384/1181/1143 355/1182/1144
f 356/1211/1173 355/1182/1144 450/1212/1174
f 450/1212/1174 355/1182/1144 449/1183/1145
f 450/1212/1174 449/1183/1145 497/1213/1175
f 497/1213/1175 449/1183/1145 496/1184/1146
f 497/1213/1175 496/1184/1146 544/1214/1176
f 544/1214/1176 496/1184/1146 543/1185/1147
f 544/1214/1176 543/1185/1147 591/1215/1177
f 591/1215/1177 543/1185/1147 590/1186/1148
f 591/1215/1177 590/1186/1148 638/1216/1178
f 638/1216/1178 590/1186/1148 637/1187/1149
f 638/1216/1178 637/1187/1149 685/1217/1179
f 685/1217/1179 637/1187/1149 684/1188/1150
f 685/1217/1179 684/1188/1150 732/1218/1180
f 732/1218/1180 684/1188/1150 731/1189/1151
f 732/1218/1180 731/1189/1151 806/1219/1181
f 806/1219/1181 731/1189/1151 807/1190/1152
f 806/1219/1181 807/1190/1152 779/1220/1182
f 779/1220/1182 807/1190/1152 778/1191/1153
f 779/1220/1182 778/1191/1153 873/1221/1183
f 873/1221/1183 778/1191/1153 872/1192/1154
f 873/1221/1183 872/1192/1154 920/1222/1184
f 920/1222/1184 872/1192/1154 919/1193/1155
f 920/1222/1184 919/1193/1155 967/1223/1185
f 967/1223/1185 919/1193/1155 966/1194/1156
f 967/1223/1185 966/1194/1156 1014/1224/1186
f 1014/1224/1186 966/1194/1156 1013/1195/1157
f 1014/1224/1186 1013/1195/1157 1061/1225/1187
f 1061/1225/1187 1013/1195/1157 1060/1196/1158
f 1061/1225/1187 1060/1196/1158 1108/1226/1188
f 1108/1226/1188 1060/1196/1158 1107/1197/1159
f 1108/1226/1188 1107/1197/1159 1155/1227/1189
f 1155/1227/1189 1107/1197/1159 1154/1198/1160
f 1155/1227/1189 1154/1198/1160 1202/1228/1190
f 1202/1228/1190 1154/1198/1160 1201/1199/1161
f 1202/1228/1190 1201/1199/1161 1249/1229/1191
f 1249/1229/1191 1201/1199/1161 1248/1200/1162
f 1249/1229/1191 1248/1200/1162 1296/1230/1192
f 1296/1230/1192 1248/1200/1162 1295/1201/1163
f 1296/1230/1192 1295/1201/1163 1343/1231/1193
f 1343/1231/1193 1295/1201/1163 1342/1202/1164
f 1343/1231/1193 1342/1202/1164 1390/1232/1194
f 1390/1232/1194 1342/1202/1164 1389/1203/1165
f 1390/1232/1194 1389/1203/1165 1437/1233/1195
f 1437/1233/1195 1389/1203/1165 1436/1204/1166
f 1437/1233/1195 1436/1204/1166 1484/1234/1196
f 1484/1234/1196 1436/1204/1166 1483/1205/1167
f 1484/1234/1196 1483/1205/1167 1531/1235/1197
f 1531/1235/1197 1483/1205/1167 1530/678/640
f 1531/1235/1197 1530/678/640 1578/680/642
f 147/722/684 148/721/683 122/1236/1198
f 122/1236/1198 148/721/683 121/1206/1168
f 122/1236/1198 121/1206/1168 216/1237/1199
f 216/1237/1199 121/1206/1168 215/1207/1169
f 216/1237/1199 215/1207/1169 263/1238/1200
f 263/1238/1200 215/1207/1169 262/1208/1170
f 263/1238/1200 262/1208/1170 310/1239/1201
f 310/1239/1201 262/1208/1170 309/1209/1171
f 310/1239/1201 309/1209/1171 382/1240/1202
f 382/1240/1202 309/1209/1171 383/1210/1172
f 382/1240/1202 383/1210/1172 357/1241/1203
f 357/1241/1203 383/1210/1172 356/1211/1173
f 357/1241/1203 356/1211/1173 451/1242/1204
f 451/1242/1204 356/1211/1173 450/1212/1174
f 451/1242/1204 450/1212/1174 498/1243/1205
f 498/1243/1205 450/1212/1174 497/1213/1175
f 498/1243/1205 497/1213/1175 545/1244/1206
f 545/1244/1206 497/1213/1175 544/1214/1176
f 545/1244/1206 544/1214/1176 592/1245/1207
f 592/1245/1207 544/1214/1176 591/1215/1177
f 592/1245/1207 591/1215/1177 639/1246/1208
f 639/1246/1208 591/1215/1177 638/1216/1178
f 639/1246/1208 638/1216/1178 686/1247/1209
f 686/1247/1209 638/1216/1178 685/1217/1179
f 686/1247/1209 685/1217/1179 733/1248/1210
f 733/1248/1210 685/1217/1179 732/1218/1180
f 733/1248/1210 732/1218/1180 805/1249/1211
f 805/1249/1211 732/1218/1180 806/1219/1181
f 805/1249/1211 806/1219/1181 780/1250/1212
f 780/1250/1212 806/1219/1181 779/1220/1182
f 780/1250/1212 779/1220/1182 874/1251/1213
f 874/1251/1213 779/1220/1182 873/1221/1183
f 874/1251/1213 873/1221/1183 921/1252/1214
f 921/1252/1214 873/1221/1183 920/1222/1184
f 921/1252/1214 920/1222/1184 968/1253/1215
f 968/1253/1215 920/1222/1184 967/1223/1185
f 968/1253/1215 967/1223/1185 1015/1254/1216
f 1015/1254/1216 967/1223/1185 1014/1224/1186
f 1015/1254/1216 1014/1224/1186 1062/1255/1217
f 1062/1255/1217 1014/1224/1186 1061/1225/1187
f 1062/1255/1217 1061/1225/1187 1109/1256/1218
f 1109/1256/1218 1061/1225/1187 1108/1226/1188
f 1109/1256/1218 1108/1226/1188 1156/1257/1219
f 1156/1257/1219 1108/1226/1188 1155/1227/1189
f 1156/1257/1219 1155/1227/1189 1203/1258/1220
f 1203/1258/1220 1155/1227/1189 1202/1228/1190
f 1203/1258/1220 1202/1228/1190 1250/1259/1221
f 1250/1259/1221 1202/1228/1190 1249/1229/1191
f 1250/1259/1221 1249/1229/1191 1297/1260/1222
f 1297/1260/1222 1249/1229/1191 1296/1230/1192
f 1297/1260/1222 1296/1230/1192 1344/1261/1223
f 1344/1261/1223 1296/1230/1192 1343/1231/1193
f 1344/1261/1223 1343/1231/1193 1391/1262/1224
f 1391/1262/1224 1343/1231/1193 1390/1232/1194
f 1391/1262/1224 1390/1232/1194 1438/1263/1225
f 1438/1263/1225 1390/1232/1194 1437/1233/1195
f 1438/1263/1225 1437/1233/1195 1485/1264/1226
f 1485/1264/1226 1437/1233/1195 1484/1234/1196
f 1485/1264/1226 1484/1234/1196 1532/1265/1227
f 1532/1265/1227 1484/1234/1196 1531/1235/1197
f 1532/1265/1227 1531/1235/1197 1579/1266/1228
f 1579/1266/1228 1531/1235/1197 1578/680/642
f 1579/1266/1228 1578/680/642 1626/682/644
f 146/723/685 147/722/684 123/1267/1229
f 123/1267/1229 147/722/684 122/1236/1198
f 123/1267/1229 122/1236/1198 217/1268/1230
f 217/1268/1230 122/1236/1198 216/1237/1199
f 217/1268/1230 216/1237/1199 264/1269/1231
f 264/1269/1231 216/1237/1199 263/1238/1200
f 264/1269/1231 263/1238/1200 311/1270/1232
f 311/1270/1232 263/1238/1200 310/1239/1201
f 311/1270/1232 310/1239/1201 381/1271/1233
f 381/1271/1233 310/1239/1201 382/1240/1202
f 381/1271/1233 382/1240/1202 358/1272/1234
f 358/1272/1234 382/1240/1202 357/1241/1203
f 358/1272/1234 357/1241/1203 452/1273/1235
f 452/1273/1235 357/1241/1203 451/1242/1204
f 452/1273/1235 451/1242/1204 499/1274/1236
f 499/1274/1236 451/1242/1204 498/1243/1205
f 499/1274/1236 498/1243/1205 546/1275/1237
f 546/1275/1237 498/1243/1205 545/1244/1206
f 546/1275/1237 545/1244/1206 593/1276/1238
f 593/1276/1238 545/1244/1206 592/1245/1207
f 593/1276/1238 592/1245/1207 640/1277/1239
f 640/1277/1239 592/1245/1207 639/1246/1208
f 640/1277/1239 639/1246/1208 687/1278/1240
f 687/1278/1240 639/1246/1208 686/1247/1209
f 687/1278/1240 686/1247/1209 734/1279/1241
f 734/1279/1241 686/1247/1209 733/1248/1210
f 734/1279/1241 733/1248/1210 804/1280/1242
f 804/1280/1242 733/1248/1210 805/1249/1211
f 804/1280/1242 805/1249/1211 781/1281/1243
f 781/1281/1243 805/1249/1211 780/1250/1212
f 781/1281/1243 780/1250/1212 875/1282/1244
f 875/1282/1244 780/1250/1212 874/1251/1213
f 875/1282/1244 874/1251/1213 922/1283/1245
f 922/1283/1245 874/1251/1213 921/1252/1214
f 922/1283/1245 921/1252/1214 969/1284/1246
f 969/1284/1246 921/1252/1214 968/1253/1215
f 969/1284/1246 968/1253/1215 1016/1285/1247
f 1016/1285/1247 968/1253/1215 1015/1254/1216
f 1016/1285/1247 1015/1254/1216 1063/1286/1248
f 1063/1286/1248 1015/1254/1216 1062/1255/1217
f 1063/1286/1248 1062/1255/1217 1110/1287/1249
f 1110/1287/1249 1062/1255/1217 1109/1256/1218
f 1110/1287/1249 1109/1256/1218 1157/1288/1250
f 1157/1288/1250 1109/1256/1218 1156/1257/1219
f 1157/1288/1250 1156/1257/1219 1204/1289/1251
f 1204/1289/1251 1156/1257/1219 1203/1258/1220
f 1204/1289/1251 1203/1258/1220 1251/1290/1252
f 1251/1290/1252 1203/1258/1220 1250/1259/1221
f 1251/1290/1252 1250/1259/1221 1298/1291/1253
f 1298/1291/1253 1250/1259/1221 1297/1260/1222
f 1298/1291/1253 1297/1260/1222 1345/1292/1254
f 1345/1292/1254 1297/1260/1222 1344/1261/1223
f 1345/1292/1254 1344/1261/1223 1392/1293/1255
f 1392/1293/1255 1344/1261/1223 1391/1262/1224
f 1392/1293/1255 1391/1262/1224 1439/1294/1256
f 1439/1294/1256 1391/1262/1224 1438/1263/1225
f 1439/1294/1256 1438/1263/1225 1486/1295/1257
f 1486/1295/1257 1438/1263/1225 1485/1264/1226
f 1486/1295/1257 1485/1264/1226 1533/1296/1258
f 1533/1296/1258 1485/1264/1226 1532/1265/1227
f 1533/1296/1258 1532/1265/1227 1580/1297/1259
f 1580/1297/1259 1532/1265/1227 1579/1266/1228
f 1580/1297/1259 1579/1266/1228 1627/1298/1260
f 1627/1298/1260 1579/1266/1228 1626/682/644
f 1627/1298/1260 1626/682/644 1674/684/646
f 145/724/686 146/723/685 124/1299/1261
f 124/1299/1261 146/723/685 123/1267/1229
f 124/1299/1261 123/1267/1229 218/1300/1262
f 218/1300/1262 123/1267/1229 217/1268/1230
f 218/1300/1262 217/1268/1230 265/1301/1263
f 265/1301/1263 217/1268/1230 264/1269/1231
f 265/1301/1263 264/1269/1231 312/1302/1264
f 312/1302/1264 264/1269/1231 311/1270/1232
f 312/1302/1264 311/1270/1232 380/1303/1265
f 380/1303/1265 311/1270/1232 381/1271/1233
f 380/1303/1265 381/1271/1233 359/1304/1266
f 359/1304/1266 381/1271/1233 358/1272/1234
f 359/1304/1266 358/1272/1234 453/1305/1267
f 453/1305/1267 358/1272/1234 452/1273/1235
f 453/1305/1267 452/1273/1235 500/1306/1268
f 500/1306/1268 452/1273/1235 499/1274/1236
f 500/1306/1268 499/1274/1236 547/1307/1269
f 547/1307/1269 499/1274/1236 546/1275/1237
f 547/1307/1269 546/1275/1237 594/1308/1270
f 594/1308/1270 546/1275/1237 593/1276/1238
f 594/1308/1270 593/1276/1238 641/1309/1271
f 641/1309/1271 593/1276/1238 640/1277/1239
f 641/1309/1271 640/1277/1239 688/1310/1272
f 688/1310/1272 640/1277/1239 687/1278/1240
f 688/1310/1272 687/1278/1240 735/1311/1273
f 735/1311/1273 687/1278/1240 734/1279/1241
f 735/1311/1273 734/1279/1241 803/1312/1274
f 803/1312/1274 734/1279/1241 804/1280/1242
f 803/1312/1274 804/1280/1242 782/1313/1275
f 782/1313/1275 804/1280/1242 781/1281/1243
f 782/1313/1275 781/1281/1243 876/1314/1276
f 876/1314/1276 781/1281/1243 875/1282/1244
f 876/1314/1276 875/1282/1244 923/1315/1277
f 923/1315/1277 875/1282/1244 922/1283/1245
f 923/1315/1277 922/1283/1245 970/1316/1278
f 970/1316/1278 922/1283/1245 969/1284/1246
f 970/1316/1278 969/1284/1246 1017/1317/1279
f 1017/1317/1279 969/1284/1246 1016/1285/1247
f 1017/1317/1279 1016/1285/1247 1064/1318/1280
f 1064/1318/1280 1016/1285/1247 1063/1286/1248
f 1064/1318/1280 1063/1286/1248 1111/1319/1281
f 1111/1319/1281 1063/1286/1248 1110/1287/1249
f 1111/1319/1281 1110/1287/1249 1158/1320/1282
f 1158/1320/1282 1110/1287/1249 1157/1288/1250
f 1158/1320/1282 1157/1288/1250 1205/1321/1283
f 1205/1321/1283 1157/1288/1250 1204/1289/1251
f 1205/1321/1283 1204/1289/1251 1252/1322/1284
f 1252/1322/1284 1204/1289/1251 1251/1290/1252
f 1252/1322/1284 1251/1290/1252 1299/1323/1285
f 1299/1323/1285 1251/1290/1252 1298/1291/1253
f 1299/1323/1285 1298/1291/1253 1346/1324/1286
f 1346/1324/1286 1298/1291/1253 1345/1292/1254
f 1346/1324/1286 1345/1292/1254 1393/1325/1287
f 1393/1325/1287 1345/1292/1254 1392/1293/1255
f 1393/1325/1287 1392/1293/1255 1440/1326/1288
f 1440/1326/1288 1392/1293/1255 1439/1294/1256
f 1440/1326/1288 1439/1294/1256 1487/1327/1289
f 1487/1327/1289 1439/1294/1256 1486/1295/1257
f 1487/1327/1289 1486/1295/1257 1534/1328/1290
f 1534/1328/1290 1486/1295/1257 1533/1296/1258
f 1534/1328/1290 1533/1296/1258 1581/1329/1291
f 1581/1329/1291 1533/1296/1258 1580/1297/1259
f 1581/1329/1291 1580/1297/1259 1628/1330/1292
f 1628/1330/1292 1580/1297/1259 1627/1298/1260
f 1628/1330/1292 1627/1298/1260 1675/1331/1293
f 1675/1331/1293 1627/1298/1260 1674/684/646
f 1675/1331/1293 1674/684/646 1722/686/648
f 144/725/687 145/724/686 125/1332/1294
f 125/1332/1294 145/724/686 124/1299/1261
f 125/1332/1294 124/1299/1261 219/1333/1295
f 219/1333/1295 124/1299/1261 218/1300/1262
f 219/1333/1295 218/1300/1262 266/1334/1296
f 266/1334/1296 218/1300/1262 265/1301/1263
f 266/1334/1296 265/1301/1263 313/1335/1297
f 313/1335/1297 265/1301/1263 312/1302/1264
f 313/1335/1297 312/1302/1264 379/1336/1298
f 379/1336/1298 312/1302/1264 380/1303/1265
f 379/1336/1298 380/1303/1265 360/1337/1299
f 360/1337/1299 380/1303/1265 359/1304/1266
f 360/1337/1299 359/1304/1266 454/1338/1300
f 454/1338/1300 359/1304/1266 453/1305/1267
f 454/1338/1300 453/1305/1267 501/1339/1301
f 501/1339/1301 453/1305/1267 500/1306/1268
f 501/1339/1301 500/1306/1268 548/1340/1302
f 548/1340/1302 500/1306/1268 547/1307/1269
f 548/1340/1302 547/1307/1269 595/1341/1303
f 595/1341/1303 547/1307/1269 594/1308/1270
f 595/1341/1303 594/1308/1270 642/1342/1304
f 642/1342/1304 594/1308/1270 641/1309/1271
f 642/1342/1304 641/1309/1271 689/1343/1305
f 689/1343/1305 641/1309/1271 688/1310/1272
f 689/1343/1305 688/1310/1272 736/1344/1306
f 736/1344/1306 688/1310/1272 735/1311/1273
f 736/1344/1306 735/1311/1273 802/1345/1307
f 802/1345/1307 735/1311/1273 803/1312/1274
f 802/1345/1307 803/1312/1274 783/1346/1308
f 783/1346/1308 803/1312/1274 782/1313/1275
f 783/1346/1308 782/1313/1275 877/1347/1309
f 877/1347/1309 782/1313/1275 876/1314/1276
f 877/1347/1309 876/1314/1276 924/1348/1310
f 924/1348/1310 876/1314/1276 923/1315/1277
f 924/1348/1310 923/1315/1277 971/1349/1311
f 971/1349/1311 923/1315/1277 970/1316/1278
f 971/1349/1311 970/1316/1278 1018/1350/1312
f 1018/1350/1312 970/1316/1278 1017/1317/1279
f 1018/1350/1312 1017/1317/1279 1065/1351/1313
f 1065/1351/1313 1017/1317/1279 1064/1318/1280
f 1065/1351/1313 1064/1318/1280 1112/1352/1314
f 1112/1352/1314 1064/1318/1280 1111/1319/1281
f 1112/1352/1314 1111/1319/1281 1159/1353/1315
f 1159/1353/1315 1111/1319/1281 1158/1320/1282
f 1159/1353/1315 1158/1320/1282 1206/1354/1316
f 1206/1354/1316 1158/1320/1282 1205/1321/1283
f 1206/1354/1316 1205/1321/1283 1253/1355/1317
f 1253/1355/1317 1205/1321/1283 1252/1322/1284
f 1253/1355/1317 1252/1322/1284 1300/1356/1318
f 1300/1356/1318 1252/1322/1284 1299/1323/1285
f 1300/1356/1318 1299/1323/1285 1347/1357/1319
f 1347/1357/1319 1299/1323/1285 1346/1324/1286
f 1347/1357/1319 1346/1324/1286 1394/1358/1320
f 1394/1358/1320 1346/1324/1286 1393/1325/1287
f 1394/1358/1320 1393/1325/1287 1441/1359/1321
f 1441/1359/1321 1393/1325/1287 1440/1326/1288
f 1441/1359/1321 1440/1326/1288 1488/1360/1322
f 1488/1360/1322 1440/1326/1288 1487/1327/1289
f 1488/1360/1322 1487/1327/1289 1535/1361/1323
f 1535/1361/1323 1487/1327/1289 1534/1328/1290
f 1535/1361/1323 1534/1328/1290 1582/1362/1324
f 1582/1362/1324 1534/1328/1290 1581/1329/1291
f 1582/1362/1324 1581/1329/1291 1629/1363/1325
f 1629/1363/1325 1581/1329/1291 1628/1330/1292
f 1629/1363/1325 1628/1330/1292 1676/1364/1326
f 1676/1364/1326 1628/1330/1292 1675/1331/1293
f 1676/1364/1326 1675/1331/1293 1723/1365/1327
f 1723/1365/1327 1675/1331/1293 1722/686/648
f 1723/1365/1327 1722/686/648 1770/688/650
f 143/726/688 144/725/687 126/1366/1328
f 126/1366/1328 144/725/687 125/1332/1294
f 126/1366/1328 125/1332/1294 220/1367/1329
f 220/1367/1329 125/1332/1294 219/1333/1295
f 220/1367/1329 219/1333/1295 267/1368/1330
f 267/1368/1330 219/1333/1295 266/1334/1296
f 267/1368/1330 266/1334/1296 314/1369/1331
f 314/1369/1331 266/1334/1296 313/1335/1297
f 314/1369/1331 313/1335/1297 378/1370/1332
f 378/1370/1332 313/1335/1297 379/1336/1298
f 378/1370/1332 379/1336/1298 361/1371/1333
f 361/1371/1333 379/1336/1298 360/1337/1299
f 361/1371/1333 360/1337/1299 455/1372/1334
f 455/1372/1334 360/1337/1299 454/1338/1300
f 455/1372/1334 454/1338/1300 502/1373/1335
f 502/1373/1335 454/1338/1300 501/1339/1301
f 502/1373/1335 501/1339/1301 549/1374/1336
f 549/1374/1336 501/1339/1301 548/1340/1302
f 549/1374/1336 548/1340/1302 596/1375/1337
f 596/1375/1337 548/1340/1302 595/1341/1303
f 596/1375/1337 595/1341/1303 643/1376/1338
f 643/1376/1338 595/1341/1303 642/1342/1304
f 643/1376/1338 642/1342/1304 690/1377/1339
f 690/1377/1339 642/1342/1304 689/1343/1305
f 690/1377/1339 689/1343/1305 737/1378/1340
f 737/1378/1340 689/1343/1305 736/1344/1306
f 737/1378/1340 736/1344/1306 801/1379/1341
f 801/1379/1341 736/1344/1306 802/1345/1307
f 801/1379/1341 802/1345/1307 784/1380/1342
f 784/1380/1342 802/1345/1307 783/1346/1308
f 784/1380/1342 783/1346/1308 878/1381/1343
f 878/1381/1343 783/1346/1308 877/1347/1309
f 878/1381/1343 877/1347/1309 925/1382/1344
f 925/1382/1344 877/1347/1309 924/1348/1310
f 925/1382/1344 924/1348/1310 972/1383/1345
f 972/1383/1345 924/1348/1310 971/1349/1311
f 972/1383/1345 971/1349/1311 1019/1384/1346
f 1019/1384/1346 971/1349/1311 1018/1350/1312
f 1019/1384/1346 1018/1350/1312 1066/1385/1347
f 1066/1385/1347 1018/1350/1312 1065/1351/1313
f 1066/1385/1347 1065/1351/1313 1113/1386/1348
f 1113/1386/1348 1065/1351/1313 1112/1352/1314
f 1113/1386/1348 1112/1352/1314 1160/1387/1349
f 1160/1387/1349 1112/1352/1314 1159/1353/1315
f 1160/1387/1349 1159/1353/1315 1207/1388/1350
f 1207/1388/1350 1159/1353/1315 1206/1354/1316
f 1207/1388/1350 1206/1354/1316 1254/1389/1351
f 1254/1389/1351 1206/1354/1316 1253/1355/1317
f 1254/1389/1351 1253/1355/1317 1301/1390/1352
f 1301/1390/1352 1253/1355/1317 1300/1356/1318
f 1301/1390/1352 1300/1356/1318 1348/1391/1353
f 1348/1391/1353 1300/1356/1318 1347/1357/1319
f 1348/1391/1353 1347/1357/1319 1395/1392/1354
f 1395/1392/1354 1347/1357/1319 1394/1358/1320
f 1395/1392/1354 1394/1358/1320 1442/1393/1355
f 1442/1393/1355 1394/1358/1320 1441/1359/1321
f 1442/1393/1355 1441/1359/1321 1489/1394/1356
f 1489/1394/1356 1441/1359/1321 1488/1360/1322
f 1489/1394/1356 1488/1360/1322 1536/1395/1357
f 1536/1395/1357 1488/1360/1322 1535/1361/1323
f 1536/1395/1357 1535/1361/1323 1583/1396/1358
f 1583/1396/1358 1535/1361/1323 1582/1362/1324
f 1583/1396/1358 1582/1362/1324 1630/1397/1359
f 1630/1397/1359 1582/1362/1324 1629/1363/1325
f 1630/1397/1359 1629/1363/1325 1677/1398/1360
f 1677/1398/1360 1629/1363/1325 1676/1364/1326
f 1677/1398/1360 1676/1364/1326 1724/1399/1361
f 1724/1399/1361 1676/1364/1326 1723/1365/1327
f 1724/1399/1361 1723/1365/1327 1771/1400/1362
f 1771/1400/1362 1723/1365/1327 1770/688/650
f 1771/1400/1362 1770/688/650 1818/690/652
f 142/727/689 143/726/688 127/1401/1363
f 127/1401/1363 143/726/688 126/1366/1328
f 127/1401/1363 126/1366/1328 221/1402/1364
f 221/1402/1364 126/1366/1328 220/1367/1329
f 221/1402/1364 220/1367/1329 268/1403/1365
f 268/1403/1365 220/1367/1329 267/1368/1330
f 268/1403/1365 267/1368/1330 315/1404/1366
f 315/1404/1366 267/1368/1330 314/1369/1331
f 315/1404/1366 314/1369/1331 377/1405/1367
f 377/1405/1367 314/1369/1331 378/1370/1332
f 377/1405/1367 378/1370/1332 362/1406/1368
f 362/1406/1368 378/1370/1332 361/1371/1333
f 362/1406/1368 361/1371/1333 456/1407/1369
f 456/1407/1369 361/1371/1333 455/1372/1334
f 456/1407/1369 455/1372/1334 503/1408/1370
f 503/1408/1370 455/1372/1334 502/1373/1335
f 503/1408/1370 502/1373/1335 550/1409/1371
f 550/1409/1371 502/1373/1335 549/1374/1336
f 550/1409/1371 549/1374/1336 597/1410/1372
f 597/1410/1372 549/1374/1336 596/1375/1337
f 597/1410/1372 596/1375/1337 644/1411/1373
f 644/1411/1373 596/1375/1337 643/1376/1338
f 644/1411/1373 643/1376/1338 691/1412/1374
f 691/1412/1374 643/1376/1338 690/1377/1339
f 691/1412/1374 690/1377/1339 738/1413/1375
f 738/1413/1375 690/1377/1339 737/1378/1340
f 738/1413/1375 737/1378/1340 800/1414/1376
f 800/1414/1376 737/1378/1340 801/1379/1341
f 800/1414/1376 801/1379/1341 785/1415/1377
f 785/1415/1377 801/1379/1341 784/1380/1342
f 785/1415/1377 784/1380/1342 879/1416/1378
f 879/1416/1378 784/1380/1342 878/1381/1343
f 879/1416/1378 878/1381/1343 926/1417/1379
f 926/1417/1379 878/1381/1343 925/1382/1344
f 926/1417/1379 925/1382/1344 973/1418/1380
f 973/1418/1380 925/1382/1344 972/1383/1345
f 973/1418/1380 972/1383/1345 1020/1419/1381
f 1020/1419/1381 972/1383/1345 1019/1384/1346
f 1020/1419/1381 1019/1384/1346 1067/1420/1382
f 1067/1420/1382 1019/1384/1346 1066/1385/1347
f 1067/1420/1382 1066/1385/1347 1114/1421/1383
f 1114/1421/1383 1066/1385/1347 1113/1386/1348
f 1114/1421/1383 1113/1386/1348 1161/1422/1384
f 1161/1422/1384 1113/1386/1348 1160/1387/1349
f 1161/1422/1384 1160/1387/1349 1208/1423/1385
f 1208/1423/1385 1160/1387/1349 1207/1388/1350
f 1208/1423/1385 1207/1388/1350 1255/1424/1386
f 1255/1424/1386 1207/1388/1350 1254/1389/1351
f 1255/1424/1386 1254/1389/1351 1302/1425/1387
f 1302/1425/1387 1254/1389/1351 1301/1390/1352
f 1302/1425/1387 1301/1390/1352 1349/1426/1388
f 1349/1426/1388 1301/1390/1352 1348/1391/1353
f 1349/1426/1388 1348/1391/1353 1396/1427/1389
f 1396/1427/1389 1348/1391/1353 1395/1392/1354
f 1396/1427/1389 1395/1392/1354 1443/1428/1390
f 1443/1428/1390 1395/1392/1354 1442/1393/1355
f 1443/1428/1390 1442/1393/1355 1490/1429/1391
f 1490/1429/1391 1442/1393/1355 1489/1394/1356
f 1490/1429/1391 1489/1394/1356 1537/1430/1392
f 1537/1430/1392 1489/1394/1356 1536/1395/1357
f 1537/1430/1392 1536/1395/1357 1584/1431/1393
f 1584/1431/1393 1536/1395/1357 1583/1396/1358
f 1584/1431/1393 1583/1396/1358 1631/1432/1394
f 1631/1432/1394 1583/1396/1358 1630/1397/1359
f 1631/1432/1394 1630/1397/1359 1678/1433/1395
f 1678/1433/1395 1630/1397/1359 1677/1398/1360
f 1678/1433/1395 1677/1398/1360 1725/1434/1396
f 1725/1434/1396 1677/1398/1360 1724/1399/1361
f 1725/1434/1396 1724/1399/1361 1772/1435/1397
f 1772/1435/1397 1724/1399/1361 1771/1400/1362
f 1772/1435/1397 1771/1400/1362 1819/1436/1398
f 1819/1436/1398 1771/1400/1362 1818/690/652
f 1819/1436/1398 1818/690/652 1866/527/489
f 141/728/690 142/727/689 128/1437/1399
f 128/1437/1399 142/727/689 127/1401/1363
f 128/1437/1399 127/1401/1363 222/1438/1400
f 222/1438/1400 127/1401/1363 221/1402/1364
f 222/1438/1400 221/1402/1364 269/1439/1401
f 269/1439/1401 221/1402/1364 268/1403/1365
f 269/1439/1401 268/1403/1365 316/1440/1402
f 316/1440/1402 268/1403/1365 315/1404/1366
f 316/1440/1402 315/1404/1366 376/1441/1403
f 376/1441/1403 315/1404/1366 377/1405/1367
f 376/1441/1403 377/1405/1367 363/1442/1404
f 363/1442/1404 377/1405/1367 362/1406/1368
f 363/1442/1404 362/1406/1368 457/1443/1405
f 457/1443/1405 362/1406/1368 456/1407/1369
f 457/1443/1405 456/1407/1369 504/1444/1406
f 504/1444/1406 456/1407/1369 503/1408/1370
f 504/1444/1406 503/1408/1370 551/1445/1407
f 551/1445/1407 503/1408/1370 550/1409/1371
f 551/1445/1407 550/1409/1371 598/1446/1408
f 598/1446/1408 550/1409/1371 597/1410/1372
f 598/1446/1408 597/1410/1372 645/1447/1409
f 645/1447/1409 597/1410/1372 644/1411/1373
f 645/1447/1409 644/1411/1373 692/1448/1410
f 692/1448/1410 644/1411/1373 691/1412/1374
f 692/1448/1410 691/1412/1374 739/1449/1411
f 739/1449/1411 691/1412/1374 738/1413/1375
f 739/1449/1411 738/1413/1375 799/1450/1412
f 799/1450/1412 738/1413/1375 800/1414/1376
f 799/1450/1412 800/1414/1376 786/1451/1413
f 786/1451/1413 800/1414/1376 785/1415/1377
f 786/1451/1413 785/1415/1377 880/1452/1414
f 880/1452/1414 785/1415/1377 879/1416/1378
f 880/1452/1414 879/1416/1378 927/1453/1415
f 927/1453/1415 879/1416/1378 926/1417/1379
f 927/1453/1415 926/1417/1379 974/1454/1416
f 974/1454/1416 926/1417/1379 973/1418/1380
f 974/1454/1416 973/1418/1380 1021/1455/1417
f 1021/1455/1417 973/1418/1380 1020/1419/1381
f 1021/1455/1417 1020/1419/1381 1068/1456/1418
f 1068/1456/1418 1020/1419/1381 1067/1420/1382
f 1068/1456/1418 1067/1420/1382 1115/1457/1419
f 1115/1457/1419 1067/1420/1382 1114/1421/1383
f 1115/1457/1419 1114/1421/1383 1162/1458/1420
f 1162/1458/1420 1114/1421/1383 1161/1422/1384
f 1162/1458/1420 1161/1422/1384 1209/1459/1421
f 1209/1459/1421 1161/1422/1384 1208/1423/1385
f 1209/1459/1421 1208/1423/1385 1256/1460/1422
f 1256/1460/1422 1208/1423/1385 1255/1424/1386
f 1256/1460/1422 1255/1424/1386 1303/1461/1423
f 1303/1461/1423 1255/1424/1386 1302/1425/1387
f 1303/1461/1423 1302/1425/1387 1350/1462/1424
f 1350/1462/1424 1302/1425/1387 1349/1426/1388
f 1350/1462/1424 1349/1426/1388 1397/1463/1425
f 1397/1463/1425 1349/1426/1388 1396/1427/1389
f 1397/1463/1425 1396/1427/1389 1444/1464/1426
f 1444/1464/1426 1396/1427/1389 1443/1428/1390
f 1444/1464/1426 1443/1428/1390 1491/1465/1427
f 1491/1465/1427 1443/1428/1390 1490/1429/1391
f 1491/1465/1427 1490/1429/1391 1538/1466/1428
f 1538/1466/1428 1490/1429/1391 1537/1430/1392
f 1538/1466/1428 1537/1430/1392 1585/1467/1429
f 1585/1467/1429 1537/1430/1392 1584/1431/1393
f 1585/1467/1429 1584/1431/1393 1632/1468/1430
f 1632/1468/1430 1584/1431/1393 1631/1432/1394
f 1632/1468/1430 1631/1432/1394 1679/1469/1431
f 1679/1469/1431 1631/1432/1394 1678/1433/1395
f 1679/1469/1431 1678/1433/1395 1726/1470/1432
f 1726/1470/1432 1678/1433/1395 1725/1434/1396
f 1726/1470/1432 1725/1434/1396 1773/1471/1433
f 1773/1471/1433 1725/1434/1396 1772/1435/1397
f 1773/1471/1433 1772/1435/1397 1820/1472/1434
f 1820/1472/1434 1772/1435/1397 1819/1436/1398
f 1820/1472/1434 1819/1436/1398 1867/529/491
f 1867/529/491 1819/1436/1398 1866/527/489
f 140/439/407 141/728/690 129/1473/1435
f 129/1473/1435 141/728/690 128/1437/1399
f 129/1473/1435 128/1437/1399 223/1474/1436
f 223/1474/1436 128/1437/1399 222/1438/1400
f 223/1474/1436 222/1438/1400 270/1475/1437
f 270/1475/1437 222/1438/1400 269/1439/1401
f 270/1475/1437 269/1439/1401 317/1476/1438
f 317/1476/1438 269/1439/1401 316/1440/1402
f 317/1476/1438 316/1440/1402 375/1477/1439
f 375/1477/1439 316/1440/1402 376/1441/1403
f 375/1477/1439 376/1441/1403 364/1478/1440
f 364/1478/1440 376/1441/1403 363/1442/1404
f 364/1478/1440 363/1442/1404 458/1479/1441
f 458/1479/1441 363/1442/1404 457/1443/1405
f 458/1479/1441 457/1443/1405 505/1480/1442
f 505/1480/1442 457/1443/1405 504/1444/1406
f 505/1480/1442 504/1444/1406 552/1481/1443
f 552/1481/1443 504/1444/1406 551/1445/1407
f 552/1481/1443 551/1445/1407 599/1482/1444
f 599/1482/1444 551/1445/1407 598/1446/1408
f 599/1482/1444 598/1446/1408 646/1483/1445
f 646/1483/1445 598/1446/1408 645/1447/1409
f 646/1483/1445 645/1447/1409 693/1484/1446
f 693/1484/1446 645/1447/1409 692/1448/1410
f 693/1484/1446 692/1448/1410 740/1485/1447
f 740/1485/1447 692/1448/1410 739/1449/1411
f 740/1485/1447 739/1449/1411 798/1486/1448
f 798/1486/1448 739/1449/1411 799/1450/1412
f 798/1486/1448 799/1450/1412 787/1487/1449
f 787/1487/1449 799/1450/1412 786/1451/1413
f 787/1487/1449 786/1451/1413 881/1488/1450
f 881/1488/1450 786/1451/1413 880/1452/1414
f 881/1488/1450 880/1452/1414 928/1489/1451
f 928/1489/1451 880/1452/1414 927/1453/1415
f 928/1489/1451 927/1453/1415 975/1490/1452
f 975/1490/1452 927/1453/1415 974/1454/1416
f 975/1490/1452 974/1454/1416 1022/1491/1453
f 1022/1491/1453 974/1454/1416 1021/1455/1417
f 1022/1491/1453 1021/1455/1417 1069/1492/1454
f 1069/1492/1454 1021/1455/1417 1068/1456/1418
f 1069/1492/1454 1068/1456/1418 1116/1493/1455
f 1116/1493/1455 1068/1456/1418 1115/1457/1419
f 1116/1493/1455 1115/1457/1419 1163/1494/1456
f 1163/1494/1456 1115/1457/1419 1162/1458/1420
f 1163/1494/1456 1162/1458/1420 1210/1495/1457
f 1210/1495/1457 1162/1458/1420 1209/1459/1421
f 1210/1495/1457 1209/1459/1421 1257/1496/1458
f 1257/1496/1458 1209/1459/1421 1256/1460/1422
f 1257/1496/1458 1256/1460/1422 1304/1497/1459
f 1304/1497/1459 1256/1460/1422 1303/1461/1423
f 1304/1497/1459 1303/1461/1423 1351/1498/1460
f 1351/1498/1460 1303/1461/1423 1350/1462/1424
f 1351/1498/1460 1350/1462/1424 1398/1499/1461
f 1398/1499/1461 1350/1462/1424 1397/1463/1425
f 1398/1499/1461 1397/1463/1425 1445/1500/1462
f 1445/1500/1462 1397/1463/1425 1444/1464/1426
f 1445/1500/1462 1444/1464/1426 1492/1501/1463
f 1492/1501/1463 1444/1464/1426 1491/1465/1427
f 1492/1501/1463 1491/1465/1427 1539/1502/1464
f 1539/1502/1464 1491/1465/1427 1538/1466/1428
f 1539/1502/1464 1538/1466/1428 1586/1503/1465
f 1586/1503/1465 1538/1466/1428 1585/1467/1429
f 1586/1503/1465 1585/1467/1429 1633/1504/1466
f 1633/1504/1466 1585/1467/1429 1632/1468/1430
f 1633/1504/1466 1632/1468/1430 1680/1505/1467
f 1680/1505/1467 1632/1468/1430 1679/1469/1431
f 1680/1505/1467 1679/1469/1431 1727/1506/1468
f 1727/1506/1468 1679/1469/1431 1726/1470/1432
f 1727/1506/1468 1726/1470/1432 1774/1507/1469
f 1774/1507/1469 1726/1470/1432 1773/1471/1433
f 1774/1507/1469 1773/1471/1433 1821/1508/1470
f 1821/1508/1470 1773/1471/1433 1820/1472/1434
f 1821/1508/1470 1820/1472/1434 1868/531/493
f 1868/531/493 1820/1472/1434 1867/529/491
f 140/439/407 129/1473/1435 130/437/405
f 130/437/405 129/1473/1435 224/1509/1471
f 130/437/405 224/1509/1471 225/435/403
f 225/435/403 224/1509/1471 272/1510/1472
f 225/435/403 272/1510/1472 273/433/401
f 273/433/401 272/1510/1472 320/1511/1473
f 273/433/401 320/1511/1473 321/431/399
f 321/431/399 320/1511/1473 371/1512/1474
f 321/431/399 371/1512/1474 370/429/397
f 370/429/397 371/1512/1474 369/427/396
f 224/1509/1471 129/1473/1435 223/1474/1436
f 89/731/693 183/767/729 184/732/694
f 184/732/694 183/767/729 231/1513/1475
f 184/732/694 231/1513/1475 232/733/695
f 232/733/695 231/1513/1475 279/1514/1476
f 232/733/695 279/1514/1476 280/734/696
f 280/734/696 279/1514/1476 412/1515/1477
f 280/734/696 412/1515/1477 411/735/697
f 411/735/697 412/1515/1477 328/1516/1478
f 411/735/697 328/1516/1478 329/736/698
f 329/736/698 328/1516/1478 423/1517/1479
f 329/736/698 423/1517/1479 424/737/699
f 424/737/699 423/1517/1479 471/1518/1480
f 424/737/699 471/1518/1480 472/738/700
f 472/738/700 471/1518/1480 519/1519/1481
f 472/738/700 519/1519/1481 520/739/701
f 520/739/701 519/1519/1481 567/1520/1482
f 520/739/701 567/1520/1482 568/740/702
f 568/740/702 567/1520/1482 615/1521/1483
f 568/740/702 615/1521/1483 616/741/703
f 616/741/703 615/1521/1483 663/1522/1484
f 616/741/703 663/1522/1484 664/742/704
f 664/742/704 663/1522/1484 711/1523/1485
f 664/742/704 711/1523/1485 712/743/705
f 712/743/705 711/1523/1485 826/1524/1486
f 712/743/705 826/1524/1486 825/744/706
f 825/744/706 826/1524/1486 760/1525/1487
f 825/744/706 760/1525/1487 761/745/707
f 761/745/707 760/1525/1487 855/1526/1488
f 761/745/707 855/1526/1488 856/746/708
f 856/746/708 855/1526/1488 903/1527/1489
f 856/746/708 903/1527/1489 904/747/709
f 904/747/709 903/1527/1489 951/1528/1490
f 904/747/709 951/1528/1490 952/748/710
f 952/748/710 951/1528/1490 999/1529/1491
f 952/748/710 999/1529/1491 1000/749/711
f 1000/749/711 999/1529/1491 1047/1530/1492
f 1000/749/711 1047/1530/1492 1048/750/712
f 1048/750/712 1047/1530/1492 1095/1531/1493
f 1048/750/712 1095/1531/1493 1096/751/713
f 1096/751/713 1095/1531/1493 1143/1532/1494
f 1096/751/713 1143/1532/1494 1144/752/714
f 1144/752/714 1143/1532/1494 1191/1533/1495
f 1144/752/714 1191/1533/1495 1192/753/715
f 1192/753/715 1191/1533/1495 1239/1534/1496
f 1192/753/715 1239/1534/1496 1240/754/716
f 1240/754/716 1239/1534/1496 1287/1535/1497
f 1240/754/716 1287/1535/1497 1288/755/717
f 1288/755/717 1287/1535/1497 1335/1536/1498
f 1288/755/717 1335/1536/1498 1336/756/718
f 1336/756/718 1335/1536/1498 1383/1537/1499
f 1336/756/718 1383/1537/1499 1384/757/719
f 1384/757/719 1383/1537/1499 1431/1538/1500
f 1384/757/719 1431/1538/1500 1432/758/720
f 1432/758/720 1431/1538/1500 1479/1539/1501
f 1432/758/720 1479/1539/1501 1480/759/721
f 1480/759/721 1479/1539/1501 1527/1540/1502
f 1480/759/721 1527/1540/1502 1528/760/722
f 1528/760/722 1527/1540/1502 1575/1541/1503
f 1528/760/722 1575/1541/1503 1576/761/723
f 1576/761/723 1575/1541/1503 1623/1542/1504
f 1576/761/723 1623/1542/1504 1624/762/724
f 1624/762/724 1623/1542/1504 1671/1543/1505
f 1624/762/724 1671/1543/1505 1672/763/725
f 1672/763/725 1671/1543/1505 1719/1544/1506
f 1672/763/725 1719/1544/1506 1720/764/726
f 1720/764/726 1719/1544/1506 1767/1545/1507
f 1720/764/726 1767/1545/1507 1768/765/727
f 1768/765/727 1767/1545/1507 1815/1546/1508
f 1768/765/727 1815/1546/1508 1816/766/728
f 1816/766/728 1815/1546/1508 1863/521/483
f 1816/766/728 1863/521/483 1864/523/485
f 231/1513/1475 183/767/729 230/768/730
f 224/1509/1471 223/1474/1436 271/1547/1509
f 271/1547/1509 223/1474/1436 270/1475/1437
f 271/1547/1509 270/1475/1437 318/1548/1510
f 318/1548/1510 270/1475/1437 317/1476/1438
f 318/1548/1510 317/1476/1438 374/1549/1511
f 374/1549/1511 317/1476/1438 375/1477/1439
f 374/1549/1511 375/1477/1439 365/1550/1512
f 365/1550/1512 375/1477/1439 364/1478/1440
f 365/1550/1512 364/1478/1440 459/1551/1513
f 459/1551/1513 364/1478/1440 458/1479/1441
f 459/1551/1513 458/1479/1441 506/1552/1514
f 506/1552/1514 458/1479/1441 505/1480/1442
f 506/1552/1514 505/1480/1442 553/1553/1515
f 553/1553/1515 505/1480/1442 552/1481/1443
f 553/1553/1515 552/1481/1443 600/1554/1516
f 600/1554/1516 552/1481/1443 599/1482/1444
f 600/1554/1516 599/1482/1444 647/1555/1517
f 647/1555/1517 599/1482/1444 646/1483/1445
f 647/1555/1517 646/1483/1445 694/1556/1518
f 694/1556/1518 646/1483/1445 693/1484/1446
f 694/1556/1518 693/1484/1446 741/1557/1519
f 741/1557/1519 693/1484/1446 740/1485/1447
f 741/1557/1519 740/1485/1447 797/1558/1520
f 797/1558/1520 740/1485/1447 798/1486/1448
f 797/1558/1520 798/1486/1448 788/1559/1521
f 788/1559/1521 798/1486/1448 787/1487/1449
f 788/1559/1521 787/1487/1449 882/1560/1522
f 882/1560/1522 787/1487/1449 881/1488/1450
f 882/1560/1522 881/1488/1450 929/1561/1523
f 929/1561/1523 881/1488/1450 928/1489/1451
f 929/1561/1523 928/1489/1451 976/1562/1524
f 976/1562/1524 928/1489/1451 975/1490/1452
f 976/1562/1524 975/1490/1452 1023/1563/1525
f 1023/1563/1525 975/1490/1452 1022/1491/1453
f 1023/1563/1525 1022/1491/1453 1070/1564/1526
f 1070/1564/1526 1022/1491/1453 1069/1492/1454
f 1070/1564/1526 1069/1492/1454 1117/1565/1527
f 1117/1565/1527 1069/1492/1454 1116/1493/1455
f 1117/1565/1527 1116/1493/1455 1164/1566/1528
f 1164/1566/1528 1116/1493/1455 1163/1494/1456
f 1164/1566/1528 1163/1494/1456 1211/1567/1529
f 1211/1567/1529 1163/1494/1456 1210/1495/1457
f 1211/1567/1529 1210/1495/1457 1258/1568/1530
f 1258/1568/1530 1210/1495/1457 1257/1496/1458
f 1258/1568/1530 1257/1496/1458 1305/1569/1531
f 1305/1569/1531 1257/1496/1458 1304/1497/1459
f 1305/1569/1531 1304/1497/1459 1352/1570/1532
f 1352/1570/1532 1304/1497/1459 1351/1498/1460
f 1352/1570/1532 1351/1498/1460 1399/1571/1533
f 1399/1571/1533 1351/1498/1460 1398/1499/1461
f 1399/1571/1533 1398/1499/1461 1446/1572/1534
f 1446/1572/1534 1398/1499/1461 1445/1500/1462
f 1446/1572/1534 1445/1500/1462 1493/1573/1535
f 1493/1573/1535 1445/1500/1462 1492/1501/1463
f 1493/1573/1535 1492/1501/1463 1540/1574/1536
f 1540/1574/1536 1492/1501/1463 1539/1502/1464
f 1540/1574/1536 1539/1502/1464 1587/1575/1537
f 1587/1575/1537 1539/1502/1464 1586/1503/1465
f 1587/1575/1537 1586/1503/1465 1634/1576/1538
f 1634/1576/1538 1586/1503/1465 1633/1504/1466
f 1634/1576/1538 1633/1504/1466 1681/1577/1539
f 1681/1577/1539 1633/1504/1466 1680/1505/1467
f 1681/1577/1539 1680/1505/1467 1728/1578/1540
f 1728/1578/1540 1680/1505/1467 1727/1506/1468
f 1728/1578/1540 1727/1506/1468 1775/1579/1541
f 1775/1579/1541 1727/1506/1468 1774/1507/1469
f 1775/1579/1541 1774/1507/1469 1822/1580/1542
f 1822/1580/1542 1774/1507/1469 1821/1508/1470
f 1822/1580/1542 1821/1508/1470 1869/533/495
f 1869/533/495 1821/1508/1470 1868/531/493
f 231/1513/1475 230/768/730 278/1581/1543
f 278/1581/1543 230/768/730 277/769/731
f 278/1581/1543 277/769/731 414/1582/1544
f 414/1582/1544 277/769/731 415/770/732
f 414/1582/1544 415/770/732 325/1583/1545
f 325/1583/1545 415/770/732 324/17/17
f 325/1583/1545 324/17/17 419/19/19
f 224/1509/1471 271/1547/1509 272/1510/1472
f 272/1510/1472 271/1547/1509 319/1584/1546
f 272/1510/1472 319/1584/1546 320/1511/1473
f 320/1511/1473 319/1584/1546 372/1585/1547
f 320/1511/1473 372/1585/1547 371/1512/1474
f 371/1512/1474 372/1585/1547 368/1586/1548
f 371/1512/1474 368/1586/1548 369/427/396
f 369/427/396 368/1586/1548 463/425/395
f 319/1584/1546 271/1547/1509 318/1548/1510
f 231/1513/1475 278/1581/1543 279/1514/1476
f 279/1514/1476 278/1581/1543 413/1587/1549
f 279/1514/1476 413/1587/1549 412/1515/1477
f 412/1515/1477 413/1587/1549 327/1588/1550
f 412/1515/1477 327/1588/1550 328/1516/1478
f 328/1516/1478 327/1588/1550 422/1589/1551
f 328/1516/1478 422/1589/1551 423/1517/1479
f 423/1517/1479 422/1589/1551 470/1590/1552
f 423/1517/1479 470/1590/1552 471/1518/1480
f 471/1518/1480 470/1590/1552 518/1591/1553
f 471/1518/1480 518/1591/1553 519/1519/1481
f 519/1519/1481 518/1591/1553 566/1592/1554
f 519/1519/1481 566/1592/1554 567/1520/1482
f 567/1520/1482 566/1592/1554 614/1593/1555
f 567/1520/1482 614/1593/1555 615/1521/1483
f 615/1521/1483 614/1593/1555 662/1594/1556
f 615/1521/1483 662/1594/1556 663/1522/1484
f 663/1522/1484 662/1594/1556 710/1595/1557
f 663/1522/1484 710/1595/1557 711/1523/1485
f 711/1523/1485 710/1595/1557 827/1596/1558
f 711/1523/1485 827/1596/1558 826/1524/1486
f 826/1524/1486 827/1596/1558 759/1597/1559
f 826/1524/1486 759/1597/1559 760/1525/1487
f 760/1525/1487 759/1597/1559 854/1598/1560
f 760/1525/1487 854/1598/1560 855/1526/1488
f 855/1526/1488 854/1598/1560 902/1599/1561
f 855/1526/1488 902/1599/1561 903/1527/1489
f 903/1527/1489 902/1599/1561 950/1600/1562
f 903/1527/1489 950/1600/1562 951/1528/1490
f 951/1528/1490 950/1600/1562 998/1601/1563
f 951/1528/1490 998/1601/1563 999/1529/1491
f 999/1529/1491 998/1601/1563 1046/1602/1564
f 999/1529/1491 1046/1602/1564 1047/1530/1492
f 1047/1530/1492 1046/1602/1564 1094/1603/1565
f 1047/1530/1492 1094/1603/1565 1095/1531/1493
f 1095/1531/1493 1094/1603/1565 1142/1604/1566
f 1095/1531/1493 1142/1604/1566 1143/1532/1494
f 1143/1532/1494 1142/1604/1566 1190/1605/1567
f 1143/1532/1494 1190/1605/1567 1191/1533/1495
f 1191/1533/1495 1190/1605/1567 1238/1606/1568
f 1191/1533/1495 1238/1606/1568 1239/1534/1496
f 1239/1534/1496 1238/1606/1568 1286/1607/1569
f 1239/1534/1496 1286/1607/1569 1287/1535/1497
f 1287/1535/1497 1286/1607/1569 1334/1608/1570
f 1287/1535/1497 1334/1608/1570 1335/1536/1498
f 1335/1536/1498 1334/1608/1570 1382/1609/1571
f 1335/1536/1498 1382/1609/1571 1383/1537/1499
f 1383/1537/1499 1382/1609/1571 1430/1610/1572
f 1383/1537/1499 1430/1610/1572 1431/1538/1500
f 1431/1538/1500 1430/1610/1572 1478/1611/1573
f 1431/1538/1500 1478/1611/1573 1479/1539/1501
f 1479/1539/1501 1478/1611/1573 1526/1612/1574
f 1479/1539/1501 1526/1612/1574 1527/1540/1502
f 1527/1540/1502 1526/1612/1574 1574/1613/1575
f 1527/1540/1502 1574/1613/1575 1575/1541/1503
f 1575/1541/1503 1574/1613/1575 1622/1614/1576
f 1575/1541/1503 1622/1614/1576 1623/1542/1504
f 1623/1542/1504 1622/1614/1576 1670/1615/1577
f 1623/1542/1504 1670/1615/1577 1671/1543/1505
f 1671/1543/1505 1670/1615/1577 1718/1616/1578
f 1671/1543/1505 1718/1616/1578 1719/1544/1506
f 1719/1544/1506 1718/1616/1578 1766/1617/1579
f 1719/1544/1506 1766/1617/1579 1767/1545/1507
f 1767/1545/1507 1766/1617/1579 1814/1618/1580
f 1767/1545/1507 1814/1618/1580 1815/1546/1508
f 1815/1546/1508 1814/1618/1580 1862/519/481
f 1815/1546/1508 1862/519/481 1863/521/483
f 413/1587/1549 278/1581/1543 414/1582/1544
f 319/1584/1546 318/1548/1510 373/1619/1581
f 373/1619/1581 318/1548/1510 374/1549/1511
f 373/1619/1581 374/1549/1511 366/1620/1582
f 366/1620/1582 374/1549/1511 365/1550/1512
f 366/1620/1582 365/1550/1512 460/1621/1583
f 460/1621/1583 365/1550/1512 459/1551/1513
f 460/1621/1583 459/1551/1513 507/1622/1584
f 507/1622/1584 459/1551/1513 506/1552/1514
f 507/1622/1584 506/1552/1514 554/1623/1585
f 554/1623/1585 506/1552/1514 553/1553/1515
f 554/1623/1585 553/1553/1515 601/1624/1586
f 601/1624/1586 553/1553/1515 600/1554/1516
f 601/1624/1586 600/1554/1516 648/1625/1587
f 648/1625/1587 600/1554/1516 647/1555/1517
f 648/1625/1587 647/1555/1517 695/1626/1588
f 695/1626/1588 647/1555/1517 694/1556/1518
f 695/1626/1588 694/1556/1518 742/1627/1589
f 742/1627/1589 694/1556/1518 741/1557/1519
f 742/1627/1589 741/1557/1519 796/1628/1590
f 796/1628/1590 741/1557/1519 797/1558/1520
f 796/1628/1590 797/1558/1520 789/1629/1591
f 789/1629/1591 797/1558/1520 788/1559/1521
f 789/1629/1591 788/1559/1521 883/1630/1592
f 883/1630/1592 788/1559/1521 882/1560/1522
f 883/1630/1592 882/1560/1522 930/1631/1593
f 930/1631/1593 882/1560/1522 929/1561/1523
f 930/1631/1593 929/1561/1523 977/1632/1594
f 977/1632/1594 929/1561/1523 976/1562/1524
f 977/1632/1594 976/1562/1524 1024/1633/1595
f 1024/1633/1595 976/1562/1524 1023/1563/1525
f 1024/1633/1595 1023/1563/1525 1071/1634/1596
f 1071/1634/1596 1023/1563/1525 1070/1564/1526
f 1071/1634/1596 1070/1564/1526 1118/1635/1597
f 1118/1635/1597 1070/1564/1526 1117/1565/1527
f 1118/1635/1597 1117/1565/1527 1165/1636/1598
f 1165/1636/1598 1117/1565/1527 1164/1566/1528
f 1165/1636/1598 1164/1566/1528 1212/1637/1599
f 1212/1637/1599 1164/1566/1528 1211/1567/1529
f 1212/1637/1599 1211/1567/1529 1259/1638/1600
f 1259/1638/1600 1211/1567/1529 1258/1568/1530
f 1259/1638/1600 1258/1568/1530 1306/1639/1601
f 1306/1639/1601 1258/1568/1530 1305/1569/1531
f 1306/1639/1601 1305/1569/1531 1353/1640/1602
f 1353/1640/1602 1305/1569/1531 1352/1570/1532
f 1353/1640/1602 1352/1570/1532 1400/1641/1603
f 1400/1641/1603 1352/1570/1532 1399/1571/1533
f 1400/1641/1603 1399/1571/1533 1447/1642/1604
f 1447/1642/1604 1399/1571/1533 1446/1572/1534
f 1447/1642/1604 1446/1572/1534 1494/1643/1605
f 1494/1643/1605 1446/1572/1534 1493/1573/1535
f 1494/1643/1605 1493/1573/1535 1541/1644/1606
f 1541/1644/1606 1493/1573/1535 1540/1574/1536
f 1541/1644/1606 1540/1574/1536 1588/1645/1607
f 1588/1645/1607 1540/1574/1536 1587/1575/1537
f 1588/1645/1607 1587/1575/1537 1635/1646/1608
f 1635/1646/1608 1587/1575/1537 1634/1576/1538
f 1635/1646/1608 1634/1576/1538 1682/1647/1609
f 1682/1647/1609 1634/1576/1538 1681/1577/1539
f 1682/1647/1609 1681/1577/1539 1729/1648/1610
f 1729/1648/1610 1681/1577/1539 1728/1578/1540
f 1729/1648/1610 1728/1578/1540 1776/1649/1611
f 1776/1649/1611 1728/1578/1540 1775/1579/1541
f 1776/1649/1611 1775/1579/1541 1823/1650/1612
f 1823/1650/1612 1775/1579/1541 1822/1580/1542
f 1823/1650/1612 1822/1580/1542 1870/535/497
f 1870/535/497 1822/1580/1542 1869/533/495
f 413/1587/1549 414/1582/1544 326/1651/1613
f 326/1651/1613 414/1582/1544 325/1583/1545
f 326/1651/1613 325/1583/1545 420/1652/1614
f 420/1652/1614 325/1583/1545 419/19/19
f 420/1652/1614 419/19/19 467/21/21
f 413/1587/1549 326/1651/1613 327/1588/1550
f 327/1588/1550 326/1651/1613 421/1653/1615
f 327/1588/1550 421/1653/1615 422/1589/1551
f 422/1589/1551 421/1653/1615 469/1654/1616
f 422/1589/1551 469/1654/1616 470/1590/1552
f 470/1590/1552 469/1654/1616 517/1655/1617
f 470/1590/1552 517/1655/1617 518/1591/1553
f 518/1591/1553 517/1655/1617 565/1656/1618
f 518/1591/1553 565/1656/1618 566/1592/1554
f 566/1592/1554 565/1656/1618 613/1657/1619
f 566/1592/1554 613/1657/1619 614/1593/1555
f 614/1593/1555 613/1657/1619 661/1658/1620
f 614/1593/1555 661/1658/1620 662/1594/1556
f 662/1594/1556 661/1658/1620 709/1659/1621
f 662/1594/1556 709/1659/1621 710/1595/1557
f 710/1595/1557 709/1659/1621 828/1660/1622
f 710/1595/1557 828/1660/1622 827/1596/1558
f 827/1596/1558 828/1660/1622 758/1661/1623
f 827/1596/1558 758/1661/1623 759/1597/1559
f 759/1597/1559 758/1661/1623 853/1662/1624
f 759/1597/1559 853/1662/1624 854/1598/1560
f 854/1598/1560 853/1662/1624 901/1663/1625
f 854/1598/1560 901/1663/1625 902/1599/1561
f 902/1599/1561 901/1663/1625 949/1664/1626
f 902/1599/1561 949/1664/1626 950/1600/1562
f 950/1600/1562 949/1664/1626 997/1665/1627
f 950/1600/1562 997/1665/1627 998/1601/1563
f 998/1601/1563 997/1665/1627 1045/1666/1628
f 998/1601/1563 1045/1666/1628 1046/1602/1564
f 1046/1602/1564 1045/1666/1628 1093/1667/1629
f 1046/1602/1564 1093/1667/1629 1094/1603/1565
f 1094/1603/1565 1093/1667/1629 1141/1668/1630
f 1094/1603/1565 1141/1668/1630 1142/1604/1566
f 1142/1604/1566 1141/1668/1630 1189/1669/1631
f 1142/1604/1566 1189/1669/1631 1190/1605/1567
f 1190/1605/1567 1189/1669/1631 1237/1670/1632
f 1190/1605/1567 1237/1670/1632 1238/1606/1568
f 1238/1606/1568 1237/1670/1632 1285/1671/1633
f 1238/1606/1568 1285/1671/1633 1286/1607/1569
f 1286/1607/1569 1285/1671/1633 1333/1672/1634
f 1286/1607/1569 1333/1672/1634 1334/1608/1570
f 1334/1608/1570 1333/1672/1634 1381/1673/1635
f 1334/1608/1570 1381/1673/1635 1382/1609/1571
f 1382/1609/1571 1381/1673/1635 1429/1674/1636
f 1382/1609/1571 1429/1674/1636 1430/1610/1572
f 1430/1610/1572 1429/1674/1636 1477/1675/1637
f 1430/1610/1572 1477/1675/1637 1478/1611/1573
f 1478/1611/1573 1477/1675/1637 1525/1676/1638
f 1478/1611/1573 1525/1676/1638 1526/1612/1574
f 1526/1612/1574 1525/1676/1638 1573/1677/1639
f 1526/1612/1574 1573/1677/1639 1574/1613/1575
f 1574/1613/1575 1573/1677/1639 1621/1678/1640
f 1574/1613/1575 1621/1678/1640 1622/1614/1576
f 1622/1614/1576 1621/1678/1640 1669/1679/1641
f 1622/1614/1576 1669/1679/1641 1670/1615/1577
f 1670/1615/1577 1669/1679/1641 1717/1680/1642
f 1670/1615/1577 1717/1680/1642 1718/1616/1578
f 1718/1616/1578 1717/1680/1642 1765/1681/1643
f 1718/1616/1578 1765/1681/1643 1766/1617/1579
f 1766/1617/1579 1765/1681/1643 1813/1682/1644
f 1766/1617/1579 1813/1682/1644 1814/1618/1580
f 1814/1618/1580 1813/1682/1644 1861/517/479
f 1814/1618/1580 1861/517/479 1862/519/481
f 421/1653/1615 326/1651/1613 420/1652/1614
f 366/1620/1582 367/1683/1645 373/1619/1581
f 373/1619/1581 367/1683/1645 372/1585/1547
f 373/1619/1581 372/1585/1547 319/1584/1546
f 372/1585/1547 367/1683/1645 368/1586/1548
f 368/1586/1548 367/1683/1645 462/1684/1646
f 368/1586/1548 462/1684/1646 463/425/395
f 463/425/395 462/1684/1646 510/423/394
f 367/1683/1645 366/1620/1582 461/1685/1647
f 461/1685/1647 366/1620/1582 460/1621/1583
f 461/1685/1647 460/1621/1583 508/1686/1648
f 508/1686/1648 460/1621/1583 507/1622/1584
f 508/1686/1648 507/1622/1584 555/1687/1649
f 555/1687/1649 507/1622/1584 554/1623/1585
f 555/1687/1649 554/1623/1585 602/1688/1650
f 602/1688/1650 554/1623/1585 601/1624/1586
f 602/1688/1650 601/1624/1586 649/1689/1651
f 649/1689/1651 601/1624/1586 648/1625/1587
f 649/1689/1651 648/1625/1587 696/1690/1652
f 696/1690/1652 648/1625/1587 695/1626/1588
f 696/1690/1652 695/1626/1588 743/1691/1653
f 743/1691/1653 695/1626/1588 742/1627/1589
f 743/1691/1653 742/1627/1589 795/1692/1654
f 795/1692/1654 742/1627/1589 796/1628/1590
f 795/1692/1654 796/1628/1590 790/1693/1655
f 790/1693/1655 796/1628/1590 789/1629/1591
f 790/1693/1655 789/1629/1591 884/1694/1656
f 884/1694/1656 789/1629/1591 883/1630/1592
f 884/1694/1656 883/1630/1592 931/1695/1657
f 931/1695/1657 883/1630/1592 930/1631/1593
f 931/1695/1657 930/1631/1593 978/1696/1658
f 978/1696/1658 930/1631/1593 977/1632/1594
f 978/1696/1658 977/1632/1594 1025/1697/1659
f 1025/1697/1659 977/1632/1594 1024/1633/1595
f 1025/1697/1659 1024/1633/1595 1072/1698/1660
f 1072/1698/1660 1024/1633/1595 1071/1634/1596
f 1072/1698/1660 1071/1634/1596 1119/1699/1661
f 1119/1699/1661 1071/1634/1596 1118/1635/1597
f 1119/1699/1661 1118/1635/1597 1166/1700/1662
f 1166/1700/1662 1118/1635/1597 1165/1636/1598
f 1166/1700/1662 1165/1636/1598 1213/1701/1663
f 1213/1701/1663 1165/1636/1598 1212/1637/1599
f 1213/1701/1663 1212/1637/1599 1260/1702/1664
f 1260/1702/1664 1212/1637/1599 1259/1638/1600
f 1260/1702/1664 1259/1638/1600 1307/1703/1665
f 1307/1703/1665 1259/1638/1600 1306/1639/1601
f 1307/1703/1665 1306/1639/1601 1354/1704/1666
f 1354/1704/1666 1306/1639/1601 1353/1640/1602
f 1354/1704/1666 1353/1640/1602 1401/1705/1667
f 1401/1705/1667 1353/1640/1602 1400/1641/1603
f 1401/1705/1667 1400/1641/1603 1448/1706/1668
f 1448/1706/1668 1400/1641/1603 1447/1642/1604
f 1448/1706/1668 1447/1642/1604 1495/1707/1669
f 1495/1707/1669 1447/1642/1604 1494/1643/1605
f 1495/1707/1669 1494/1643/1605 1542/1708/1670
f 1542/1708/1670 1494/1643/1605 1541/1644/1606
f 1542/1708/1670 1541/1644/1606 1589/1709/1671
f 1589/1709/1671 1541/1644/1606 1588/1645/1607
f 1589/1709/1671 1588/1645/1607 1636/1710/1672
f 1636/1710/1672 1588/1645/1607 1635/1646/1608
f 1636/1710/1672 1635/1646/1608 1683/1711/1673
f 1683/1711/1673 1635/1646/1608 1682/1647/1609
f 1683/1711/1673 1682/1647/1609 1730/1712/1674
f 1730/1712/1674 1682/1647/1609 1729/1648/1610
f 1730/1712/1674 1729/1648/1610 1777/1713/1675
f 1777/1713/1675 1729/1648/1610 1776/1649/1611
f 1777/1713/1675 1776/1649/1611 1824/1714/1676
f 1824/1714/1676 1776/1649/1611 1823/1650/1612
f 1824/1714/1676 1823/1650/1612 1871/537/499
f 1871/537/499 1823/1650/1612 1870/535/497
f 421/1653/1615 420/1652/1614 468/1715/1677
f 468/1715/1677 420/1652/1614 467/21/21
f 468/1715/1677 467/21/21 515/23/23
f 367/1683/1645 461/1685/1647 462/1684/1646
f 462/1684/1646 461/1685/1647 509/1716/1678
f 462/1684/1646 509/1716/1678 510/423/394
f 510/423/394 509/1716/1678 557/421/393
f 509/1716/1678 461/1685/1647 508/1686/1648
f 421/1653/1615 468/1715/1677 469/1654/1616
f 469/1654/1616 468/1715/1677 516/1717/1679
f 469/1654/1616 516/1717/1679 517/1655/1617
f 517/1655/1617 516/1717/1679 564/1718/1680
f 517/1655/1617 564/1718/1680 565/1656/1618
f 565/1656/1618 564/1718/1680 612/1719/1681
f 565/1656/1618 612/1719/1681 613/1657/1619
f 613/1657/1619 612/1719/1681 660/1720/1682
f 613/1657/1619 660/1720/1682 661/1658/1620
f 661/1658/1620 660/1720/1682 708/1721/1683
f 661/1658/1620 708/1721/1683 709/1659/1621
f 709/1659/1621 708/1721/1683 829/1722/1684
f 709/1659/1621 829/1722/1684 828/1660/1622
f 828/1660/1622 829/1722/1684 757/1723/1685
f 828/1660/1622 757/1723/1685 758/1661/1623
f 758/1661/1623 757/1723/1685 852/1724/1686
f 758/1661/1623 852/1724/1686 853/1662/1624
f 853/1662/1624 852/1724/1686 900/1725/1687
f 853/1662/1624 900/1725/1687 901/1663/1625
f 901/1663/1625 900/1725/1687 948/1726/1688
f 901/1663/1625 948/1726/1688 949/1664/1626
f 949/1664/1626 948/1726/1688 996/1727/1689
f 949/1664/1626 996/1727/1689 997/1665/1627
f 997/1665/1627 996/1727/1689 1044/1728/1690
f 997/1665/1627 1044/1728/1690 1045/1666/1628
f 1045/1666/1628 1044/1728/1690 1092/1729/1691
f 1045/1666/1628 1092/1729/1691 1093/1667/1629
f 1093/1667/1629 1092/1729/1691 1140/1730/1692
f 1093/1667/1629 1140/1730/1692 1141/1668/1630
f 1141/1668/1630 1140/1730/1692 1188/1731/1693
f 1141/1668/1630 1188/1731/1693 1189/1669/1631
f 1189/1669/1631 1188/1731/1693 1236/1732/1694
f 1189/1669/1631 1236/1732/1694 1237/1670/1632
f 1237/1670/1632 1236/1732/1694 1284/1733/1695
f 1237/1670/1632 1284/1733/1695 1285/1671/1633
f 1285/1671/1633 1284/1733/1695 1332/1734/1696
f 1285/1671/1633 1332/1734/1696 1333/1672/1634
f 1333/1672/1634 1332/1734/1696 1380/1735/1697
f 1333/1672/1634 1380/1735/1697 1381/1673/1635
f 1381/1673/1635 1380/1735/1697 1428/1736/1698
f 1381/1673/1635 1428/1736/1698 1429/1674/1636
f 1429/1674/1636 1428/1736/1698 1476/1737/1699
f 1429/1674/1636 1476/1737/1699 1477/1675/1637
f 1477/1675/1637 1476/1737/1699 1524/1738/1700
f 1477/1675/1637 1524/1738/1700 1525/1676/1638
f 1525/1676/1638 1524/1738/1700 1572/1739/1701
f 1525/1676/1638 1572/1739/1701 1573/1677/1639
f 1573/1677/1639 1572/1739/1701 1620/1740/1702
f 1573/1677/1639 1620/1740/1702 1621/1678/1640
f 1621/1678/1640 1620/1740/1702 1668/1741/1703
f 1621/1678/1640 1668/1741/1703 1669/1679/1641
f 1669/1679/1641 1668/1741/1703 1716/1742/1704
f 1669/1679/1641 1716/1742/1704 1717/1680/1642
f 1717/1680/1642 1716/1742/1704 1764/1743/1705
f 1717/1680/1642 1764/1743/1705 1765/1681/1643
f 1765/1681/1643 1764/1743/1705 1812/1744/1706
f 1765/1681/1643 1812/1744/1706 1813/1682/1644
f 1813/1682/1644 1812/1744/1706 1860/515/477
f 1813/1682/1644 1860/515/477 1861/517/479
f 516/1717/1679 468/1715/1677 515/23/23
f 509/1716/1678 508/1686/1648 556/1745/1707
f 556/1745/1707 508/1686/1648 555/1687/1649
f 556/1745/1707 555/1687/1649 603/1746/1708
f 603/1746/1708 555/1687/1649 602/1688/1650
f 603/1746/1708 602/1688/1650 650/1747/1709
f 650/1747/1709 602/1688/1650 649/1689/1651
f 650/1747/1709 649/1689/1651 697/1748/1710
f 697/1748/1710 649/1689/1651 696/1690/1652
f 697/1748/1710 696/1690/1652 744/1749/1711
f 744/1749/1711 696/1690/1652 743/1691/1653
f 744/1749/1711 743/1691/1653 794/1750/1712
f 794/1750/1712 743/1691/1653 795/1692/1654
f 794/1750/1712 795/1692/1654 791/1751/1713
f 791/1751/1713 795/1692/1654 790/1693/1655
f 791/1751/1713 790/1693/1655 885/1752/1714
f 885/1752/1714 790/1693/1655 884/1694/1656
f 885/1752/1714 884/1694/1656 932/1753/1715
f 932/1753/1715 884/1694/1656 931/1695/1657
f 932/1753/1715 931/1695/1657 979/1754/1716
f 979/1754/1716 931/1695/1657 978/1696/1658
f 979/1754/1716 978/1696/1658 1026/1755/1717
f 1026/1755/1717 978/1696/1658 1025/1697/1659
f 1026/1755/1717 1025/1697/1659 1073/1756/1718
f 1073/1756/1718 1025/1697/1659 1072/1698/1660
f 1073/1756/1718 1072/1698/1660 1120/1757/1719
f 1120/1757/1719 1072/1698/1660 1119/1699/1661
f 1120/1757/1719 1119/1699/1661 1167/1758/1720
f 1167/1758/1720 1119/1699/1661 1166/1700/1662
f 1167/1758/1720 1166/1700/1662 1214/1759/1721
f 1214/1759/1721 1166/1700/1662 1213/1701/1663
f 1214/1759/1721 1213/1701/1663 1261/1760/1722
f 1261/1760/1722 1213/1701/1663 1260/1702/1664
f 1261/1760/1722 1260/1702/1664 1308/1761/1723
f 1308/1761/1723 1260/1702/1664 1307/1703/1665
f 1308/1761/1723 1307/1703/1665 1355/1762/1724
f 1355/1762/1724 1307/1703/1665 1354/1704/1666
f 1355/1762/1724 1354/1704/1666 1402/1763/1725
f 1402/1763/1725 1354/1704/1666 1401/1705/1667
f 1402/1763/1725 1401/1705/1667 1449/1764/1726
f 1449/1764/1726 1401/1705/1667 1448/1706/1668
f 1449/1764/1726 1448/1706/1668 1496/1765/1727
f 1496/1765/1727 1448/1706/1668 1495/1707/1669
f 1496/1765/1727 1495/1707/1669 1543/1766/1728
f 1543/1766/1728 1495/1707/1669 1542/1708/1670
f 1543/1766/1728 1542/1708/1670 1590/1767/1729
f 1590/1767/1729 1542/1708/1670 1589/1709/1671
f 1590/1767/1729 1589/1709/1671 1637/1768/1730
f 1637/1768/1730 1589/1709/1671 1636/1710/1672
f 1637/1768/1730 1636/1710/1672 1684/1769/1731
f 1684/1769/1731 1636/1710/1672 1683/1711/1673
f 1684/1769/1731 1683/1711/1673 1731/1770/1732
f 1731/1770/1732 1683/1711/1673 1730/1712/1674
f 1731/1770/1732 1730/1712/1674 1778/1771/1733
f 1778/1771/1733 1730/1712/1674 1777/1713/1675
f 1778/1771/1733 1777/1713/1675 1825/1772/1734
f 1825/1772/1734 1777/1713/1675 1824/1714/1676
f 1825/1772/1734 1824/1714/1676 1872/539/501
f 1872/539/501 1824/1714/1676 1871/537/499
f 564/1718/1680 516/1717/1679 563/25/25
f 563/25/25 516/1717/1679 515/23/23
f 604/419/392 557/421/393 556/1745/1707
f 556/1745/1707 557/421/393 509/1716/1678
f 604/419/392 556/1745/1707 603/1746/1708
f 612/1719/1681 564/1718/1680 611/27/27
f 611/27/27 564/1718/1680 563/25/25
f 651/417/391 604/419/392 603/1746/1708
f 651/417/391 603/1746/1708 650/1747/1709
f 660/1720/1682 612/1719/1681 659/29/29
f 659/29/29 612/1719/1681 611/27/27
f 698/415/390 651/417/391 650/1747/1709
f 698/415/390 650/1747/1709 697/1748/1710
f 708/1721/1683 660/1720/1682 707/31/31
f 707/31/31 660/1720/1682 659/29/29
f 745/413/389 698/415/390 697/1748/1710
f 745/413/389 697/1748/1710 744/1749/1711
f 829/1722/1684 708/1721/1683 830/33/33
f 830/33/33 708/1721/1683 707/31/31
f 793/411/388 745/413/389 744/1749/1711
f 793/411/388 744/1749/1711 794/1750/1712
f 839/292/292 746/317/317 747/293/293
f 747/293/293 746/317/317 841/1773/1735
f 747/293/293 841/1773/1735 842/294/294
f 842/294/294 841/1773/1735 889/1774/1736
f 842/294/294 889/1774/1736 890/295/295
f 890/295/295 889/1774/1736 937/1775/1737
f 890/295/295 937/1775/1737 938/296/296
f 938/296/296 937/1775/1737 985/1776/1738
f 938/296/296 985/1776/1738 986/297/297
f 986/297/297 985/1776/1738 1033/1777/1739
f 986/297/297 1033/1777/1739 1034/298/298
f 1034/298/298 1033/1777/1739 1081/1778/1740
f 1034/298/298 1081/1778/1740 1082/299/299
f 1082/299/299 1081/1778/1740 1129/1779/1741
f 1082/299/299 1129/1779/1741 1130/300/300
f 1130/300/300 1129/1779/1741 1177/1780/1742
f 1130/300/300 1177/1780/1742 1178/301/301
f 1178/301/301 1177/1780/1742 1225/1781/1743
f 1178/301/301 1225/1781/1743 1226/302/302
f 1226/302/302 1225/1781/1743 1273/1782/1744
f 1226/302/302 1273/1782/1744 1274/303/303
f 1274/303/303 1273/1782/1744 1321/1783/1745
f 1274/303/303 1321/1783/1745 1322/304/304
f 1322/304/304 1321/1783/1745 1369/1784/1746
f 1322/304/304 1369/1784/1746 1370/305/305
f 1370/305/305 1369/1784/1746 1417/1785/1747
f 1370/305/305 1417/1785/1747 1418/306/306
f 1418/306/306 1417/1785/1747 1465/1786/1748
f 1418/306/306 1465/1786/1748 1466/307/307
f 1466/307/307 1465/1786/1748 1513/1787/1749
f 1466/307/307 1513/1787/1749 1514/308/308
f 1514/308/308 1513/1787/1749 1561/1788/1750
f 1514/308/308 1561/1788/1750 1562/309/309
f 1562/309/309 1561/1788/1750 1609/1789/1751
f 1562/309/309 1609/1789/1751 1610/310/310
f 1610/310/310 1609/1789/1751 1657/1790/1752
f 1610/310/310 1657/1790/1752 1658/311/311
f 1658/311/311 1657/1790/1752 1705/1791/1753
f 1658/311/311 1705/1791/1753 1706/312/312
f 1706/312/312 1705/1791/1753 1753/1792/1754
f 1706/312/312 1753/1792/1754 1754/313/313
f 1754/313/313 1753/1792/1754 1801/1793/1755
f 1754/313/313 1801/1793/1755 1802/314/314
f 1802/314/314 1801/1793/1755 1849/512/474
f 1802/314/314 1849/512/474 1850/315/315
f 841/1773/1735 746/317/317 840/319/319
f 829/1722/1684 830/33/33 756/35/35
f 829/1722/1684 756/35/35 757/1723/1685
f 757/1723/1685 756/35/35 851/37/37
f 757/1723/1685 851/37/37 852/1724/1686
f 852/1724/1686 851/37/37 899/39/39
f 852/1724/1686 899/39/39 900/1725/1687
f 900/1725/1687 899/39/39 947/41/41
f 900/1725/1687 947/41/41 948/1726/1688
f 948/1726/1688 947/41/41 995/43/43
f 948/1726/1688 995/43/43 996/1727/1689
f 996/1727/1689 995/43/43 1043/45/45
f 996/1727/1689 1043/45/45 1044/1728/1690
f 1044/1728/1690 1043/45/45 1091/47/47
f 1044/1728/1690 1091/47/47 1092/1729/1691
f 1092/1729/1691 1091/47/47 1139/49/49
f 1092/1729/1691 1139/49/49 1140/1730/1692
f 1140/1730/1692 1139/49/49 1187/51/51
f 1140/1730/1692 1187/51/51 1188/1731/1693
f 1188/1731/1693 1187/51/51 1235/53/53
f 1188/1731/1693 1235/53/53 1236/1732/1694
f 1236/1732/1694 1235/53/53 1283/55/55
f 1236/1732/1694 1283/55/55 1284/1733/1695
f 1284/1733/1695 1283/55/55 1331/57/57
f 1284/1733/1695 1331/57/57 1332/1734/1696
f 1332/1734/1696 1331/57/57 1379/59/59
f 1332/1734/1696 1379/59/59 1380/1735/1697
f 1380/1735/1697 1379/59/59 1427/61/61
f 1380/1735/1697 1427/61/61 1428/1736/1698
f 1428/1736/1698 1427/61/61 1475/63/63
f 1428/1736/1698 1475/63/63 1476/1737/1699
f 1476/1737/1699 1475/63/63 1523/65/65
f 1476/1737/1699 1523/65/65 1524/1738/1700
f 1524/1738/1700 1523/65/65 1571/67/67
f 1524/1738/1700 1571/67/67 1572/1739/1701
f 1572/1739/1701 1571/67/67 1619/69/69
f 1572/1739/1701 1619/69/69 1620/1740/1702
f 1620/1740/1702 1619/69/69 1667/71/71
f 1620/1740/1702 1667/71/71 1668/1741/1703
f 1668/1741/1703 1667/71/71 1715/73/73
f 1668/1741/1703 1715/73/73 1716/1742/1704
f 1716/1742/1704 1715/73/73 1763/75/75
f 1716/1742/1704 1763/75/75 1764/1743/1705
f 1764/1743/1705 1763/75/75 1811/77/77
f 1764/1743/1705 1811/77/77 1812/1744/1706
f 1812/1744/1706 1811/77/77 1859/79/79
f 1812/1744/1706 1859/79/79 1860/515/477
f 793/411/388 794/1750/1712 792/409/387
f 792/409/387 794/1750/1712 791/1751/1713
f 792/409/387 791/1751/1713 886/407/386
f 886/407/386 791/1751/1713 885/1752/1714
f 886/407/386 885/1752/1714 933/405/385
f 933/405/385 885/1752/1714 932/1753/1715
f 933/405/385 932/1753/1715 980/403/384
f 980/403/384 932/1753/1715 979/1754/1716
f 980/403/384 979/1754/1716 1027/401/383
f 1027/401/383 979/1754/1716 1026/1755/1717
f 1027/401/383 1026/1755/1717 1074/399/382
f 1074/399/382 1026/1755/1717 1073/1756/1718
f 1074/399/382 1073/1756/1718 1121/397/381
f 1121/397/381 1073/1756/1718 1120/1757/1719
f 1121/397/381 1120/1757/1719 1168/395/380
f 1168/395/380 1120/1757/1719 1167/1758/1720
f 1168/395/380 1167/1758/1720 1215/393/379
f 1215/393/379 1167/1758/1720 1214/1759/1721
f 1215/393/379 1214/1759/1721 1262/391/378
f 1262/391/378 1214/1759/1721 1261/1760/1722
f 1262/391/378 1261/1760/1722 1309/389/377
f 1309/389/377 1261/1760/1722 1308/1761/1723
f 1309/389/377 1308/1761/1723 1356/387/376
f 1356/387/376 1308/1761/1723 1355/1762/1724
f 1356/387/376 1355/1762/1724 1403/385/375
f 1403/385/375 1355/1762/1724 1402/1763/1725
f 1403/385/375 1402/1763/1725 1450/383/374
f 1450/383/374 1402/1763/1725 1449/1764/1726
f 1450/383/374 1449/1764/1726 1497/381/373
f 1497/381/373 1449/1764/1726 1496/1765/1727
f 1497/381/373 1496/1765/1727 1544/379/372
f 1544/379/372 1496/1765/1727 1543/1766/1728
f 1544/379/372 1543/1766/1728 1591/377/371
f 1591/377/371 1543/1766/1728 1590/1767/1729
f 1591/377/371 1590/1767/1729 1638/375/370
f 1638/375/370 1590/1767/1729 1637/1768/1730
f 1638/375/370 1637/1768/1730 1685/373/369
f 1685/373/369 1637/1768/1730 1684/1769/1731
f 1685/373/369 1684/1769/1731 1732/371/368
f 1732/371/368 1684/1769/1731 1731/1770/1732
f 1732/371/368 1731/1770/1732 1779/369/367
f 1779/369/367 1731/1770/1732 1778/1771/1733
f 1779/369/367 1778/1771/1733 1826/365/364
f 1826/365/364 1778/1771/1733 1825/1772/1734
f 1826/365/364 1825/1772/1734 1873/367/365
f 1873/367/365 1825/1772/1734 1872/539/501
f 841/1773/1735 840/319/319 888/1794/1756
f 888/1794/1756 840/319/319 887/321/321
f 888/1794/1756 887/321/321 935/1795/1757
f 935/1795/1757 887/321/321 934/323/323
f 935/1795/1757 934/323/323 982/1796/1758
f 982/1796/1758 934/323/323 981/325/325
f 982/1796/1758 981/325/325 1029/1797/1759
f 1029/1797/1759 981/325/325 1028/327/327
f 1029/1797/1759 1028/327/327 1076/1798/1760
f 1076/1798/1760 1028/327/327 1075/329/329
f 1076/1798/1760 1075/329/329 1123/1799/1761
f 1123/1799/1761 1075/329/329 1122/331/331
f 1123/1799/1761 1122/331/331 1170/1800/1762
f 1170/1800/1762 1122/331/331 1169/333/333
f 1170/1800/1762 1169/333/333 1217/1801/1763
f 1217/1801/1763 1169/333/333 1216/335/335
f 1217/1801/1763 1216/335/335 1264/1802/1764
f 1264/1802/1764 1216/335/335 1263/337/337
f 1264/1802/1764 1263/337/337 1311/1803/1765
f 1311/1803/1765 1263/337/337 1310/339/339
f 1311/1803/1765 1310/339/339 1358/1804/1766
f 1358/1804/1766 1310/339/339 1357/341/341
f 1358/1804/1766 1357/341/341 1405/1805/1767
f 1405/1805/1767 1357/341/341 1404/343/343
f 1405/1805/1767 1404/343/343 1452/1806/1768
f 1452/1806/1768 1404/343/343 1451/345/345
f 1452/1806/1768 1451/345/345 1499/1807/1769
f 1499/1807/1769 1451/345/345 1498/347/347
f 1499/1807/1769 1498/347/347 1546/1808/1770
f 1546/1808/1770 1498/347/347 1545/349/349
f 1546/1808/1770 1545/349/349 1593/1809/1771
f 1593/1809/1771 1545/349/349 1592/351/351
f 1593/1809/1771 1592/351/351 1640/1810/1772
f 1640/1810/1772 1592/351/351 1639/353/353
f 1640/1810/1772 1639/353/353 1687/1811/1773
f 1687/1811/1773 1639/353/353 1686/355/355
f 1687/1811/1773 1686/355/355 1734/1812/1774
f 1734/1812/1774 1686/355/355 1733/357/357
f 1734/1812/1774 1733/357/357 1781/1813/1775
f 1781/1813/1775 1733/357/357 1780/359/359
f 1781/1813/1775 1780/359/359 1828/471/433
f 1828/471/433 1780/359/359 1827/361/361
f 841/1773/1735 888/1794/1756 889/1774/1736
f 889/1774/1736 888/1794/1756 936/1814/1776
f 889/1774/1736 936/1814/1776 937/1775/1737
f 937/1775/1737 936/1814/1776 984/1815/1777
f 937/1775/1737 984/1815/1777 985/1776/1738
f 985/1776/1738 984/1815/1777 1032/1816/1778
f 985/1776/1738 1032/1816/1778 1033/1777/1739
f 1033/1777/1739 1032/1816/1778 1080/1817/1779
f 1033/1777/1739 1080/1817/1779 1081/1778/1740
f 1081/1778/1740 1080/1817/1779 1128/1818/1780
f 1081/1778/1740 1128/1818/1780 1129/1779/1741
f 1129/1779/1741 1128/1818/1780 1176/1819/1781
f 1129/1779/1741 1176/1819/1781 1177/1780/1742
f 1177/1780/1742 1176/1819/1781 1224/1820/1782
f 1177/1780/1742 1224/1820/1782 1225/1781/1743
f 1225/1781/1743 1224/1820/1782 1272/1821/1783
f 1225/1781/1743 1272/1821/1783 1273/1782/1744
f 1273/1782/1744 1272/1821/1783 1320/1822/1784
f 1273/1782/1744 1320/1822/1784 1321/1783/1745
f 1321/1783/1745 1320/1822/1784 1368/1823/1785
f 1321/1783/1745 1368/1823/1785 1369/1784/1746
f 1369/1784/1746 1368/1823/1785 1416/1824/1786
f 1369/1784/1746 1416/1824/1786 1417/1785/1747
f 1417/1785/1747 1416/1824/1786 1464/1825/1787
f 1417/1785/1747 1464/1825/1787 1465/1786/1748
f 1465/1786/1748 1464/1825/1787 1512/1826/1788
f 1465/1786/1748 1512/1826/1788 1513/1787/1749
f 1513/1787/1749 1512/1826/1788 1560/1827/1789
f 1513/1787/1749 1560/1827/1789 1561/1788/1750
f 1561/1788/1750 1560/1827/1789 1608/1828/1790
f 1561/1788/1750 1608/1828/1790 1609/1789/1751
f 1609/1789/1751 1608/1828/1790 1656/1829/1791
f 1609/1789/1751 1656/1829/1791 1657/1790/1752
f 1657/1790/1752 1656/1829/1791 1704/1830/1792
f 1657/1790/1752 1704/1830/1792 1705/1791/1753
f 1705/1791/1753 1704/1830/1792 1752/1831/1793
f 1705/1791/1753 1752/1831/1793 1753/1792/1754
f 1753/1792/1754 1752/1831/1793 1800/1832/1794
f 1753/1792/1754 1800/1832/1794 1801/1793/1755
f 1801/1793/1755 1800/1832/1794 1848/510/472
f 1801/1793/1755 1848/510/472 1849/512/474
f 936/1814/1776 888/1794/1756 935/1795/1757
f 936/1814/1776 935/1795/1757 983/1833/1795
f 983/1833/1795 935/1795/1757 982/1796/1758
f 983/1833/1795 982/1796/1758 1030/1834/1796
f 1030/1834/1796 982/1796/1758 1029/1797/1759
f 1030/1834/1796 1029/1797/1759 1077/1835/1797
f 1077/1835/1797 1029/1797/1759 1076/1798/1760
f 1077/1835/1797 1076/1798/1760 1124/1836/1798
f 1124/1836/1798 1076/1798/1760 1123/1799/1761
f 1124/1836/1798 1123/1799/1761 1171/1837/1799
f 1171/1837/1799 1123/1799/1761 1170/1800/1762
f 1171/1837/1799 1170/1800/1762 1218/1838/1800
f 1218/1838/1800 1170/1800/1762 1217/1801/1763
f 1218/1838/1800 1217/1801/1763 1265/1839/1801
f 1265/1839/1801 1217/1801/1763 1264/1802/1764
f 1265/1839/1801 1264/1802/1764 1312/1840/1802
f 1312/1840/1802 1264/1802/1764 1311/1803/1765
f 1312/1840/1802 1311/1803/1765 1359/1841/1803
f 1359/1841/1803 1311/1803/1765 1358/1804/1766
f 1359/1841/1803 1358/1804/1766 1406/1842/1804
f 1406/1842/1804 1358/1804/1766 1405/1805/1767
f 1406/1842/1804 1405/1805/1767 1453/1843/1805
f 1453/1843/1805 1405/1805/1767 1452/1806/1768
f 1453/1843/1805 1452/1806/1768 1500/1844/1806
f 1500/1844/1806 1452/1806/1768 1499/1807/1769
f 1500/1844/1806 1499/1807/1769 1547/1845/1807
f 1547/1845/1807 1499/1807/1769 1546/1808/1770
f 1547/1845/1807 1546/1808/1770 1594/1846/1808
f 1594/1846/1808 1546/1808/1770 1593/1809/1771
f 1594/1846/1808 1593/1809/1771 1641/1847/1809
f 1641/1847/1809 1593/1809/1771 1640/1810/1772
f 1641/1847/1809 1640/1810/1772 1688/1848/1810
f 1688/1848/1810 1640/1810/1772 1687/1811/1773
f 1688/1848/1810 1687/1811/1773 1735/1849/1811
f 1735/1849/1811 1687/1811/1773 1734/1812/1774
f 1735/1849/1811 1734/1812/1774 1782/1850/1812
f 1782/1850/1812 1734/1812/1774 1781/1813/1775
f 1782/1850/1812 1781/1813/1775 1829/473/435
f 1829/473/435 1781/1813/1775 1828/471/433
f 936/1814/1776 983/1833/1795 984/1815/1777
f 984/1815/1777 983/1833/1795 1031/1851/1813
f 984/1815/1777 1031/1851/1813 1032/1816/1778
f 1032/1816/1778 1031/1851/1813 1079/1852/1814
f 1032/1816/1778 1079/1852/1814 1080/1817/1779
f 1080/1817/1779 1079/1852/1814 1127/1853/1815
f 1080/1817/1779 1127/1853/1815 1128/1818/1780
f 1128/1818/1780 1127/1853/1815 1175/1854/1816
f 1128/1818/1780 1175/1854/1816 1176/1819/1781
f 1176/1819/1781 1175/1854/1816 1223/1855/1817
f 1176/1819/1781 1223/1855/1817 1224/1820/1782
f 1224/1820/1782 1223/1855/1817 1271/1856/1818
f 1224/1820/1782 1271/1856/1818 1272/1821/1783
f 1272/1821/1783 1271/1856/1818 1319/1857/1819
f 1272/1821/1783 1319/1857/1819 1320/1822/1784
f 1320/1822/1784 1319/1857/1819 1367/1858/1820
f 1320/1822/1784 1367/1858/1820 1368/1823/1785
f 1368/1823/1785 1367/1858/1820 1415/1859/1821
f 1368/1823/1785 1415/1859/1821 1416/1824/1786
f 1416/1824/1786 1415/1859/1821 1463/1860/1822
f 1416/1824/1786 1463/1860/1822 1464/1825/1787
f 1464/1825/1787 1463/1860/1822 1511/1861/1823
f 1464/1825/1787 1511/1861/1823 1512/1826/1788
f 1512/1826/1788 1511/1861/1823 1559/1862/1824
f 1512/1826/1788 1559/1862/1824 1560/1827/1789
f 1560/1827/1789 1559/1862/1824 1607/1863/1825
f 1560/1827/1789 1607/1863/1825 1608/1828/1790
f 1608/1828/1790 1607/1863/1825 1655/1864/1826
f 1608/1828/1790 1655/1864/1826 1656/1829/1791
f 1656/1829/1791 1655/1864/1826 1703/1865/1827
f 1656/1829/1791 1703/1865/1827 1704/1830/1792
f 1704/1830/1792 1703/1865/1827 1751/1866/1828
f 1704/1830/1792 1751/1866/1828 1752/1831/1793
f 1752/1831/1793 1751/1866/1828 1799/1867/1829
f 1752/1831/1793 1799/1867/1829 1800/1832/1794
f 1800/1832/1794 1799/1867/1829 1847/508/470
f 1800/1832/1794 1847/508/470 1848/510/472
f 1031/1851/1813 983/1833/1795 1030/1834/1796
f 1031/1851/1813 1030/1834/1796 1078/1868/1830
f 1078/1868/1830 1030/1834/1796 1077/1835/1797
f 1078/1868/1830 1077/1835/1797 1125/1869/1831
f 1125/1869/1831 1077/1835/1797 1124/1836/1798
f 1125/1869/1831 1124/1836/1798 1172/1870/1832
f 1172/1870/1832 1124/1836/1798 1171/1837/1799
f 1172/1870/1832 1171/1837/1799 1219/1871/1833
f 1219/1871/1833 1171/1837/1799 1218/1838/1800
f 1219/1871/1833 1218/1838/1800 1266/1872/1834
f 1266/1872/1834 1218/1838/1800 1265/1839/1801
f 1266/1872/1834 1265/1839/1801 1313/1873/1835
f 1313/1873/1835 1265/1839/1801 1312/1840/1802
f 1313/1873/1835 1312/1840/1802 1360/1874/1836
f 1360/1874/1836 1312/1840/1802 1359/1841/1803
f 1360/1874/1836 1359/1841/1803 1407/1875/1837
f 1407/1875/1837 1359/1841/1803 1406/1842/1804
f 1407/1875/1837 1406/1842/1804 1454/1876/1838
f 1454/1876/1838 1406/1842/1804 1453/1843/1805
f 1454/1876/1838 1453/1843/1805 1501/1877/1839
f 1501/1877/1839 1453/1843/1805 1500/1844/1806
f 1501/1877/1839 1500/1844/1806 1548/1878/1840
f 1548/1878/1840 1500/1844/1806 1547/1845/1807
f 1548/1878/1840 1547/1845/1807 1595/1879/1841
f 1595/1879/1841 1547/1845/1807 1594/1846/1808
f 1595/1879/1841 1594/1846/1808 1642/1880/1842
f 1642/1880/1842 1594/1846/1808 1641/1847/1809
f 1642/1880/1842 1641/1847/1809 1689/1881/1843
f 1689/1881/1843 1641/1847/1809 1688/1848/1810
f 1689/1881/1843 1688/1848/1810 1736/1882/1844
f 1736/1882/1844 1688/1848/1810 1735/1849/1811
f 1736/1882/1844 1735/1849/1811 1783/1883/1845
f 1783/1883/1845 1735/1849/1811 1782/1850/1812
f 1783/1883/1845 1782/1850/1812 1830/475/437
f 1830/475/437 1782/1850/1812 1829/473/435
f 1031/1851/1813 1078/1868/1830 1079/1852/1814
f 1079/1852/1814 1078/1868/1830 1126/1884/1846
f 1079/1852/1814 1126/1884/1846 1127/1853/1815
f 1127/1853/1815 1126/1884/1846 1174/1885/1847
f 1127/1853/1815 1174/1885/1847 1175/1854/1816
f 1175/1854/1816 1174/1885/1847 1222/1886/1848
f 1175/1854/1816 1222/1886/1848 1223/1855/1817
f 1223/1855/1817 1222/1886/1848 1270/1887/1849
f 1223/1855/1817 1270/1887/1849 1271/1856/1818
f 1271/1856/1818 1270/1887/1849 1318/1888/1850
f 1271/1856/1818 1318/1888/1850 1319/1857/1819
f 1319/1857/1819 1318/1888/1850 1366/1889/1851
f 1319/1857/1819 1366/1889/1851 1367/1858/1820
f 1367/1858/1820 1366/1889/1851 1414/1890/1852
f 1367/1858/1820 1414/1890/1852 1415/1859/1821
f 1415/1859/1821 1414/1890/1852 1462/1891/1853
f 1415/1859/1821 1462/1891/1853 1463/1860/1822
f 1463/1860/1822 1462/1891/1853 1510/1892/1854
f 1463/1860/1822 1510/1892/1854 1511/1861/1823
f 1511/1861/1823 1510/1892/1854 1558/1893/1855
f 1511/1861/1823 1558/1893/1855 1559/1862/1824
f 1559/1862/1824 1558/1893/1855 1606/1894/1856
f 1559/1862/1824 1606/1894/1856 1607/1863/1825
f 1607/1863/1825 1606/1894/1856 1654/1895/1857
f 1607/1863/1825 1654/1895/1857 1655/1864/1826
f 1655/1864/1826 1654/1895/1857 1702/1896/1858
f 1655/1864/1826 1702/1896/1858 1703/1865/1827
f 1703/1865/1827 1702/1896/1858 1750/1897/1859
f 1703/1865/1827 1750/1897/1859 1751/1866/1828
f 1751/1866/1828 1750/1897/1859 1798/1898/1860
f 1751/1866/1828 1798/1898/1860 1799/1867/1829
f 1799/1867/1829 1798/1898/1860 1846/506/468
f 1799/1867/1829 1846/506/468 1847/508/470
f 1126/1884/1846 1078/1868/1830 1125/1869/1831
f 1126/1884/1846 1125/1869/1831 1173/1899/1861
f 1173/1899/1861 1125/1869/1831 1172/1870/1832
f 1173/1899/1861 1172/1870/1832 1220/1900/1862
f 1220/1900/1862 1172/1870/1832 1219/1871/1833
f 1220/1900/1862 1219/1871/1833 1267/1901/1863
f 1267/1901/1863 1219/1871/1833 1266/1872/1834
f 1267/1901/1863 1266/1872/1834 1314/1902/1864
f 1314/1902/1864 1266/1872/1834 1313/1873/1835
f 1314/1902/1864 1313/1873/1835 1361/1903/1865
f 1361/1903/1865 1313/1873/1835 1360/1874/1836
f 1361/1903/1865 1360/1874/1836 1408/1904/1866
f 1408/1904/1866 1360/1874/1836 1407/1875/1837
f 1408/1904/1866 1407/1875/1837 1455/1905/1867
f 1455/1905/1867 1407/1875/1837 1454/1876/1838
f 1455/1905/1867 1454/1876/1838 1502/1906/1868
f 1502/1906/1868 1454/1876/1838 1501/1877/1839
f 1502/1906/1868 1501/1877/1839 1549/1907/1869
f 1549/1907/1869 1501/1877/1839 1548/1878/1840
f 1549/1907/1869 1548/1878/1840 1596/1908/1870
f 1596/1908/1870 1548/1878/1840 1595/1879/1841
f 1596/1908/1870 1595/1879/1841 1643/1909/1871
f 1643/1909/1871 1595/1879/1841 1642/1880/1842
f 1643/1909/1871 1642/1880/1842 1690/1910/1872
f 1690/1910/1872 1642/1880/1842 1689/1881/1843
f 1690/1910/1872 1689/1881/1843 1737/1911/1873
f 1737/1911/1873 1689/1881/1843 1736/1882/1844
f 1737/1911/1873 1736/1882/1844 1784/1912/1874
f 1784/1912/1874 1736/1882/1844 1783/1883/1845
f 1784/1912/1874 1783/1883/1845 1831/477/439
f 1831/477/439 1783/1883/1845 1830/475/437
f 1126/1884/1846 1173/1899/1861 1174/1885/1847
f 1174/1885/1847 1173/1899/1861 1221/1913/1875
f 1174/1885/1847 1221/1913/1875 1222/1886/1848
f 1222/1886/1848 1221/1913/1875 1269/1914/1876
f 1222/1886/1848 1269/1914/1876 1270/1887/1849
f 1270/1887/1849 1269/1914/1876 1317/1915/1877
f 1270/1887/1849 1317/1915/1877 1318/1888/1850
f 1318/1888/1850 1317/1915/1877 1365/1916/1878
f 1318/1888/1850 1365/1916/1878 1366/1889/1851
f 1366/1889/1851 1365/1916/1878 1413/1917/1879
f 1366/1889/1851 1413/1917/1879 1414/1890/1852
f 1414/1890/1852 1413/1917/1879 1461/1918/1880
f 1414/1890/1852 1461/1918/1880 1462/1891/1853
f 1462/1891/1853 1461/1918/1880 1509/1919/1881
f 1462/1891/1853 1509/1919/1881 1510/1892/1854
f 1510/1892/1854 1509/1919/1881 1557/1920/1882
f 1510/1892/1854 1557/1920/1882 1558/1893/1855
f 1558/1893/1855 1557/1920/1882 1605/1921/1883
f 1558/1893/1855 1605/1921/1883 1606/1894/1856
f 1606/1894/1856 1605/1921/1883 1653/1922/1884
f 1606/1894/1856 1653/1922/1884 1654/1895/1857
f 1654/1895/1857 1653/1922/1884 1701/1923/1885
f 1654/1895/1857 1701/1923/1885 1702/1896/1858
f 1702/1896/1858 1701/1923/1885 1749/1924/1886
f 1702/1896/1858 1749/1924/1886 1750/1897/1859
f 1750/1897/1859 1749/1924/1886 1797/1925/1887
f 1750/1897/1859 1797/1925/1887 1798/1898/1860
f 1798/1898/1860 1797/1925/1887 1845/504/466
f 1798/1898/1860 1845/504/466 1846/506/468
f 1221/1913/1875 1173/1899/1861 1220/1900/1862
f 1221/1913/1875 1220/1900/1862 1268/1926/1888
f 1268/1926/1888 1220/1900/1862 1267/1901/1863
f 1268/1926/1888 1267/1901/1863 1315/1927/1889
f 1315/1927/1889 1267/1901/1863 1314/1902/1864
f 1315/1927/1889 1314/1902/1864 1362/1928/1890
f 1362/1928/1890 1314/1902/1864 1361/1903/1865
f 1362/1928/1890 1361/1903/1865 1409/1929/1891
f 1409/1929/1891 1361/1903/1865 1408/1904/1866
f 1409/1929/1891 1408/1904/1866 1456/1930/1892
f 1456/1930/1892 1408/1904/1866 1455/1905/1867
f 1456/1930/1892 1455/1905/1867 1503/1931/1893
f 1503/1931/1893 1455/1905/1867 1502/1906/1868
f 1503/1931/1893 1502/1906/1868 1550/1932/1894
f 1550/1932/1894 1502/1906/1868 1549/1907/1869
f 1550/1932/1894 1549/1907/1869 1597/1933/1895
f 1597/1933/1895 1549/1907/1869 1596/1908/1870
f 1597/1933/1895 1596/1908/1870 1644/1934/1896
f 1644/1934/1896 1596/1908/1870 1643/1909/1871
f 1644/1934/1896 1643/1909/1871 1691/1935/1897
f 1691/1935/1897 1643/1909/1871 1690/1910/1872
f 1691/1935/1897 1690/1910/1872 1738/1936/1898
f 1738/1936/1898 1690/1910/1872 1737/1911/1873
f 1738/1936/1898 1737/1911/1873 1785/1937/1899
f 1785/1937/1899 1737/1911/1873 1784/1912/1874
f 1785/1937/1899 1784/1912/1874 1832/479/441
f 1832/479/441 1784/1912/1874 1831/477/439
f 1221/1913/1875 1268/1926/1888 1269/1914/1876
f 1269/1914/1876 1268/1926/1888 1316/1938/1900
f 1269/1914/1876 1316/1938/1900 1317/1915/1877
f 1317/1915/1877 1316/1938/1900 1364/1939/1901
f 1317/1915/1877 1364/1939/1901 1365/1916/1878
f 1365/1916/1878 1364/1939/1901 1412/1940/1902
f 1365/1916/1878 1412/1940/1902 1413/1917/1879
f 1413/1917/1879 1412/1940/1902 1460/1941/1903
f 1413/1917/1879 1460/1941/1903 1461/1918/1880
f 1461/1918/1880 1460/1941/1903 1508/1942/1904
f 1461/1918/1880 1508/1942/1904 1509/1919/1881
f 1509/1919/1881 1508/1942/1904 1556/1943/1905
f 1509/1919/1881 1556/1943/1905 1557/1920/1882
f 1557/1920/1882 1556/1943/1905 1604/1944/1906
f 1557/1920/1882 1604/1944/1906 1605/1921/1883
f 1605/1921/1883 1604/1944/1906 1652/1945/1907
f 1605/1921/1883 1652/1945/1907 1653/1922/1884
f 1653/1922/1884 1652/1945/1907 1700/1946/1908
f 1653/1922/1884 1700/1946/1908 1701/1923/1885
f 1701/1923/1885 1700/1946/1908 1748/1947/1909
f 1701/1923/1885 1748/1947/1909 1749/1924/1886
f 1749/1924/1886 1748/1947/1909 1796/1948/1910
f 1749/1924/1886 1796/1948/1910 1797/1925/1887
f 1797/1925/1887 1796/1948/1910 1844/502/464
f 1797/1925/1887 1844/502/464 1845/504/466
f 1316/1938/1900 1268/1926/1888 1315/1927/1889
f 1316/1938/1900 1315/1927/1889 1363/1949/1911
f 1363/1949/1911 1315/1927/1889 1362/1928/1890
f 1363/1949/1911 1362/1928/1890 1410/1950/1912
f 1410/1950/1912 1362/1928/1890 1409/1929/1891
f 1410/1950/1912 1409/1929/1891 1457/1951/1913
f 1457/1951/1913 1409/1929/1891 1456/1930/1892
f 1457/1951/1913 1456/1930/1892 1504/1952/1914
f 1504/1952/1914 1456/1930/1892 1503/1931/1893
f 1504/1952/1914 1503/1931/1893 1551/1953/1915
f 1551/1953/1915 1503/1931/1893 1550/1932/1894
f 1551/1953/1915 1550/1932/1894 1598/1954/1916
f 1598/1954/1916 1550/1932/1894 1597/1933/1895
f 1598/1954/1916 1597/1933/1895 1645/1955/1917
f 1645/1955/1917 1597/1933/1895 1644/1934/1896
f 1645/1955/1917 1644/1934/1896 1692/1956/1918
f 1692/1956/1918 1644/1934/1896 1691/1935/1897
f 1692/1956/1918 1691/1935/1897 1739/1957/1919
f 1739/1957/1919 1691/1935/1897 1738/1936/1898
f 1739/1957/1919 1738/1936/1898 1786/1958/1920
f 1786/1958/1920 1738/1936/1898 1785/1937/1899
f 1786/1958/1920 1785/1937/1899 1833/481/443
f 1833/481/443 1785/1937/1899 1832/479/441
f 1316/1938/1900 1363/1949/1911 1364/1939/1901
f 1364/1939/1901 1363/1949/1911 1411/1959/1921
f 1364/1939/1901 1411/1959/1921 1412/1940/1902
f 1412/1940/1902 1411/1959/1921 1459/1960/1922
f 1412/1940/1902 1459/1960/1922 1460/1941/1903
f 1460/1941/1903 1459/1960/1922 1507/1961/1923
f 1460/1941/1903 1507/1961/1923 1508/1942/1904
f 1508/1942/1904 1507/1961/1923 1555/1962/1924
f 1508/1942/1904 1555/1962/1924 1556/1943/1905
f 1556/1943/1905 1555/1962/1924 1603/1963/1925
f 1556/1943/1905 1603/1963/1925 1604/1944/1906
f 1604/1944/1906 1603/1963/1925 1651/1964/1926
f 1604/1944/1906 1651/1964/1926 1652/1945/1907
f 1652/1945/1907 1651/1964/1926 1699/1965/1927
f 1652/1945/1907 1699/1965/1927 1700/1946/1908
f 1700/1946/1908 1699/1965/1927 1747/1966/1928
f 1700/1946/1908 1747/1966/1928 1748/1947/1909
f 1748/1947/1909 1747/1966/1928 1795/1967/1929
f 1748/1947/1909 1795/1967/1929 1796/1948/1910
f 1796/1948/1910 1795/1967/1929 1843/500/462
f 1796/1948/1910 1843/500/462 1844/502/464
f 1411/1959/1921 1363/1949/1911 1410/1950/1912
f 1411/1959/1921 1410/1950/1912 1458/1968/1930
f 1458/1968/1930 1410/1950/1912 1457/1951/1913
f 1458/1968/1930 1457/1951/1913 1505/1969/1931
f 1505/1969/1931 1457/1951/1913 1504/1952/1914
f 1505/1969/1931 1504/1952/1914 1552/1970/1932
f 1552/1970/1932 1504/1952/1914 1551/1953/1915
f 1552/1970/1932 1551/1953/1915 1599/1971/1933
f 1599/1971/1933 1551/1953/1915 1598/1954/1916
f 1599/1971/1933 1598/1954/1916 1646/1972/1934
f 1646/1972/1934 1598/1954/1916 1645/1955/1917
f 1646/1972/1934 1645/1955/1917 1693/1973/1935
f 1693/1973/1935 1645/1955/1917 1692/1956/1918
f 1693/1973/1935 1692/1956/1918 1740/1974/1936
f 1740/1974/1936 1692/1956/1918 1739/1957/1919
f 1740/1974/1936 1739/1957/1919 1787/1975/1937
f 1787/1975/1937 1739/1957/1919 1786/1958/1920
f 1787/1975/1937 1786/1958/1920 1834/483/445
f 1834/483/445 1786/1958/1920 1833/481/443
f 1411/1959/1921 1458/1968/1930 1459/1960/1922
f 1459/1960/1922 1458/1968/1930 1506/1976/1938
f 1459/1960/1922 1506/1976/1938 1507/1961/1923
f 1507/1961/1923 1506/1976/1938 1554/1977/1939
f 1507/1961/1923 1554/1977/1939 1555/1962/1924
f 1555/1962/1924 1554/1977/1939 1602/1978/1940
f 1555/1962/1924 1602/1978/1940 1603/1963/1925
f 1603/1963/1925 1602/1978/1940 1650/1979/1941
f 1603/1963/1925 1650/1979/1941 1651/1964/1926
f 1651/1964/1926 1650/1979/1941 1698/1980/1942
f 1651/1964/1926 1698/1980/1942 1699/1965/1927
f 1699/1965/1927 1698/1980/1942 1746/1981/1943
f 1699/1965/1927 1746/1981/1943 1747/1966/1928
f 1747/1966/1928 1746/1981/1943 1794/1982/1944
f 1747/1966/1928 1794/1982/1944 1795/1967/1929
f 1795/1967/1929 1794/1982/1944 1842/498/460
f 1795/1967/1929 1842/498/460 1843/500/462
f 1506/1976/1938 1458/1968/1930 1505/1969/1931
f 1506/1976/1938 1505/1969/1931 1553/1983/1945
f 1553/1983/1945 1505/1969/1931 1552/1970/1932
f 1553/1983/1945 1552/1970/1932 1600/1984/1946
f 1600/1984/1946 1552/1970/1932 1599/1971/1933
f 1600/1984/1946 1599/1971/1933 1647/1985/1947
f 1647/1985/1947 1599/1971/1933 1646/1972/1934
f 1647/1985/1947 1646/1972/1934 1694/1986/1948
f 1694/1986/1948 1646/1972/1934 1693/1973/1935
f 1694/1986/1948 1693/1973/1935 1741/1987/1949
f 1741/1987/1949 1693/1973/1935 1740/1974/1936
f 1741/1987/1949 1740/1974/1936 1788/1988/1950
f 1788/1988/1950 1740/1974/1936 1787/1975/1937
f 1788/1988/1950 1787/1975/1937 1835/485/447
f 1835/485/447 1787/1975/1937 1834/483/445
f 1506/1976/1938 1553/1983/1945 1554/1977/1939
f 1554/1977/1939 1553/1983/1945 1601/1989/1951
f 1554/1977/1939 1601/1989/1951 1602/1978/1940
f 1602/1978/1940 1601/1989/1951 1649/1990/1952
f 1602/1978/1940 1649/1990/1952 1650/1979/1941
f 1650/1979/1941 1649/1990/1952 1697/1991/1953
f 1650/1979/1941 1697/1991/1953 1698/1980/1942
f 1698/1980/1942 1697/1991/1953 1745/1992/1954
f 1698/1980/1942 1745/1992/1954 1746/1981/1943
f 1746/1981/1943 1745/1992/1954 1793/1993/1955
f 1746/1981/1943 1793/1993/1955 1794/1982/1944
f 1794/1982/1944 1793/1993/1955 1841/497/459
f 1794/1982/1944 1841/497/459 1842/498/460
f 1842/498/460 1841/497/459 40/1994/1956
f 1601/1989/1951 1553/1983/1945 1600/1984/1946
f 1601/1989/1951 1600/1984/1946 1648/1995/1957
f 1648/1995/1957 1600/1984/1946 1647/1985/1947
f 1648/1995/1957 1647/1985/1947 1695/1996/1958
f 1695/1996/1958 1647/1985/1947 1694/1986/1948
f 1695/1996/1958 1694/1986/1948 1742/1997/1959
f 1742/1997/1959 1694/1986/1948 1741/1987/1949
f 1742/1997/1959 1741/1987/1949 1789/1998/1960
f 1789/1998/1960 1741/1987/1949 1788/1988/1950
f 1789/1998/1960 1788/1988/1950 1836/487/449
f 1836/487/449 1788/1988/1950 1835/485/447
f 1601/1989/1951 1648/1995/1957 1649/1990/1952
f 1649/1990/1952 1648/1995/1957 1696/1999/1961
f 1649/1990/1952 1696/1999/1961 1697/1991/1953
f 1697/1991/1953 1696/1999/1961 1744/2000/1962
f 1697/1991/1953 1744/2000/1962 1745/1992/1954
f 1745/1992/1954 1744/2000/1962 1792/2001/1963
f 1745/1992/1954 1792/2001/1963 1793/1993/1955
f 1793/1993/1955 1792/2001/1963 1840/495/457
f 1793/1993/1955 1840/495/457 1841/497/459
f 1696/1999/1961 1648/1995/1957 1695/1996/1958
f 1696/1999/1961 1695/1996/1958 1743/2002/1964
f 1743/2002/1964 1695/1996/1958 1742/1997/1959
f 1743/2002/1964 1742/1997/1959 1790/2003/1965
f 1790/2003/1965 1742/1997/1959 1789/1998/1960
f 1790/2003/1965 1789/1998/1960 1837/489/451
f 1837/489/451 1789/1998/1960 1836/487/449
f 1696/1999/1961 1743/2002/1964 1744/2000/1962
f 1744/2000/1962 1743/2002/1964 1791/2004/1966
f 1744/2000/1962 1791/2004/1966 1792/2001/1963
f 1792/2001/1963 1791/2004/1966 1839/493/455
f 1792/2001/1963 1839/493/455 1840/495/457
f 1791/2004/1966 1743/2002/1964 1790/2003/1965
f 1837/489/451 1838/491/453 1790/2003/1965
f 1790/2003/1965 1838/491/453 1791/2004/1966
f 1838/491/453 1839/493/455 1791/2004/1966
# 1873 vertices
# 2004 texture params
# 1966 normals
# 3742 facets

# 1 groups
